CustomerID,Churn,ChurnProbability,RiskLevel
13452.0,1,0.905097952986339,High
16349.0,1,0.900987565265291,High
13391.0,1,0.8998458779225664,High
14351.0,1,0.8998458779225664,High
13185.0,1,0.8952054240364221,High
16078.0,1,0.8952054240364221,High
13747.0,1,0.8952054240364221,High
13302.0,1,0.8952054240364221,High
17747.0,1,0.8952054240364221,High
13106.0,1,0.8952054240364221,High
14821.0,1,0.8917531548552066,High
16257.0,1,0.8868693602165184,High
13682.0,1,0.8824568653206433,High
13011.0,1,0.8824568653206433,High
15510.0,1,0.8780835417777673,High
14393.0,1,0.8725287646694707,High
13703.0,1,0.8706548775840142,High
16344.0,1,0.8706548775840142,High
18068.0,1,0.8706548775840142,High
16144.0,1,0.8699244218047154,High
17331.0,1,0.8699244218047154,High
12401.0,1,0.849248458699583,High
12353.0,1,0.849248458699583,High
15823.0,1,0.8491823154412163,High
17956.0,1,0.8491823154412163,High
13307.0,1,0.8491823154412163,High
13132.0,1,0.8463128821654115,High
14373.0,1,0.8463128821654115,High
17536.0,1,0.8463128821654115,High
12908.0,1,0.8407663500750094,High
13841.0,1,0.839612213768226,High
16716.0,1,0.8375136369122138,High
14957.0,1,0.8356404356029389,High
16339.0,1,0.835155785344371,High
15504.0,0,0.8329544820957551,High
16429.0,1,0.8293579981844967,High
15098.0,1,0.8265089795072917,High
12881.0,1,0.8238430404085443,High
15940.0,1,0.8229681217709551,High
16765.0,1,0.8229681217709551,High
17291.0,1,0.8178886350621473,High
17029.0,1,0.8145452043469115,High
18113.0,1,0.8143640810621845,High
14090.0,1,0.8143640810621845,High
16148.0,1,0.8143640810621845,High
15668.0,1,0.8143640810621845,High
17263.0,1,0.8143293053333676,High
14542.0,1,0.812704585846758,High
13144.0,1,0.812704585846758,High
18227.0,1,0.812704585846758,High
14185.0,1,0.8117176373797909,High
12665.0,1,0.8102715828313658,High
15899.0,1,0.8102715828313658,High
14840.0,1,0.8102715828313658,High
17174.0,1,0.8102715828313658,High
13832.0,0,0.8102715828313658,High
14816.0,1,0.8088512691578716,High
15266.0,1,0.8045042447707491,High
15395.0,1,0.8045042447707491,High
17709.0,1,0.8045042447707491,High
15397.0,1,0.8045042447707491,High
14795.0,1,0.8045042447707491,High
16738.0,1,0.8044848230441177,High
13551.0,1,0.8039603989271408,High
14148.0,1,0.8020529194934852,High
15070.0,1,0.7981941347903667,High
15562.0,1,0.7981941347903667,High
18268.0,1,0.7975310940489474,High
17102.0,1,0.7975310940489474,High
14589.0,1,0.7959420708020865,High
13130.0,1,0.7956582887355903,High
16990.0,1,0.7941005789036546,High
14705.0,1,0.7941005789036546,High
17948.0,1,0.7838067831584187,High
17309.0,1,0.7837407728731558,High
18184.0,0,0.783333743408589,High
16162.0,1,0.7806951754388929,High
17960.0,1,0.7791733589819912,High
15313.0,1,0.7782007090492629,High
13684.0,1,0.7781079666680967,High
17906.0,1,0.7780997127489876,High
12789.0,0,0.7780690444317349,High
15316.0,1,0.777187687761884,High
15753.0,1,0.7748618138066674,High
15422.0,1,0.7741833625359081,High
17775.0,1,0.7738148303507283,High
17925.0,1,0.7714380967212385,High
12506.0,1,0.7683956912541398,High
16926.0,1,0.7680135146736408,High
15083.0,1,0.7621657419953352,High
14760.0,1,0.7621657419953352,High
15729.0,1,0.7621657419953352,High
16468.0,0,0.7580175925800549,High
17942.0,0,0.7580175925800549,High
18050.0,1,0.7580175925800549,High
12755.0,1,0.7561379777287653,High
13584.0,1,0.7541192984059039,High
12875.0,1,0.7538554359822042,High
16789.0,0,0.7527316102070103,High
15180.0,1,0.752426726493151,High
18133.0,1,0.7480529232825842,High
17844.0,1,0.7456064456102809,High
16832.0,1,0.7426307748865039,High
13161.0,1,0.7422850089486177,High
17881.0,1,0.7422850089486177,High
16658.0,1,0.7422850089486177,High
12929.0,1,0.7422850089486177,High
16849.0,1,0.7422850089486177,High
15843.0,1,0.7422850089486177,High
18032.0,1,0.7406480961129539,High
13967.0,1,0.7406480961129539,High
18138.0,1,0.7388382746941066,High
14237.0,1,0.7388382746941066,High
14368.0,1,0.7388382746941066,High
17887.0,1,0.7388314114623477,High
13581.0,1,0.7388314114623477,High
17939.0,1,0.7388314114623477,High
13059.0,1,0.73585198693915,High
14693.0,1,0.73585198693915,High
13270.0,1,0.7355691015726369,High
13809.0,1,0.7353549557706551,High
14437.0,1,0.7352878255464275,High
18120.0,1,0.735064989962087,High
12956.0,1,0.735064989962087,High
14972.0,1,0.735064989962087,High
13781.0,1,0.735064989962087,High
13067.0,0,0.735064989962087,High
17038.0,0,0.735064989962087,High
17654.0,1,0.735064989962087,High
16697.0,1,0.735064989962087,High
14536.0,1,0.7323432668149504,High
15307.0,1,0.7323432668149504,High
16591.0,0,0.7323432668149504,High
13194.0,1,0.7320749466204225,High
13299.0,1,0.7313907388966147,High
13135.0,1,0.7301957382868257,High
13420.0,1,0.7296867846269182,High
16587.0,1,0.729114843234052,High
13244.0,1,0.7280104090137162,High
15537.0,1,0.7280104090137162,High
16498.0,1,0.7266071693605834,High
13932.0,1,0.7261101928740646,High
15649.0,1,0.7246679243239322,High
16792.0,1,0.723338436582162,High
14424.0,0,0.7214115921310352,High
15917.0,1,0.7205923652733778,High
13686.0,1,0.7202144422777711,High
17900.0,1,0.7193781911997523,High
17443.0,1,0.7192626511527715,High
17781.0,1,0.7164712949640749,High
12378.0,1,0.7153605296588087,High
14104.0,1,0.7153215079435913,High
13218.0,1,0.7147531659037807,High
14264.0,1,0.7141571133819579,High
15802.0,1,0.7139008892705961,High
17382.0,0,0.713567872519178,High
14117.0,1,0.7116657296948705,High
13133.0,1,0.7098230386304075,High
13470.0,1,0.7078001783406148,High
16737.0,0,0.7068690034042727,High
15524.0,0,0.7055336022257367,High
18233.0,1,0.7055336022257367,High
16754.0,1,0.7042476745716745,High
14661.0,0,0.7038163009273181,High
14371.0,1,0.7038163009273181,High
15042.0,1,0.7038163009273181,High
15212.0,1,0.7038163009273181,High
13948.0,1,0.7038163009273181,High
16679.0,1,0.7038163009273181,High
17427.0,0,0.7038163009273181,High
16623.0,1,0.7038163009273181,High
17877.0,1,0.7027154401702942,High
14199.0,1,0.7024656330075586,High
15442.0,1,0.7017555844951279,High
12917.0,1,0.7017555844951279,High
15216.0,0,0.7006303143126739,High
14068.0,1,0.699855952991403,High
15389.0,1,0.6989988247545876,High
18174.0,0,0.6977344536632631,High
16073.0,1,0.6977344536632631,High
16952.0,1,0.6968699359864723,High
16323.0,1,0.6963680160342952,High
17923.0,1,0.6963680160342952,High
13017.0,0,0.6963680160342952,High
15552.0,1,0.6937442725396904,High
13778.0,1,0.6937112405462574,High
15852.0,1,0.6936772439424435,High
17647.0,0,0.692651465074621,High
13807.0,1,0.692651465074621,High
13876.0,0,0.692651465074621,High
16963.0,1,0.692651465074621,High
17746.0,1,0.692651465074621,High
14143.0,1,0.692651465074621,High
15958.0,0,0.692651465074621,High
14813.0,1,0.6920472818745924,High
15118.0,1,0.6914771346605524,High
12791.0,1,0.6912969813946279,High
16881.0,0,0.6903847264515017,High
17852.0,0,0.6903760449186344,High
12622.0,1,0.6898786673222381,High
13411.0,1,0.6898786673222381,High
15262.0,1,0.6898786673222381,High
12641.0,1,0.6898786673222381,High
17935.0,1,0.6893019379122707,High
14483.0,1,0.6881298225462907,High
14981.0,1,0.6881298225462907,High
13938.0,0,0.6870297952413389,High
17347.0,0,0.6847935719185365,High
14647.0,1,0.6834614178527364,High
15565.0,0,0.6826626696305087,High
15135.0,1,0.6821943725454284,High
17715.0,1,0.681960870786225,High
17972.0,1,0.6815351502777578,High
17165.0,1,0.6803705816352156,High
13296.0,1,0.6791452014004236,High
13514.0,0,0.6790337086910643,High
17194.0,1,0.6787857375900784,High
17186.0,0,0.6782045789872474,High
12732.0,1,0.6770788230674666,High
16583.0,1,0.6770788230674666,High
16829.0,1,0.6770080048847134,High
12551.0,1,0.6770080048847134,High
13416.0,0,0.6763112710441195,High
13484.0,1,0.676294466428977,High
17628.0,0,0.6741680892645323,High
16483.0,1,0.674030168734245,High
13366.0,0,0.6736765185171522,High
13348.0,0,0.6731785872528946,High
16961.0,1,0.6731785872528946,High
17946.0,1,0.6728922526086405,High
16866.0,1,0.6723143427648842,High
13992.0,0,0.6707733045732063,High
15092.0,1,0.6706636102385107,High
17553.0,1,0.6697078651684191,High
18042.0,0,0.6694289772637008,High
16319.0,1,0.669246871079772,High
13099.0,1,0.6685869970477334,High
16976.0,1,0.6684777134221268,High
12574.0,1,0.6681986443399103,High
17789.0,1,0.6673682389018177,High
16315.0,1,0.6673682389018177,High
14569.0,0,0.6673682389018177,High
14793.0,0,0.6673682389018177,High
12672.0,1,0.6673682389018177,High
12402.0,1,0.6673682389018177,High
16171.0,0,0.6671318773417437,High
16302.0,1,0.6667826878576234,High
14772.0,1,0.6666804617096892,High
15724.0,1,0.6666526876531174,High
17995.0,1,0.6664867836572206,High
13072.0,1,0.6648894718493442,High
15219.0,1,0.6645657241682043,High
17732.0,1,0.6639943227786979,High
17142.0,1,0.6637132813563054,High
18209.0,0,0.6632466326241241,High
17668.0,0,0.6628885015497937,High
15100.0,1,0.662833090345735,High
15388.0,1,0.6626741247712618,High
13070.0,1,0.6620088461425707,High
14248.0,1,0.6614528360459909,High
17643.0,1,0.661328820612515,High
13279.0,0,0.661328820612515,High
13699.0,1,0.660546911238196,High
14924.0,1,0.660546911238196,High
17850.0,1,0.6603595187418211,High
17212.0,1,0.6593772868317537,High
12902.0,1,0.6592201197919332,High
16610.0,1,0.6589664349053377,High
15691.0,1,0.6589646251742892,High
14041.0,1,0.658317329193975,High
13561.0,1,0.658317329193975,High
16527.0,0,0.6579751653956447,High
12834.0,1,0.6574159535764409,High
16956.0,0,0.6574159535764409,High
15699.0,0,0.6574159535764409,High
15659.0,0,0.6574159535764409,High
16810.0,1,0.6574159535764409,High
16781.0,1,0.6574159535764409,High
15226.0,1,0.6572992376489208,High
15464.0,1,0.6572973513306851,High
13364.0,0,0.6572912255428625,High
15663.0,1,0.6572779402763325,High
15045.0,1,0.6569094726968141,High
15973.0,1,0.6568514259466833,High
16048.0,1,0.6561267733343102,High
16858.0,1,0.6559075763070725,High
16998.0,1,0.6557251582167486,High
17763.0,1,0.6554678374010798,High
16093.0,1,0.6554678374010798,High
14495.0,0,0.6554027383872347,High
16217.0,1,0.6552804198202147,High
17854.0,1,0.6552804198202147,High
17862.0,1,0.6549117938622417,High
15488.0,1,0.654810135019336,High
14436.0,1,0.6542277950891122,High
16619.0,1,0.6539621180888593,High
15528.0,1,0.6539621180888593,High
14327.0,1,0.6533998012298523,High
17120.0,1,0.6533998012298523,High
15623.0,1,0.6533998012298523,High
13060.0,1,0.6533998012298523,High
14311.0,1,0.6533998012298523,High
13369.0,1,0.6533998012298523,High
12785.0,1,0.6533998012298523,High
14847.0,1,0.6533998012298523,High
17506.0,0,0.6533998012298523,High
12852.0,1,0.6533998012298523,High
18224.0,1,0.653238791791359,High
15007.0,1,0.653238791791359,High
16072.0,1,0.6531145277742664,High
18281.0,1,0.6525086266456982,High
13711.0,1,0.6520597892805143,High
16114.0,1,0.6519727755325448,High
12953.0,0,0.6518393754398639,High
17697.0,1,0.6518393754398639,High
14932.0,1,0.6518393754398639,High
14747.0,1,0.6518393754398639,High
15343.0,0,0.6518393754398639,High
16177.0,0,0.6518393754398639,High
12614.0,1,0.6518393754398639,High
14682.0,1,0.651509005608474,High
15909.0,1,0.6515056027050601,High
16545.0,1,0.6512705329845908,High
13223.0,1,0.6510891505174947,High
12888.0,1,0.6508588564065869,High
12384.0,0,0.6500180959019383,High
14114.0,1,0.6486030566148279,High
16509.0,1,0.6483333034167557,High
13403.0,0,0.6483175332828789,High
16526.0,1,0.6481150437280824,High
16828.0,1,0.6472868663852026,High
15619.0,0,0.6465766674610143,High
12873.0,1,0.6465766674610143,High
15970.0,1,0.6458908367381364,High
18066.0,0,0.6451502107901778,High
12489.0,1,0.6451502107901778,High
16183.0,0,0.6451502107901778,High
17438.0,1,0.6451502107901778,High
12690.0,1,0.6451502107901778,High
13242.0,1,0.6447503814593666,High
13716.0,1,0.64474061106451,High
18011.0,1,0.644716373371929,High
16117.0,1,0.6441163682981369,High
15609.0,1,0.6440488919673771,High
16104.0,0,0.6440488919673771,High
17531.0,1,0.6440488919673771,High
18215.0,0,0.6440488919673771,High
15396.0,1,0.6440488919673771,High
16125.0,1,0.6440488919673771,High
17374.0,1,0.643820670919359,High
13512.0,1,0.642916560763498,High
15346.0,1,0.642916560763498,High
17752.0,1,0.6427662976933474,High
13227.0,1,0.6420615815207448,High
13006.0,0,0.641767698658715,High
17620.0,0,0.641767698658715,High
18084.0,0,0.6416962113755957,High
15469.0,0,0.6412868387478549,High
17138.0,1,0.6410687726374545,High
14804.0,0,0.6410687726374545,High
15363.0,1,0.6410687726374545,High
15922.0,1,0.6410687726374545,High
17222.0,0,0.6410687726374545,High
13343.0,1,0.6410687726374545,High
17239.0,1,0.6410687726374545,High
12544.0,0,0.6410687726374545,High
14950.0,0,0.6410687726374545,High
14304.0,1,0.6410687726374545,High
14870.0,1,0.6410687726374545,High
13833.0,1,0.6410687726374545,High
14537.0,0,0.6410687726374545,High
14622.0,1,0.6410687726374545,High
12733.0,1,0.6410687726374545,High
12515.0,1,0.6410687726374545,High
13887.0,1,0.6410687726374545,High
13351.0,0,0.6410687726374545,High
13345.0,1,0.6410687726374545,High
17859.0,1,0.6405747829377786,High
12736.0,1,0.6404022528080907,High
15468.0,0,0.6403574781660081,High
18030.0,0,0.6402868557982059,High
16971.0,0,0.6402591959428934,High
17253.0,0,0.6402356648318014,High
18203.0,1,0.6393116323127392,High
16812.0,1,0.6391682932669887,High
16181.0,0,0.639131047062349,High
17094.0,1,0.639131047062349,High
18048.0,1,0.6387706108323776,High
16091.0,1,0.6383041527496224,High
17556.0,1,0.6372917882798382,High
14566.0,1,0.6372337343931753,High
14642.0,0,0.637167300038407,High
12968.0,1,0.6371368261692106,High
17330.0,0,0.6367076176963702,High
18078.0,1,0.6364649574033958,High
14438.0,1,0.6357712436756937,High
13638.0,0,0.6357712436756937,High
16913.0,1,0.6357712436756937,High
14699.0,1,0.6357712436756937,High
12651.0,1,0.6357712436756937,High
16006.0,1,0.6357712436756937,High
17148.0,0,0.6357712436756937,High
15258.0,1,0.63548577177622,High
18261.0,0,0.6351367744771074,High
17941.0,1,0.635062961699727,High
18220.0,1,0.635062961699727,High
15119.0,1,0.6347807109364318,High
12884.0,0,0.6344465809872938,High
15063.0,1,0.6342103740950643,High
16647.0,1,0.6338419427891362,High
13786.0,1,0.6338186778574277,High
13751.0,1,0.6337954021563821,High
18190.0,1,0.6329652139967143,High
15541.0,1,0.6326617319816482,High
14479.0,1,0.6325477879896562,High
13260.0,0,0.6324177768295562,High
17415.0,0,0.6323729814752542,High
15581.0,1,0.6323360742691494,High
16611.0,1,0.6321946639824566,High
16665.0,1,0.6321946639824566,High
17117.0,1,0.6321946639824566,High
14280.0,1,0.6321946639824566,High
17455.0,1,0.6321946639824566,High
18277.0,0,0.6321946639824566,High
15447.0,1,0.631606964148292,High
16351.0,1,0.631606964148292,High
15348.0,0,0.631606964148292,High
14406.0,1,0.631606964148292,High
17698.0,1,0.631606964148292,High
14271.0,1,0.6315986880352285,High
14889.0,1,0.6315986880352285,High
12816.0,1,0.6312369108436529,High
16430.0,0,0.6312092923334962,High
14727.0,1,0.6312000468627307,High
13806.0,0,0.6312000468627307,High
17122.0,1,0.630404699102717,High
14494.0,0,0.630404699102717,High
17718.0,1,0.630404699102717,High
16227.0,1,0.6303600766084594,High
16211.0,0,0.6303255088941259,High
12686.0,1,0.6301887189294382,High
14423.0,1,0.62940674768535,High
14162.0,1,0.6290769626316146,High
14431.0,1,0.6282292687971266,High
17053.0,1,0.6282292687971266,High
15109.0,1,0.6282292687971266,High
18159.0,1,0.6282292687971266,High
15193.0,0,0.6282292687971266,High
15149.0,1,0.6282292687971266,High
17060.0,1,0.6280217440502157,High
16178.0,1,0.6280118646216611,High
17574.0,1,0.6280118646216611,High
17245.0,1,0.6280118646216611,High
17791.0,0,0.6280051090516925,High
13973.0,1,0.6279508672989036,High
12966.0,0,0.6274146602165628,High
15263.0,1,0.6274146602165628,High
17714.0,1,0.6274146602165628,High
14689.0,1,0.6270664058391691,High
13226.0,1,0.6270664058391691,High
18027.0,1,0.6270664058391691,High
16586.0,1,0.6270184370280311,High
16179.0,0,0.6269812644855918,High
15705.0,1,0.6268063550841942,High
14386.0,1,0.6268063550841942,High
12532.0,0,0.6265824939973098,High
13976.0,1,0.6265824939973098,High
17492.0,1,0.6265824939973098,High
16096.0,1,0.6265824939973098,High
17958.0,1,0.6261948396364747,High
17601.0,1,0.6259859620608668,High
17349.0,1,0.6259859620608668,High
13101.0,1,0.6259859620608668,High
13649.0,1,0.6250992557224501,High
16510.0,1,0.6249265711927516,High
13002.0,1,0.6247984147845167,High
14582.0,0,0.6247984147845167,High
12734.0,1,0.6247330849863458,High
14457.0,1,0.6247330849863458,High
17279.0,0,0.6244041042251058,High
18169.0,0,0.6244041042251058,High
15758.0,0,0.6244041042251058,High
13690.0,0,0.6244041042251058,High
18278.0,0,0.6244041042251058,High
16752.0,1,0.6244041042251058,High
13519.0,0,0.6239613588894166,High
17217.0,1,0.6239613588894166,High
16055.0,1,0.6239613588894166,High
13229.0,1,0.6238045773621838,High
12361.0,1,0.6238030165870925,High
16448.0,1,0.6238030165870925,High
16097.0,1,0.6238030165870925,High
15888.0,0,0.6238030165870925,High
15925.0,1,0.6238030165870925,High
15895.0,1,0.6238030165870925,High
16338.0,1,0.6238030165870925,High
15670.0,1,0.6238030165870925,High
13826.0,1,0.6238030165870925,High
13436.0,0,0.6238030165870925,High
16680.0,0,0.6238030165870925,High
13295.0,1,0.6238030165870925,High
13284.0,1,0.6238030165870925,High
13065.0,1,0.6238030165870925,High
14355.0,1,0.6238030165870925,High
13033.0,1,0.6238030165870925,High
13858.0,0,0.6238030165870925,High
15016.0,1,0.6238030165870925,High
16847.0,0,0.6238030165870925,High
15554.0,1,0.6238030165870925,High
13663.0,1,0.6238030165870925,High
18274.0,0,0.6238030165870925,High
12586.0,0,0.6238030165870925,High
12430.0,0,0.6237869639810444,High
13127.0,0,0.6237869639810444,High
12797.0,1,0.6237869639810444,High
15143.0,1,0.6237869639810444,High
14863.0,0,0.6237869639810444,High
16451.0,0,0.6237869639810444,High
15578.0,1,0.6234549737689702,High
17785.0,0,0.6234549737689702,High
18105.0,0,0.6234549737689702,High
14247.0,1,0.6234549737689702,High
15017.0,0,0.6234549737689702,High
13193.0,0,0.6234549737689702,High
14413.0,1,0.6234549737689702,High
12531.0,0,0.6234549737689702,High
18129.0,1,0.6234549737689702,High
14453.0,1,0.6234549737689702,High
18058.0,0,0.6232148450296499,High
17128.0,1,0.6228616399091857,High
15257.0,1,0.6218315170679278,High
15944.0,1,0.6218315170679278,High
17538.0,0,0.6218133119985365,High
12938.0,0,0.6218133119985365,High
16581.0,1,0.6218133119985365,High
16124.0,1,0.6213069314580345,High
12821.0,1,0.6212198911674132,High
15198.0,1,0.6209219855141405,High
14196.0,1,0.6206102096313317,High
14570.0,1,0.6202384988581697,High
15432.0,0,0.620179124124003,High
17343.0,1,0.620179124124003,High
18010.0,1,0.620179124124003,High
18280.0,1,0.620179124124003,High
12588.0,0,0.620179124124003,High
14974.0,0,0.6197916822822213,High
13508.0,1,0.6197344315082798,High
12837.0,1,0.6197344315082798,High
15836.0,0,0.6197344315082798,High
17496.0,1,0.6194171822155619,High
15774.0,0,0.6194171822155619,High
18108.0,1,0.6194171822155619,High
13177.0,0,0.6194171822155619,High
17836.0,0,0.6186280967809467,High
17274.0,0,0.6186280967809467,High
17219.0,0,0.6186280967809467,High
14174.0,0,0.6186280967809467,High
15543.0,1,0.6186280967809467,High
13631.0,1,0.6185012827182211,High
18249.0,0,0.6182237143840782,High
12977.0,1,0.6182056079083504,High
14326.0,1,0.618143327530549,High
13061.0,0,0.6180233376926298,High
13960.0,0,0.6180203752708131,High
13937.0,1,0.6175854381708799,High
15174.0,1,0.6175770377828854,High
15844.0,0,0.6175770377828854,High
17517.0,1,0.6175399284015712,High
12756.0,0,0.6168990895686609,High
14517.0,0,0.6168140855534281,High
17409.0,1,0.6167678894865226,High
17737.0,0,0.6165797774062988,High
17615.0,1,0.6162925825890339,High
15355.0,0,0.6159377522086443,High
15374.0,1,0.6153686685745046,High
12893.0,0,0.6153361634203556,High
15052.0,1,0.6153361634203556,High
15454.0,1,0.6153361634203556,High
13737.0,1,0.6152573186822959,High
17901.0,0,0.6151451274547977,High
16412.0,0,0.6149851220979352,High
14165.0,1,0.6149851220979352,High
13877.0,0,0.6148309127535749,High
12573.0,1,0.6143866967952814,High
16457.0,1,0.6139371428383322,High
14059.0,1,0.6139371428383322,High
12831.0,1,0.6139371428383322,High
17650.0,0,0.6139371428383322,High
13513.0,1,0.6138914703378238,High
16433.0,0,0.6138914703378238,High
16282.0,1,0.6138914703378238,High
17670.0,1,0.6138914703378238,High
16403.0,1,0.6138914703378238,High
15412.0,1,0.6138914703378238,High
17153.0,0,0.6138914703378238,High
14476.0,1,0.6138914703378238,High
17691.0,1,0.6135839493410932,High
13898.0,1,0.6133312548133119,High
12738.0,1,0.6133312548133119,High
12995.0,0,0.6132974087845849,High
16189.0,0,0.6132013995947931,High
15923.0,1,0.612977956785638,High
17893.0,1,0.612977956785638,High
17237.0,0,0.6128162585139393,High
13328.0,1,0.6125473690900991,High
14908.0,0,0.6125211622126925,High
12923.0,0,0.6116814818657734,High
14100.0,1,0.6116814818657734,High
15292.0,1,0.6116814818657734,High
12564.0,1,0.6116713946800348,High
14300.0,0,0.6114923129022326,High
15178.0,1,0.6114923129022326,High
15935.0,1,0.610884661938842,High
12535.0,1,0.6108795710126464,High
16569.0,0,0.6108279467928417,High
16424.0,1,0.6108279467928417,High
15438.0,1,0.6107287011185211,High
12346.0,1,0.6101000621760266,High
12441.0,1,0.6096680251682939,High
18099.0,1,0.6096680251682939,High
15327.0,0,0.6096680251682939,High
16846.0,0,0.6096680251682939,High
14964.0,1,0.6096680251682939,High
17187.0,1,0.6096680251682939,High
17010.0,0,0.6096680251682939,High
15683.0,1,0.6096680251682939,High
15692.0,0,0.6096680251682939,High
13262.0,1,0.6096680251682939,High
13482.0,1,0.6096680251682939,High
14241.0,1,0.6096680251682939,High
15886.0,0,0.6096680251682939,High
15820.0,1,0.6096680251682939,High
16499.0,1,0.6095432210009605,High
17895.0,0,0.6093571820557919,High
14295.0,0,0.6092886333150211,High
16552.0,1,0.609036331582519,High
15423.0,0,0.6089268406558141,High
14089.0,0,0.6087134644068534,High
14799.0,0,0.6087134644068534,High
15160.0,1,0.6085404649425128,High
17767.0,0,0.6082463779061926,High
12750.0,1,0.6082463779061926,High
14480.0,0,0.6082463779061926,High
13803.0,1,0.6082463779061926,High
15350.0,1,0.6071577778313604,High
16542.0,0,0.6071577778313604,High
15168.0,0,0.6071577778313604,High
13522.0,0,0.6071577778313604,High
16363.0,0,0.6071577778313604,High
14259.0,1,0.6071577778313604,High
14962.0,1,0.6071577778313604,High
15445.0,1,0.6071577778313604,High
17548.0,1,0.6071577778313604,High
16598.0,1,0.6070984258672796,High
13572.0,1,0.6063912048666134,High
14208.0,1,0.6062132502161391,High
18213.0,1,0.6058983499634663,High
15703.0,1,0.6056133204519231,High
15593.0,0,0.6056133204519231,High
16914.0,0,0.6053426740776545,High
14082.0,1,0.6053426740776545,High
16017.0,0,0.6053426740776545,High
14967.0,0,0.6046883770707199,High
12980.0,1,0.6045082230451991,High
12450.0,1,0.6044817049685838,High
15457.0,1,0.6044013497225899,High
14619.0,1,0.6041321747966265,High
12891.0,1,0.6036493763647033,High
12548.0,1,0.6035177718911889,High
13497.0,1,0.603304672412433,High
15224.0,1,0.6028674699466028,High
13947.0,0,0.6027526330472791,High
14474.0,0,0.6020676320229486,High
15347.0,1,0.6013379660760294,High
14722.0,1,0.6010864824182098,High
13859.0,1,0.6010864824182098,High
13322.0,0,0.6010864824182098,High
17582.0,1,0.6010864824182098,High
17233.0,0,0.6010864824182098,High
17542.0,1,0.6010864824182098,High
13298.0,0,0.6009466654339743,High
14512.0,1,0.6007748997156025,High
16659.0,1,0.6004345942562694,High
16278.0,1,0.6002938128027018,High
17525.0,1,0.5998107857159973,Medium
14024.0,1,0.5995844390695956,Medium
14882.0,0,0.5993146159789835,Medium
14641.0,0,0.5981591654698264,Medium
16757.0,1,0.5981591654698264,Medium
16106.0,0,0.5981591654698264,Medium
18255.0,0,0.5981591654698264,Medium
15004.0,1,0.5970629687256352,Medium
13228.0,0,0.5966632231185519,Medium
17206.0,0,0.5966028353221865,Medium
16190.0,0,0.5966028353221865,Medium
13922.0,1,0.5966028353221865,Medium
18269.0,1,0.5966028353221865,Medium
12659.0,0,0.5963642518903937,Medium
14053.0,1,0.5963290687841977,Medium
12962.0,0,0.596282821046231,Medium
13146.0,0,0.5962694934384759,Medium
17110.0,1,0.5962437888599287,Medium
15733.0,1,0.5962437888599287,Medium
13645.0,1,0.5958580871189174,Medium
13187.0,1,0.5956059965028858,Medium
15345.0,0,0.5954883816939515,Medium
17603.0,0,0.5954883816939515,Medium
14145.0,0,0.5953422728354472,Medium
15775.0,1,0.5944488451534136,Medium
14345.0,0,0.5944488451534136,Medium
16988.0,0,0.5944488451534136,Medium
14340.0,1,0.5944488451534136,Medium
15610.0,0,0.5944488451534136,Medium
16516.0,0,0.5944488451534136,Medium
17639.0,1,0.5944488451534136,Medium
15256.0,1,0.5944488451534136,Medium
17325.0,1,0.5944488451534136,Medium
14027.0,0,0.5944488451534136,Medium
14890.0,1,0.5944488451534136,Medium
16959.0,0,0.5944488451534136,Medium
17163.0,0,0.5942295104035397,Medium
14184.0,0,0.5939187998368451,Medium
17708.0,1,0.5930687155745465,Medium
16413.0,0,0.5929881638971689,Medium
13723.0,1,0.5928879253223102,Medium
17879.0,1,0.5928879253223102,Medium
12509.0,1,0.5928879253223102,Medium
14576.0,1,0.5923440778893796,Medium
13120.0,1,0.5923440778893796,Medium
13008.0,1,0.5913482508419594,Medium
12812.0,0,0.5913482508419594,Medium
13479.0,1,0.5911448333883045,Medium
15221.0,1,0.5910848700920069,Medium
14658.0,0,0.590978076495478,Medium
17468.0,0,0.5907966073827312,Medium
15709.0,1,0.5901343716257962,Medium
14353.0,1,0.5899974241591627,Medium
13103.0,0,0.5896782633985235,Medium
16163.0,1,0.5895708811051775,Medium
15634.0,0,0.5886110298619712,Medium
18191.0,1,0.5885683392143438,Medium
17701.0,1,0.5884001941977584,Medium
14496.0,1,0.5881929638547054,Medium
17630.0,1,0.5881929638547054,Medium
18086.0,1,0.5880181991887461,Medium
15463.0,0,0.5880181991887461,Medium
16897.0,1,0.5873378218272987,Medium
13273.0,1,0.5864827093033717,Medium
15171.0,1,0.5864595968633587,Medium
14782.0,1,0.5864497473585959,Medium
15734.0,1,0.5863843426433718,Medium
17600.0,0,0.5855130003895807,Medium
17535.0,1,0.5855130003895807,Medium
12547.0,1,0.5854410792419483,Medium
16641.0,1,0.5851637266995162,Medium
14633.0,1,0.5849862910224759,Medium
17896.0,0,0.5849046124490632,Medium
16112.0,1,0.5848021812828267,Medium
12565.0,1,0.5844194104059086,Medium
14109.0,0,0.5844194104059086,Medium
15428.0,0,0.5843222640936865,Medium
18212.0,1,0.5843065716802006,Medium
16198.0,0,0.5840868251510523,Medium
14600.0,1,0.5840868251510523,Medium
16207.0,0,0.5840868251510523,Medium
15523.0,0,0.5840868251510523,Medium
13245.0,0,0.5840868251510523,Medium
13889.0,1,0.5840868251510523,Medium
15930.0,0,0.5840868251510523,Medium
13501.0,1,0.583939935971349,Medium
12764.0,1,0.583939935971349,Medium
14861.0,0,0.583703659249789,Medium
13856.0,1,0.5835345792111704,Medium
15049.0,1,0.583060022494965,Medium
12445.0,0,0.583060022494965,Medium
16617.0,1,0.5828759998428175,Medium
15612.0,0,0.5821856105678502,Medium
13672.0,1,0.5821856105678502,Medium
14789.0,0,0.5821304544460999,Medium
16248.0,0,0.5815878576634991,Medium
15247.0,1,0.5815040713711058,Medium
16565.0,1,0.5814861293333962,Medium
13739.0,0,0.5814861293333962,Medium
12817.0,1,0.5814861293333962,Medium
12814.0,1,0.5810352197536915,Medium
13462.0,1,0.580671162019992,Medium
16337.0,0,0.5800471578074728,Medium
15945.0,1,0.5794591961198301,Medium
16387.0,1,0.5793514268029974,Medium
13929.0,1,0.5785810605954764,Medium
13160.0,0,0.5785722170063612,Medium
17408.0,1,0.5783319567831724,Medium
16756.0,1,0.5781819388196909,Medium
16215.0,0,0.5781819388196909,Medium
16213.0,0,0.5778325190038639,Medium
14066.0,1,0.5778325190038639,Medium
18240.0,0,0.5769508451407327,Medium
12920.0,0,0.5767690607836925,Medium
13933.0,1,0.5757740593788458,Medium
13529.0,0,0.5752743861813485,Medium
14052.0,0,0.5751253571564853,Medium
17860.0,1,0.5751253571564853,Medium
16226.0,1,0.5748910396382862,Medium
17391.0,1,0.5741966803983015,Medium
14238.0,1,0.5741785435893714,Medium
15776.0,1,0.5738390439984005,Medium
18193.0,1,0.5738390439984005,Medium
13886.0,0,0.5738390439984005,Medium
16793.0,0,0.5738390439984005,Medium
12660.0,0,0.5738390439984005,Medium
17684.0,0,0.5738390439984005,Medium
12363.0,1,0.5737895806533498,Medium
17124.0,1,0.5736317858498292,Medium
13642.0,1,0.5735494889217194,Medium
17070.0,1,0.5735494889217194,Medium
17892.0,0,0.5735327881954246,Medium
15165.0,1,0.5731816990328438,Medium
13506.0,1,0.5726499277915792,Medium
12845.0,1,0.5722187805673961,Medium
12974.0,1,0.572065213214782,Medium
15992.0,0,0.5718975686366692,Medium
15748.0,0,0.57153693189012,Medium
17234.0,1,0.57153693189012,Medium
17889.0,1,0.5712776488093225,Medium
15723.0,1,0.5711878708467093,Medium
18110.0,0,0.5711878708467093,Medium
13003.0,1,0.5709299720948104,Medium
16427.0,1,0.570676915324031,Medium
14603.0,1,0.570258872213697,Medium
16769.0,1,0.5701979740005513,Medium
14039.0,0,0.569937939304463,Medium
18217.0,0,0.5696369398683179,Medium
18018.0,1,0.5695592245888329,Medium
14632.0,1,0.5678781641017456,Medium
14357.0,0,0.5675221032360636,Medium
17976.0,1,0.5675058425879822,Medium
12855.0,1,0.5672870057241808,Medium
15526.0,0,0.5671979514300977,Medium
12648.0,1,0.5662017477755805,Medium
13372.0,0,0.5662017477755805,Medium
14012.0,1,0.5662017477755805,Medium
14886.0,1,0.5662017477755805,Medium
16826.0,0,0.5662017477755805,Medium
17551.0,1,0.5661815388171065,Medium
16698.0,1,0.566161455721614,Medium
12592.0,1,0.5656772624117253,Medium
17550.0,1,0.5655432565668358,Medium
17030.0,0,0.565413479468252,Medium
12833.0,1,0.5654069457522553,Medium
14054.0,0,0.5652525564467282,Medium
14098.0,0,0.5650088315687527,Medium
14155.0,1,0.5648973576903222,Medium
16445.0,0,0.5648260028503799,Medium
13474.0,1,0.5648260028503799,Medium
13080.0,1,0.5646792050246625,Medium
12375.0,0,0.5645367529923384,Medium
16239.0,0,0.5639156872819285,Medium
13453.0,1,0.5639105525000355,Medium
14954.0,0,0.5634835092771826,Medium
14549.0,1,0.5634835092771826,Medium
15790.0,0,0.5634023427920033,Medium
14757.0,0,0.5632168859399599,Medium
15222.0,1,0.5630119199090498,Medium
16823.0,1,0.5629918463145657,Medium
18181.0,0,0.5629918463145657,Medium
14988.0,1,0.5629918463145657,Medium
14377.0,1,0.5629177581005665,Medium
13853.0,0,0.562770820105386,Medium
15648.0,1,0.5627443020553279,Medium
15057.0,1,0.5623022953939469,Medium
14652.0,0,0.5608470001481161,Medium
14073.0,0,0.5606333744361254,Medium
15937.0,0,0.5605231153464205,Medium
15717.0,1,0.5605231153464205,Medium
14585.0,0,0.5602246014683427,Medium
14439.0,1,0.5601863520166493,Medium
14029.0,0,0.560166764144005,Medium
14905.0,1,0.5600228508157381,Medium
16250.0,1,0.5598835591513122,Medium
16109.0,1,0.5596779797763352,Medium
12897.0,1,0.5585004996150265,Medium
14620.0,1,0.5578209614436289,Medium
17788.0,0,0.5576467257826135,Medium
13248.0,1,0.5574092721585817,Medium
14124.0,0,0.5570641138311005,Medium
17501.0,1,0.556822674428252,Medium
12498.0,0,0.5567731271857279,Medium
14656.0,1,0.5565924260254016,Medium
16402.0,1,0.5565924260254016,Medium
15381.0,1,0.5564083997929518,Medium
14284.0,0,0.5564083997929518,Medium
16902.0,1,0.5562752058370883,Medium
16986.0,0,0.5561453311278253,Medium
17134.0,1,0.5558777869681883,Medium
17680.0,0,0.5552396845280874,Medium
12618.0,0,0.5552396845280874,Medium
17353.0,1,0.5550963454433361,Medium
18071.0,1,0.5548261581111563,Medium
16861.0,0,0.5545510179583062,Medium
16356.0,1,0.5544575071324553,Medium
12504.0,0,0.5539006709686974,Medium
12818.0,1,0.5532744742413811,Medium
15280.0,1,0.5531215873225215,Medium
17303.0,1,0.5528805228930304,Medium
16838.0,1,0.552819052452716,Medium
15881.0,1,0.552741950145304,Medium
18282.0,0,0.5520705446132218,Medium
16732.0,0,0.5515370263971293,Medium
16763.0,1,0.5515370263971293,Medium
15074.0,1,0.5511847737612456,Medium
13759.0,0,0.5510938480892823,Medium
13085.0,1,0.5509699644228587,Medium
18087.0,1,0.5506260460669021,Medium
17578.0,1,0.5501803753504322,Medium
12793.0,1,0.5501386073767651,Medium
15853.0,0,0.5498856484066715,Medium
13170.0,0,0.5498856484066715,Medium
15829.0,1,0.5492043413636989,Medium
12770.0,1,0.5489594486164299,Medium
13276.0,0,0.5480792461893066,Medium
13667.0,1,0.5479537440604246,Medium
13493.0,1,0.5479437576552244,Medium
13863.0,1,0.5475452375957905,Medium
18165.0,1,0.5475452375957905,Medium
13304.0,1,0.5475452375957905,Medium
15254.0,1,0.5475452375957905,Medium
15667.0,0,0.5475452375957905,Medium
13259.0,0,0.5472467008317543,Medium
18218.0,1,0.5471363820650821,Medium
13675.0,1,0.5468243370877066,Medium
12988.0,1,0.5466039523816312,Medium
15740.0,0,0.5464664300185152,Medium
13821.0,1,0.5464601388019836,Medium
18119.0,1,0.5464353903321438,Medium
18146.0,1,0.5462451876591581,Medium
15043.0,0,0.5459185250286843,Medium
12769.0,1,0.5458063077503816,Medium
17524.0,1,0.5452970759463805,Medium
16274.0,1,0.5448575614317308,Medium
17403.0,0,0.5427196947565109,Medium
15918.0,1,0.5426244331690534,Medium
17118.0,1,0.5420077977001901,Medium
16601.0,0,0.5419537923097903,Medium
15286.0,0,0.5418556882238591,Medium
16152.0,1,0.5412982065994477,Medium
15265.0,1,0.5405359047873447,Medium
15182.0,1,0.5401275503087041,Medium
17251.0,1,0.5398358169917168,Medium
15408.0,1,0.5398358169917168,Medium
15154.0,0,0.5397334376750683,Medium
16461.0,1,0.5394017337228507,Medium
12593.0,1,0.5393634253569756,Medium
17569.0,1,0.5388790526371883,Medium
17223.0,1,0.5385872620592506,Medium
18085.0,1,0.5384788434296488,Medium
13249.0,1,0.5384628718365139,Medium
13718.0,1,0.5384359148063985,Medium
13878.0,0,0.538261219260608,Medium
17111.0,0,0.5376906823731961,Medium
12582.0,1,0.5375192863615182,Medium
15653.0,1,0.5374060082981993,Medium
17968.0,1,0.5371078958650926,Medium
16377.0,1,0.5364927727334874,Medium
15904.0,0,0.5363390341296972,Medium
13678.0,1,0.5362954923688149,Medium
15368.0,0,0.5358326538212925,Medium
12688.0,1,0.534939072845684,Medium
13651.0,0,0.5346115208110122,Medium
14080.0,0,0.5343550219431369,Medium
13005.0,1,0.5338383073642544,Medium
16034.0,1,0.533366976634251,Medium
18014.0,0,0.5325040260710933,Medium
15019.0,1,0.5324353728703763,Medium
18009.0,1,0.532212101297539,Medium
14616.0,1,0.5320887218982657,Medium
14220.0,1,0.5319225627905984,Medium
17513.0,0,0.5312840648237678,Medium
14242.0,1,0.5311086802318329,Medium
12365.0,1,0.531041544982014,Medium
16835.0,1,0.5309952842713579,Medium
14823.0,1,0.5308736882963054,Medium
16517.0,1,0.5303113223758981,Medium
12863.0,0,0.5298126810515248,Medium
12587.0,0,0.5297731120213613,Medium
17967.0,1,0.5297059856435438,Medium
13791.0,1,0.529050512380318,Medium
13866.0,0,0.5288946172888322,Medium
14681.0,0,0.5288515859266572,Medium
12895.0,0,0.5287326245392224,Medium
14320.0,1,0.5287158845486741,Medium
13083.0,0,0.5283122533570992,Medium
18005.0,0,0.5281975917016313,Medium
12501.0,1,0.5280742127076442,Medium
14142.0,1,0.5280076041070912,Medium
17984.0,1,0.5279671795992982,Medium
16582.0,1,0.5279553651862146,Medium
17908.0,1,0.5278138492644755,Medium
17704.0,1,0.5278078649967238,Medium
12930.0,0,0.5276688671701081,Medium
12844.0,0,0.527438349932422,Medium
17666.0,0,0.5272431466058205,Medium
14481.0,1,0.5271503764628864,Medium
14935.0,1,0.527094300883106,Medium
13763.0,0,0.527094300883106,Medium
13954.0,0,0.5265725787849483,Medium
17171.0,1,0.5265125648955229,Medium
14331.0,1,0.5264887573336673,Medium
18154.0,0,0.5258020323665397,Medium
13368.0,1,0.5257547363420956,Medium
18059.0,0,0.5256854195247428,Medium
14768.0,0,0.5256678218418139,Medium
14645.0,1,0.5251448759313954,Medium
12403.0,0,0.5249811235477795,Medium
16555.0,0,0.5246940907241678,Medium
17880.0,1,0.5246681691329528,Medium
13721.0,0,0.5246681691329528,Medium
16557.0,0,0.5246580351308745,Medium
16957.0,1,0.5243288472086742,Medium
14947.0,0,0.5240509441207039,Medium
15503.0,1,0.523884030179719,Medium
17456.0,1,0.5232698448050668,Medium
13217.0,1,0.5226336298307652,Medium
12354.0,1,0.5226198237581827,Medium
15069.0,1,0.5226198237581827,Medium
16479.0,0,0.522482403783813,Medium
17026.0,1,0.522055989312657,Medium
17510.0,0,0.5219539608984478,Medium
16297.0,1,0.5219539608984478,Medium
13045.0,1,0.5219539608984478,Medium
15882.0,1,0.521809841707439,Medium
13216.0,1,0.521158254292205,Medium
14752.0,0,0.521158254292205,Medium
14855.0,1,0.520992105449807,Medium
18064.0,1,0.5209352162972302,Medium
17247.0,0,0.5207377387611248,Medium
13897.0,0,0.5205759358928497,Medium
15010.0,0,0.5205759358928497,Medium
15308.0,1,0.5205759358928497,Medium
16292.0,1,0.5205759358928497,Medium
16123.0,0,0.5205759358928497,Medium
12623.0,1,0.5205759358928497,Medium
14339.0,1,0.5205759358928497,Medium
16796.0,0,0.5205759358928497,Medium
15148.0,0,0.5205759358928497,Medium
16425.0,1,0.5205759358928497,Medium
16400.0,1,0.5205759358928497,Medium
16450.0,1,0.5205759358928497,Medium
17176.0,1,0.5205759358928497,Medium
13990.0,1,0.5205759358928497,Medium
18185.0,1,0.5205759358928497,Medium
17926.0,1,0.5205014654371681,Medium
13930.0,0,0.5205014654371681,Medium
16851.0,0,0.5204418159544134,Medium
16478.0,0,0.5204418159544134,Medium
16378.0,1,0.5204418159544134,Medium
14586.0,1,0.5198934882842232,Medium
15949.0,0,0.5193193604406492,Medium
13466.0,1,0.519019561669942,Medium
13762.0,1,0.519019561669942,Medium
14951.0,0,0.519019561669942,Medium
13142.0,0,0.519019561669942,Medium
12436.0,1,0.5186107443597692,Medium
15557.0,0,0.5186107443597692,Medium
15825.0,1,0.5186107443597692,Medium
16135.0,1,0.5186107443597692,Medium
12809.0,1,0.5186107443597692,Medium
13745.0,1,0.5183241372590172,Medium
17978.0,1,0.5183241372590172,Medium
16715.0,0,0.5183241372590172,Medium
14762.0,1,0.5183241372590172,Medium
13395.0,1,0.5181597825201985,Medium
16597.0,0,0.5181363544816956,Medium
13689.0,0,0.5178840405284818,Medium
16276.0,1,0.5178840405284818,Medium
17044.0,0,0.5178840405284818,Medium
16692.0,1,0.5177724781308038,Medium
14195.0,1,0.5175392153395817,Medium
14385.0,0,0.5168321161091872,Medium
15107.0,1,0.5167172435325839,Medium
16119.0,0,0.5162342063535551,Medium
16820.0,1,0.5156748656738787,Medium
12491.0,0,0.5156748656738787,Medium
13485.0,1,0.5156748656738787,Medium
13338.0,1,0.5156748656738787,Medium
16614.0,1,0.5156748656738787,Medium
15300.0,0,0.5156748656738787,Medium
17140.0,1,0.5156748656738787,Medium
12729.0,1,0.5156748656738787,Medium
16643.0,1,0.5156748656738787,Medium
12355.0,1,0.5156748656738787,Medium
12591.0,1,0.5156748656738787,Medium
13390.0,0,0.5156748656738787,Medium
13398.0,1,0.5156748656738787,Medium
15417.0,0,0.5156748656738787,Medium
13043.0,1,0.5156748656738787,Medium
14317.0,0,0.5156748656738787,Medium
15448.0,1,0.5156748656738787,Medium
14779.0,1,0.5154305461233661,Medium
17919.0,0,0.5154169633630757,Medium
16671.0,0,0.514925486923614,Medium
18222.0,1,0.5145300337672492,Medium
13210.0,1,0.5145300337672492,Medium
13239.0,1,0.5145300337672492,Medium
12802.0,1,0.5145300337672492,Medium
16105.0,1,0.5145300337672492,Medium
15314.0,1,0.5145300337672492,Medium
13936.0,1,0.5145300337672492,Medium
16967.0,1,0.5145300337672492,Medium
13352.0,0,0.5145300337672492,Medium
15520.0,0,0.5145300337672492,Medium
15639.0,1,0.5145300337672492,Medium
12552.0,0,0.5142916709517631,Medium
13207.0,0,0.5142890786368143,Medium
13874.0,1,0.5141992869927086,Medium
12447.0,1,0.5141992869927086,Medium
12866.0,1,0.5141992869927086,Medium
12639.0,1,0.5141992869927086,Medium
17040.0,1,0.5141992869927086,Medium
12945.0,1,0.5141992869927086,Medium
18074.0,1,0.5141992869927086,Medium
14873.0,1,0.5141992869927086,Medium
18216.0,0,0.5141992869927086,Medium
15885.0,1,0.5139774936014265,Medium
12981.0,0,0.513620469737285,Medium
18158.0,0,0.5134341913071572,Medium
12468.0,1,0.512941189604661,Medium
13845.0,0,0.5123370644807267,Medium
13449.0,0,0.5117069490841004,Medium
17464.0,1,0.5117069490841004,Medium
17678.0,1,0.5117069490841004,Medium
17573.0,0,0.5114704994920336,Medium
17843.0,1,0.5113084417148736,Medium
17514.0,1,0.5113084417148736,Medium
14508.0,0,0.5113041495871573,Medium
15664.0,0,0.5111277850147979,Medium
15115.0,0,0.5111277850147979,Medium
17970.0,1,0.5108893469660171,Medium
12967.0,1,0.5107608686900831,Medium
15279.0,1,0.510327097239919,Medium
13504.0,0,0.510327097239919,Medium
15759.0,1,0.5103126647902151,Medium
18114.0,1,0.5097111487585588,Medium
14349.0,0,0.50929767752849,Medium
15462.0,1,0.509143744883921,Medium
15232.0,1,0.5090199587004988,Medium
12832.0,0,0.5088171156546091,Medium
15598.0,0,0.5087848183077084,Medium
17357.0,0,0.5087603674956879,Medium
15460.0,1,0.5085653579413721,Medium
17619.0,1,0.5085653579413721,Medium
15866.0,1,0.5085653579413721,Medium
14484.0,0,0.508464450307064,Medium
12792.0,1,0.508464450307064,Medium
18056.0,1,0.508464450307064,Medium
14902.0,0,0.508464450307064,Medium
13052.0,1,0.508464450307064,Medium
18006.0,0,0.508464450307064,Medium
15652.0,1,0.508464450307064,Medium
13927.0,0,0.508464450307064,Medium
15047.0,1,0.508464450307064,Medium
16193.0,1,0.508464450307064,Medium
15090.0,1,0.508464450307064,Medium
14149.0,1,0.508464450307064,Medium
16354.0,0,0.5081428290411735,Medium
16404.0,0,0.5080931986327895,Medium
14660.0,0,0.507555512415693,Medium
15920.0,1,0.5074396274303369,Medium
17035.0,1,0.5072587003545882,Medium
13919.0,0,0.5072587003545882,Medium
15435.0,0,0.5071209966581325,Medium
18276.0,0,0.5070842619782833,Medium
15130.0,1,0.5070842619782833,Medium
15153.0,0,0.5070842619782833,Medium
16071.0,0,0.5070842619782833,Medium
13774.0,0,0.5070842619782833,Medium
15678.0,0,0.5070842619782833,Medium
12350.0,1,0.5070842619782833,Medium
12715.0,1,0.5070842619782833,Medium
16318.0,0,0.5070842619782833,Medium
14888.0,1,0.5070842619782833,Medium
12790.0,1,0.5070842619782833,Medium
13706.0,1,0.5070842619782833,Medium
13801.0,0,0.5070842619782833,Medium
15837.0,0,0.5070842619782833,Medium
16739.0,1,0.5070842619782833,Medium
15243.0,0,0.5070842619782833,Medium
12373.0,1,0.5070842619782833,Medium
16625.0,1,0.5070842619782833,Medium
16627.0,0,0.5070842619782833,Medium
13923.0,0,0.5070842619782833,Medium
17866.0,1,0.5070842619782833,Medium
16202.0,1,0.5070842619782833,Medium
13332.0,0,0.5070842619782833,Medium
17973.0,0,0.5070842619782833,Medium
15766.0,0,0.5070842619782833,Medium
15405.0,1,0.5070842619782833,Medium
12538.0,0,0.5070842619782833,Medium
13844.0,0,0.5070842619782833,Medium
12519.0,0,0.5070842619782833,Medium
15385.0,0,0.5070842619782833,Medium
16982.0,0,0.5070842619782833,Medium
14703.0,0,0.5070842619782833,Medium
15921.0,1,0.5070842619782833,Medium
13494.0,1,0.5070842619782833,Medium
18250.0,1,0.5070842619782833,Medium
14350.0,1,0.5066997919063588,Medium
12703.0,0,0.5066997919063588,Medium
17694.0,1,0.5066997919063588,Medium
17636.0,0,0.5066997919063588,Medium
15372.0,1,0.5066908390468469,Medium
15223.0,1,0.506529925029503,Medium
17955.0,1,0.5063488479304215,Medium
17339.0,1,0.5061390746277702,Medium
15897.0,1,0.5060258769005427,Medium
15942.0,1,0.5055256916987381,Medium
15803.0,0,0.5055256916987381,Medium
12982.0,1,0.5055256916987381,Medium
12650.0,0,0.5055256916987381,Medium
16423.0,0,0.5055256916987381,Medium
16366.0,0,0.5055256916987381,Medium
15975.0,0,0.5055256916987381,Medium
12580.0,1,0.5055256916987381,Medium
14528.0,0,0.5055256916987381,Medium
16272.0,1,0.5055256916987381,Medium
15264.0,0,0.5055256916987381,Medium
16850.0,1,0.5055256916987381,Medium
16917.0,1,0.5055256916987381,Medium
15597.0,0,0.5055256916987381,Medium
14206.0,1,0.5055256916987381,Medium
16803.0,0,0.5055256916987381,Medium
15236.0,1,0.5055256916987381,Medium
16147.0,1,0.5055256916987381,Medium
15204.0,1,0.5055256916987381,Medium
16030.0,1,0.5055256916987381,Medium
12566.0,0,0.5055256916987381,Medium
15210.0,1,0.5055256916987381,Medium
15225.0,1,0.5055256916987381,Medium
13670.0,0,0.5055256916987381,Medium
16063.0,1,0.5055256916987381,Medium
15120.0,1,0.5055256916987381,Medium
13974.0,0,0.5055256916987381,Medium
15342.0,1,0.5055256916987381,Medium
15127.0,0,0.5055256916987381,Medium
16947.0,1,0.5055256916987381,Medium
17123.0,1,0.5055256916987381,Medium
14850.0,1,0.5055256916987381,Medium
13602.0,0,0.5055256916987381,Medium
14079.0,1,0.5055256916987381,Medium
16305.0,1,0.5055256916987381,Medium
15360.0,0,0.5055256916987381,Medium
16159.0,1,0.5055256916987381,Medium
13108.0,1,0.5055256916987381,Medium
12448.0,0,0.5055256916987381,Medium
17508.0,1,0.5055256916987381,Medium
12824.0,0,0.5055256916987381,Medium
16830.0,0,0.5055256916987381,Medium
18265.0,0,0.5054786342277726,Medium
16256.0,1,0.5053192802531269,Medium
18004.0,1,0.5048136534191626,Medium
15361.0,1,0.5046648118357535,Medium
15840.0,0,0.5046430025862678,Medium
12649.0,1,0.5044670248086784,Medium
15147.0,1,0.5044506832110986,Medium
17046.0,1,0.5044506832110986,Medium
14687.0,1,0.5044506832110986,Medium
14301.0,1,0.5044506832110986,Medium
15104.0,1,0.5044403880507368,Medium
14348.0,1,0.5040489303284535,Medium
15158.0,0,0.5040489303284535,Medium
14288.0,1,0.5040489303284535,Medium
16236.0,0,0.5040489303284535,Medium
13615.0,1,0.5040489303284535,Medium
14638.0,0,0.5040489303284535,Medium
17486.0,1,0.5040489303284535,Medium
18164.0,0,0.5040489303284535,Medium
13359.0,0,0.5040489303284535,Medium
12725.0,1,0.5040489303284535,Medium
14881.0,0,0.5039327352242745,Medium
13805.0,0,0.5039179889165342,Medium
13816.0,0,0.5036596272034317,Medium
18106.0,1,0.5032200742723866,Medium
14887.0,0,0.5031105904484172,Medium
15963.0,0,0.5030879471009782,Medium
13848.0,1,0.5029545310382403,Medium
13626.0,1,0.502688607551848,Medium
17991.0,1,0.5026725092820764,Medium
12987.0,0,0.5024954753685912,Medium
15780.0,1,0.5023126217560517,Medium
14891.0,1,0.5019743823230954,Medium
13560.0,0,0.5019628669593407,Medium
17081.0,0,0.5018022178840547,Medium
12410.0,1,0.5011831383120624,Medium
17344.0,0,0.5009605115021185,Medium
16026.0,0,0.5009208408956968,Medium
13914.0,0,0.5007729431422104,Medium
18205.0,0,0.5005911638068842,Medium
13441.0,1,0.5005685654374016,Medium
14764.0,0,0.5005264811511646,Medium
18200.0,1,0.5004692468812463,Medium
13673.0,0,0.5004520717037921,Medium
15402.0,1,0.5002811870847474,Medium
12559.0,1,0.49994396971557425,Medium
16766.0,1,0.4999023339897806,Medium
17453.0,0,0.4993616965905424,Medium
15577.0,1,0.49930763111825266,Medium
17334.0,1,0.4993070983493812,Medium
12426.0,1,0.49916814652390956,Medium
12492.0,0,0.4990083245794999,Medium
15657.0,0,0.49895752688259426,Medium
18095.0,1,0.49876194335339546,Medium
13382.0,1,0.49861447606735193,Medium
15637.0,0,0.49861447606735193,Medium
16836.0,0,0.49855363772877836,Medium
13885.0,1,0.498467076681704,Medium
15335.0,0,0.498217232893367,Medium
13300.0,1,0.49732476118063806,Medium
13347.0,0,0.49732476118063806,Medium
16758.0,0,0.49732476118063806,Medium
16999.0,0,0.4964224149221778,Medium
12976.0,1,0.4961732128610517,Medium
13893.0,1,0.4957786587319161,Medium
12811.0,1,0.4953591995087242,Medium
16330.0,0,0.49523790214677366,Medium
15035.0,0,0.49492478132746043,Medium
15517.0,1,0.49492478132746043,Medium
15261.0,1,0.49492478132746043,Medium
17990.0,1,0.49488226458785706,Medium
15695.0,1,0.4946894819931469,Medium
17242.0,1,0.49444654683618033,Medium
12420.0,0,0.49437944780059534,Medium
17904.0,0,0.4943641745724719,Medium
13568.0,1,0.4943641745724719,Medium
16005.0,0,0.4941726319518648,Medium
15167.0,1,0.4933619615529171,Medium
13598.0,0,0.4933619615529171,Medium
18024.0,1,0.49330915874592085,Medium
14819.0,0,0.4932925335110162,Medium
15912.0,1,0.49251289384611996,Medium
14015.0,0,0.4924670915652411,Medium
13075.0,1,0.4924670915652411,Medium
15333.0,1,0.4924670915652411,Medium
18194.0,0,0.4924670915652411,Medium
16563.0,0,0.4924670915652411,Medium
15507.0,1,0.492038603955147,Medium
13261.0,1,0.4920014161247854,Medium
15424.0,1,0.4917506885384281,Medium
15277.0,0,0.49154891498468606,Medium
16380.0,0,0.4913232823854087,Medium
17394.0,1,0.49128892407745406,Medium
17962.0,1,0.4911951979241895,Medium
15097.0,0,0.49074184447791347,Medium
14333.0,0,0.49069310021223495,Medium
12795.0,0,0.49069310021223495,Medium
15689.0,1,0.49028341150358856,Medium
16505.0,0,0.49028174107077493,Medium
12452.0,0,0.4902742689652838,Medium
14452.0,0,0.4899119171895211,Medium
17934.0,0,0.48988529948661036,Medium
18121.0,1,0.48988529948661036,Medium
13727.0,0,0.4897392560443965,Medium
15185.0,0,0.48967323493620163,Medium
15087.0,1,0.48967323493620163,Medium
12512.0,0,0.48964572585070143,Medium
13955.0,1,0.48943002824431586,Medium
14915.0,1,0.48880648551224026,Medium
18142.0,1,0.4886303055109288,Medium
16689.0,0,0.4881811978307258,Medium
13655.0,1,0.48791721296129836,Medium
17660.0,1,0.48771417820007956,Medium
18088.0,0,0.48771417820007956,Medium
17367.0,1,0.48771417820007956,Medium
15604.0,0,0.4877085432864019,Medium
13095.0,0,0.48756264796706666,Medium
16243.0,0,0.48718044170992675,Medium
16811.0,0,0.48717482890488406,Medium
17580.0,1,0.4871621159988308,Medium
15661.0,1,0.4868891011735167,Medium
12872.0,1,0.486722183537955,Medium
17805.0,0,0.4863264369624504,Medium
13153.0,0,0.4863264369624504,Medium
17333.0,0,0.4863264369624504,Medium
16574.0,0,0.4863264369624504,Medium
16650.0,0,0.4863264369624504,Medium
15142.0,0,0.4863264369624504,Medium
15690.0,0,0.48560191463067565,Medium
16546.0,1,0.4855062039440282,Medium
15773.0,0,0.4854648258023118,Medium
17022.0,0,0.4853787100543182,Medium
17119.0,0,0.4850195054965213,Medium
17011.0,0,0.48488610667889803,Medium
16848.0,0,0.48488610667889803,Medium
12558.0,0,0.48488610667889803,Medium
18072.0,1,0.48436238429682577,Medium
15654.0,0,0.48427764163272635,Medium
14219.0,0,0.4839832439051952,Medium
16260.0,0,0.48335164673646364,Medium
16561.0,0,0.48286105118958195,Medium
14338.0,1,0.48283924776254616,Medium
16884.0,0,0.482776053446969,Medium
16313.0,0,0.4825887564298543,Medium
17045.0,1,0.4822861181517851,Medium
17079.0,0,0.4822664363890485,Medium
12984.0,0,0.4822664363890485,Medium
13188.0,0,0.4822664363890485,Medium
16784.0,0,0.4822664363890485,Medium
14946.0,0,0.4822664363890485,Medium
12516.0,0,0.4821533103946018,Medium
14411.0,1,0.48187653566294847,Medium
14000.0,1,0.48179165713930017,Medium
17370.0,0,0.4816169469518325,Medium
15783.0,0,0.4812672991807363,Medium
15603.0,0,0.48116199273204396,Medium
15475.0,0,0.48115278928582855,Medium
14501.0,1,0.4810851146298533,Medium
17742.0,1,0.48093659085946233,Medium
17912.0,1,0.4805902650882268,Medium
15947.0,0,0.48037189111929335,Medium
14427.0,0,0.4802063256308404,Medium
17278.0,1,0.4798888600892938,Medium
15213.0,1,0.4797936555157187,Medium
15230.0,1,0.47921028479896693,Medium
13978.0,0,0.47904191775389415,Medium
17125.0,0,0.4789169435204843,Medium
14918.0,1,0.47864786904572765,Medium
13837.0,1,0.47792247919915615,Medium
13928.0,0,0.47753089885835265,Medium
14400.0,1,0.4769771072663267,Medium
15139.0,1,0.47684249691335523,Medium
13434.0,0,0.4765356237193603,Medium
12740.0,0,0.47618696873734534,Medium
16834.0,1,0.47618696873734534,Medium
13740.0,1,0.47618696873734534,Medium
14139.0,0,0.47618696873734534,Medium
16909.0,0,0.47618696873734534,Medium
17172.0,0,0.47618696873734534,Medium
14022.0,1,0.47618696873734534,Medium
17154.0,0,0.47618696873734534,Medium
15099.0,0,0.47618696873734534,Medium
16761.0,1,0.47618696873734534,Medium
13091.0,0,0.47618696873734534,Medium
16025.0,0,0.47618696873734534,Medium
12922.0,1,0.47618696873734534,Medium
17878.0,0,0.47618696873734534,Medium
13594.0,0,0.47618696873734534,Medium
15739.0,0,0.47618696873734534,Medium
15592.0,0,0.47618696873734534,Medium
13062.0,1,0.47618696873734534,Medium
15789.0,1,0.47618696873734534,Medium
13986.0,0,0.47618696873734534,Medium
17226.0,1,0.47618696873734534,Medium
17312.0,1,0.4758207459808661,Medium
15456.0,1,0.4757509804045589,Medium
14204.0,0,0.47573150697327987,Medium
17712.0,0,0.4750956141788557,Medium
17795.0,1,0.4748917166206962,Medium
14076.0,1,0.47392158051070815,Medium
13349.0,0,0.47351930099014145,Medium
14548.0,1,0.4734424885868109,Medium
14567.0,0,0.4734249647968264,Medium
14485.0,0,0.4733642000975522,Medium
15341.0,0,0.4730892240729563,Medium
12424.0,1,0.4730495589491527,Medium
15589.0,1,0.4729757855849132,Medium
12999.0,1,0.4729757855849132,Medium
15540.0,0,0.4728972236764654,Medium
15319.0,1,0.4728972236764654,Medium
15234.0,1,0.4728972236764654,Medium
17855.0,1,0.4728972236764654,Medium
18053.0,0,0.4726409231432958,Medium
14489.0,1,0.47216445609542085,Medium
14497.0,1,0.47216445609542085,Medium
13116.0,1,0.47216445609542085,Medium
18176.0,1,0.47216445609542085,Medium
16602.0,0,0.4713062381069198,Medium
17362.0,1,0.47115430998971686,Medium
12829.0,1,0.4710891044064139,Medium
12349.0,0,0.47103356479393316,Medium
14420.0,1,0.4710222773695907,Medium
14270.0,1,0.47069238191469354,Medium
16529.0,1,0.47069238191469354,Medium
15437.0,1,0.4704497887657433,Medium
14624.0,0,0.4702222355714856,Medium
17761.0,0,0.4701716437254998,Medium
14265.0,1,0.4697534228595818,Medium
18183.0,1,0.46950377284324024,Medium
12513.0,1,0.46885669274089187,Medium
17604.0,1,0.4684131507469586,Medium
14463.0,1,0.46815697241240245,Medium
14500.0,0,0.4681209550804515,Medium
14164.0,0,0.46792663568124093,Medium
17414.0,0,0.46789332224163344,Medium
14037.0,1,0.4678289439760384,Medium
13272.0,0,0.46775277590109854,Medium
12493.0,1,0.46773763056798473,Medium
17584.0,0,0.46762947408912114,Medium
17520.0,0,0.46739305364426087,Medium
15287.0,0,0.46711292608060784,Medium
16309.0,1,0.4665849702830956,Medium
17693.0,1,0.46653722340822257,Medium
17987.0,1,0.46653722340822257,Medium
13503.0,0,0.46653722340822257,Medium
13828.0,0,0.46653722340822257,Medium
13621.0,1,0.46653722340822257,Medium
14788.0,0,0.46650854942518366,Medium
16473.0,1,0.4663545482030415,Medium
17495.0,0,0.46600358590969065,Medium
16352.0,0,0.46600358590969065,Medium
16484.0,1,0.4657163404357052,Medium
16751.0,0,0.465434993798717,Medium
14910.0,0,0.46542400825961827,Medium
15551.0,0,0.4649783431433119,Medium
12386.0,1,0.46481166955578856,Medium
14442.0,1,0.4643700849899757,Medium
15607.0,1,0.4639580727699543,Medium
16247.0,1,0.4639580727699543,Medium
15746.0,1,0.46395257730352535,Medium
13318.0,0,0.46380635481804106,Medium
17440.0,1,0.4635819165812371,Medium
13151.0,1,0.4635431226439375,Medium
18019.0,0,0.4634985963885716,Medium
13247.0,0,0.46305026280807504,Medium
12719.0,0,0.46303743714968887,Medium
17062.0,1,0.46273208400490784,Medium
13277.0,0,0.46265151173089775,Medium
16648.0,0,0.46242554516316947,Medium
15857.0,0,0.46242554516316947,Medium
17772.0,0,0.4622168711185902,Medium
12579.0,0,0.46205465891712066,Medium
13358.0,1,0.46205465891712066,Medium
14601.0,0,0.4613596967550597,Medium
13980.0,0,0.4613596967550597,Medium
16322.0,0,0.46127185350156,Medium
17354.0,0,0.46109792769172087,Medium
17266.0,0,0.4609669903012253,Medium
13592.0,0,0.46029797480492707,Medium
17078.0,0,0.46018650326878796,Medium
13712.0,1,0.4601513133123458,Medium
15014.0,0,0.4595860965844627,Medium
16432.0,0,0.4588196924011585,Medium
16895.0,0,0.45843642969859566,Medium
12589.0,0,0.45834783775888654,Medium
15195.0,0,0.458261811594684,Medium
16855.0,0,0.45801496785300183,Medium
16965.0,1,0.4576084371991646,Medium
16405.0,1,0.45724768302531754,Medium
16488.0,0,0.4568803825508114,Medium
18081.0,0,0.45662977064496035,Medium
15568.0,0,0.4562910448745402,Medium
15713.0,1,0.4555844701389651,Medium
15985.0,1,0.45503626325049246,Medium
12624.0,1,0.4550200585841277,Medium
14020.0,0,0.4550200585841277,Medium
13814.0,1,0.4549174788527224,Medium
12534.0,1,0.45473367835495365,Medium
16270.0,1,0.45473367835495365,Medium
17829.0,1,0.4544227362377272,Medium
16567.0,1,0.4543296886078423,Medium
17205.0,0,0.45363532279588376,Medium
13321.0,0,0.45337759163940605,Medium
13489.0,1,0.45315054025241563,Medium
17749.0,1,0.4530999873514311,Medium
14108.0,0,0.4530260624727279,Medium
14853.0,0,0.45273865997257107,Medium
12377.0,1,0.451960205562357,Medium
12702.0,0,0.4518029647243258,Medium
17267.0,1,0.4517956889452332,Medium
16041.0,0,0.4517675761123217,Medium
17313.0,0,0.4516285096643616,Medium
14581.0,0,0.4513709195088544,Medium
16708.0,0,0.4513009857010069,Medium
13888.0,1,0.45123164787099834,Medium
16506.0,0,0.4506994640071917,Medium
14557.0,0,0.4502967687183716,Medium
15075.0,0,0.4502967687183716,Medium
12857.0,1,0.45021658026319583,Medium
14697.0,1,0.45000382570310815,Medium
12694.0,0,0.4498367997029469,Medium
17507.0,1,0.4497346106961275,Medium
17534.0,0,0.44966553104938123,Medium
16528.0,0,0.44945101684571453,Medium
12561.0,1,0.44945101684571453,Medium
13570.0,1,0.44945101684571453,Medium
17498.0,0,0.44931570230579887,Medium
14975.0,0,0.44931570230579887,Medium
15492.0,0,0.4491627172866591,Medium
15103.0,0,0.44886802734726355,Medium
16500.0,0,0.44875071450995596,Medium
16535.0,0,0.4481273313873212,Medium
14785.0,0,0.44810300992229074,Medium
12815.0,1,0.4480234190404559,Medium
15041.0,1,0.448023223387394,Medium
15246.0,1,0.447872975171434,Medium
17707.0,1,0.44746463156055827,Medium
13532.0,0,0.446818562212265,Medium
13350.0,0,0.44633541716050384,Medium
15326.0,1,0.44633491415395327,Medium
17736.0,0,0.4461901792959173,Medium
13823.0,0,0.4458255335143747,Medium
14267.0,1,0.4453999477612571,Medium
18167.0,0,0.4453999477612571,Medium
12521.0,1,0.4453492183311809,Medium
12707.0,1,0.4453492183311809,Medium
13926.0,0,0.4452213739087185,Medium
15483.0,1,0.44480937237493406,Medium
14416.0,0,0.4445875407923395,Medium
14461.0,1,0.4445475584876499,Medium
15869.0,1,0.44405310641328527,Medium
17197.0,0,0.4439347012419466,Medium
16398.0,1,0.44372096131650246,Medium
14958.0,1,0.4436914472927779,Medium
14523.0,1,0.443141244823107,Medium
13235.0,1,0.44312425444875686,Medium
15091.0,0,0.44302717861051116,Medium
17480.0,0,0.44302717861051116,Medium
17640.0,0,0.44297512786293214,Medium
15732.0,1,0.4429625577950165,Medium
12871.0,0,0.4429018993042299,Medium
17985.0,0,0.44255314221078457,Medium
16634.0,1,0.4424086903543518,Medium
15205.0,0,0.4416545118526709,Medium
14753.0,0,0.4414150647014325,Medium
14126.0,0,0.4409046674525582,Medium
14929.0,0,0.44083345780525435,Medium
16471.0,1,0.44083345780525435,Medium
15096.0,0,0.44083345780525435,Medium
16718.0,1,0.44062258894035244,Medium
12379.0,0,0.4401848197179973,Medium
13023.0,0,0.43997137913972945,Medium
12718.0,0,0.4398110196433545,Medium
13236.0,0,0.43946299506758457,Medium
16449.0,1,0.43946299506758457,Medium
13483.0,0,0.4391448183936047,Medium
15535.0,1,0.4387886778746015,Medium
14173.0,0,0.4386885777434195,Medium
16690.0,0,0.4384717700277253,Medium
17483.0,0,0.43755082174282345,Medium
14968.0,0,0.43749439438722015,Medium
16287.0,1,0.43705754852894796,Medium
16050.0,1,0.43705754852894796,Medium
17765.0,1,0.43689691926474805,Medium
13370.0,1,0.4366503232217632,Medium
12461.0,1,0.436321504059793,Medium
16800.0,0,0.436088411143951,Medium
13140.0,1,0.4359838345330347,Medium
15433.0,1,0.43595635206936045,Medium
12717.0,1,0.43564548293975325,Medium
17277.0,1,0.43564548293975325,Medium
14138.0,0,0.43530026872779876,Medium
17642.0,1,0.43525703603477933,Medium
14256.0,1,0.4350814567557974,Medium
15585.0,1,0.43507332683977834,Medium
12644.0,1,0.43507332683977834,Medium
18127.0,0,0.4347171554860352,Medium
17695.0,1,0.4346079672352378,Medium
14690.0,0,0.43410290684006175,Medium
14552.0,1,0.4336169588523223,Medium
17824.0,0,0.433395795849829,Medium
12497.0,0,0.43311835669379845,Medium
14212.0,0,0.43311835669379845,Medium
15450.0,0,0.4330294376089275,Medium
17793.0,0,0.4330024919445679,Medium
14857.0,0,0.4329477469715852,Medium
12522.0,0,0.4319758207452811,Medium
18248.0,1,0.43161612846370134,Medium
14375.0,1,0.4313726664610542,Medium
14820.0,0,0.43110514113426923,Medium
16872.0,0,0.43110314538998984,Medium
14171.0,1,0.43097653808745734,Medium
17505.0,1,0.4307727955903229,Medium
12572.0,0,0.4307727955903229,Medium
15088.0,0,0.4307727955903229,Medium
17232.0,0,0.42994564597069324,Medium
17977.0,0,0.42983531053645296,Medium
14869.0,0,0.4293156776597395,Medium
16281.0,0,0.42895352993047586,Medium
13192.0,1,0.4287966977672331,Medium
13873.0,1,0.42869201535706625,Medium
12581.0,0,0.42868761020035157,Medium
16160.0,0,0.42831384912978554,Medium
16343.0,0,0.4281919752166143,Medium
13243.0,1,0.42812169906089664,Medium
15645.0,0,0.42812169906089664,Medium
16022.0,1,0.42812169906089664,Medium
14885.0,1,0.42796947107684974,Medium
17429.0,1,0.42773713265124275,Medium
13800.0,1,0.4276178056416173,Medium
15655.0,1,0.4276178056416173,Medium
16883.0,1,0.42743503992419374,Medium
17869.0,1,0.4272913193299794,Medium
12851.0,1,0.42702543086697603,Medium
13761.0,0,0.42600797963555154,Medium
16978.0,0,0.4259599838244421,Medium
16613.0,0,0.4257746563969452,Medium
18228.0,0,0.425759121363258,Medium
17986.0,0,0.4256024424938154,Medium
16953.0,0,0.4256024424938154,Medium
16275.0,1,0.42550857093848166,Medium
17679.0,0,0.4253825696056323,Medium
16624.0,0,0.4251261620696359,Medium
14021.0,1,0.42451245198017656,Medium
12625.0,1,0.4244223761862439,Medium
13533.0,1,0.42429611980125825,Medium
16997.0,1,0.4239589089459409,Medium
18045.0,0,0.4236205473015303,Medium
15364.0,1,0.4233874680896306,Medium
14770.0,1,0.42300471700926273,Medium
13221.0,1,0.4224160923348384,Medium
12925.0,0,0.4222898132265231,Medium
13731.0,1,0.42207158459716076,Medium
15762.0,0,0.42205180366135653,Medium
15330.0,0,0.4220109123765514,Medium
15763.0,0,0.42185013652759334,Medium
12390.0,0,0.42156067696569455,Medium
13357.0,1,0.42155543672493667,Medium
17549.0,0,0.42104103451201036,Medium
16927.0,1,0.42089373830431265,Medium
13707.0,1,0.42084264473201455,Medium
16932.0,0,0.4205483478195996,Medium
14133.0,1,0.42049460479085826,Medium
15344.0,0,0.42040691570628513,Medium
16852.0,0,0.4198135648530438,Medium
15725.0,0,0.41919638635131345,Medium
16321.0,0,0.41913926515064276,Medium
17623.0,0,0.4188222705041451,Medium
13385.0,1,0.4188222705041451,Medium
13589.0,0,0.41848928135094754,Medium
17229.0,1,0.41826533021695883,Medium
17835.0,0,0.4181852346662275,Medium
15334.0,1,0.4181852346662275,Medium
16948.0,1,0.4179658953879639,Medium
16010.0,1,0.4175912679045862,Medium
16311.0,0,0.41740608678677943,Medium
15133.0,1,0.4173223555244801,Medium
15795.0,1,0.4171975438518579,Medium
17083.0,1,0.41708598795243157,Medium
12991.0,0,0.4169315513336036,Medium
17849.0,1,0.4161008378467381,Medium
16788.0,1,0.4159438988075306,Medium
13669.0,0,0.41585923635545496,Medium
12603.0,0,0.41534677163418016,Medium
16915.0,0,0.4153411458827029,Medium
15994.0,0,0.4149017264688723,Medium
12794.0,0,0.41461261028141705,Medium
14672.0,1,0.414567213357516,Medium
15353.0,1,0.414567213357516,Medium
13294.0,1,0.41452282247020716,Medium
14551.0,0,0.41436627134043946,Medium
16142.0,1,0.414166950196702,Medium
15539.0,0,0.414166950196702,Medium
13044.0,1,0.414166950196702,Medium
18104.0,0,0.41397491005188203,Medium
12507.0,1,0.41391428928111945,Medium
16721.0,1,0.4136211293907325,Medium
16723.0,1,0.4134271462116351,Medium
17637.0,0,0.4133824597935504,Medium
14055.0,1,0.41328539236925504,Medium
17105.0,1,0.4130466726032072,Medium
13414.0,1,0.4127005867349716,Medium
12571.0,0,0.4126214957122691,Medium
14354.0,0,0.4123846716553106,Medium
17383.0,0,0.41187292631709194,Medium
13428.0,0,0.41187292631709194,Medium
14381.0,0,0.41187292631709194,Medium
18126.0,0,0.41187292631709194,Medium
13066.0,0,0.4118454456329347,Medium
15957.0,0,0.41181460457208163,Medium
13166.0,1,0.41181460457208163,Medium
16084.0,1,0.41181460457208163,Medium
12617.0,0,0.41181460457208163,Medium
13058.0,0,0.411666197699015,Medium
16727.0,1,0.41107570429104495,Medium
16406.0,0,0.4109020452857776,Medium
17885.0,0,0.4109020452857776,Medium
15768.0,1,0.4108928925757028,Medium
12612.0,0,0.41043739507201593,Medium
14894.0,0,0.41043739507201593,Medium
13325.0,0,0.41043739507201593,Medium
16392.0,1,0.4102118047824081,Medium
16696.0,1,0.410068632985176,Medium
13182.0,0,0.4100566785087001,Medium
14778.0,1,0.4093050064672294,Medium
17244.0,0,0.4090640927831506,Medium
13587.0,0,0.40900864485029653,Medium
13291.0,1,0.4089696777801731,Medium
16052.0,0,0.4089696777801731,Medium
17431.0,1,0.4089696777801731,Medium
16485.0,0,0.4089696777801731,Medium
17911.0,0,0.4089696777801731,Medium
13934.0,1,0.4088858053583584,Medium
13518.0,0,0.407930606119434,Medium
18151.0,1,0.4078557217368295,Medium
12827.0,0,0.4076468580564928,Medium
18067.0,0,0.40754250495620936,Medium
18147.0,0,0.40717561346533304,Medium
13189.0,0,0.4068124447459715,Medium
17433.0,0,0.40660490591940773,Medium
16216.0,1,0.4061719192479865,Medium
14716.0,0,0.4061368236211251,Medium
14046.0,1,0.40605897968051485,Medium
17871.0,1,0.405723967863883,Medium
14491.0,1,0.4053933046354942,Medium
13753.0,1,0.4051281403941029,Medium
14756.0,0,0.4051281403941029,Medium
15000.0,0,0.4047067671359887,Medium
17398.0,1,0.4046688201651085,Medium
13476.0,1,0.4042460153100193,Medium
12371.0,0,0.40423473460587855,Medium
12716.0,0,0.40399989780422324,Medium
12585.0,1,0.4039639009678224,Medium
14314.0,1,0.4038942277026364,Medium
15419.0,0,0.4038942277026364,Medium
13827.0,0,0.4038441916116758,Medium
17144.0,0,0.4036535249439537,Medium
15988.0,0,0.4035559245080873,Medium
16720.0,0,0.4035559245080873,Medium
15297.0,0,0.4035325545990648,Medium
15320.0,0,0.40278417403827443,Medium
14965.0,1,0.4027703432521256,Medium
12405.0,1,0.4021940055751684,Medium
13388.0,1,0.4019480477588669,Medium
16536.0,1,0.4018773936999242,Medium
15471.0,0,0.4018773936999242,Medium
14130.0,1,0.4018773936999242,Medium
16955.0,1,0.40180018302037235,Medium
12713.0,0,0.40156005621530305,Medium
13109.0,0,0.4010568098110539,Medium
14013.0,1,0.4009625718192361,Medium
13850.0,1,0.400862883863283,Medium
15870.0,0,0.4007761433337188,Medium
16930.0,0,0.4005642502891191,Medium
17358.0,1,0.4003514329832515,Medium
15714.0,0,0.3998985331838586,Medium
12414.0,1,0.3997519730403953,Medium
15066.0,0,0.3997314818001878,Medium
13339.0,1,0.3997314818001878,Medium
14714.0,0,0.39958252756230234,Medium
17557.0,0,0.3994443722550332,Medium
17561.0,0,0.399296237590226,Medium
17392.0,1,0.39885546320886955,Medium
15429.0,0,0.39885546320886955,Medium
14729.0,1,0.3986698594496631,Medium
17356.0,1,0.39863112439447945,Medium
17475.0,0,0.39863112439447945,Medium
12510.0,1,0.39860418530372366,Medium
14817.0,1,0.3985339061520451,Medium
14356.0,0,0.3985192910564861,Medium
12689.0,0,0.39809279257900865,Medium
17564.0,0,0.39799301629465217,Medium
15894.0,1,0.39789856658606165,Medium
16240.0,0,0.3978490531579606,Medium
12479.0,0,0.39779955629697,Medium
16070.0,0,0.3976599289731825,Medium
15415.0,1,0.3972816700188475,Medium
13278.0,0,0.3972816700188475,Medium
17268.0,1,0.397096440161239,Medium
16447.0,1,0.397082695217883,Medium
17037.0,0,0.3969498827317486,Medium
14459.0,1,0.3969113613054455,Medium
16742.0,0,0.3963223974486384,Medium
15880.0,1,0.39623879148449426,Medium
17502.0,0,0.396098738717631,Medium
14664.0,0,0.39601724562975793,Medium
14335.0,0,0.395592579318455,Medium
13355.0,1,0.39551194914868876,Medium
17466.0,0,0.3952151516373249,Medium
15146.0,1,0.39497038322373107,Medium
15900.0,0,0.39496057104028137,Medium
16204.0,0,0.39496057104028137,Medium
17248.0,1,0.39496057104028137,Medium
15720.0,0,0.3947138835716082,Medium
15349.0,1,0.39431055321031094,Medium
15473.0,0,0.3940612372062182,Medium
16943.0,1,0.39396068648268295,Medium
16431.0,1,0.39385507601829484,Medium
18001.0,0,0.39377194535079935,Medium
14998.0,1,0.39377194535079935,Medium
15025.0,0,0.39364174319089223,Medium
17458.0,0,0.39364174319089223,Medium
14896.0,1,0.3935621525564304,Medium
15303.0,1,0.39342564912353956,Medium
17152.0,1,0.393354168216124,Medium
14323.0,1,0.39328055588110217,Medium
12879.0,0,0.3930890484808913,Medium
17931.0,1,0.3928624087940713,Medium
12915.0,1,0.39271348006913787,Medium
13618.0,1,0.39252613304586415,Medium
14518.0,0,0.39252613304586415,Medium
15986.0,0,0.39252613304586415,Medium
14050.0,0,0.39236842746787026,Medium
14792.0,0,0.3923567034551642,Medium
15472.0,1,0.39215444888353784,Medium
16065.0,1,0.39215444888353784,Medium
17052.0,0,0.39215444888353784,Medium
17936.0,0,0.39215444888353784,Medium
16903.0,0,0.39215444888353784,Medium
15466.0,0,0.39215444888353784,Medium
16795.0,1,0.39215444888353784,Medium
17839.0,0,0.39215444888353784,Medium
16776.0,0,0.39215444888353784,Medium
13460.0,0,0.3920223342466246,Medium
15275.0,0,0.39190684154667443,Medium
12667.0,0,0.39190684154667443,Medium
15244.0,0,0.39168808962367385,Medium
14176.0,1,0.39162701090898366,Medium
16980.0,1,0.3911493182173923,Medium
15480.0,1,0.3911175921616682,Medium
14105.0,1,0.3909959378839632,Medium
16101.0,0,0.3909959378839632,Medium
12611.0,0,0.3909959378839632,Medium
14675.0,0,0.3908559286786638,Medium
13732.0,0,0.3905412033993287,Medium
14985.0,1,0.3901760636087178,Medium
17298.0,1,0.3901736861712951,Medium
17503.0,0,0.39016833610542345,Medium
16773.0,0,0.3900517144824563,Medium
15458.0,0,0.38991069400334105,Medium
14036.0,1,0.3897205420500939,Medium
16589.0,0,0.3888845692916074,Medium
12822.0,0,0.38859066879508575,Medium
15384.0,1,0.38835782039808436,Medium
16127.0,0,0.3882684245027463,Medium
15677.0,0,0.3882684245027463,Medium
12658.0,0,0.3882684245027463,Medium
15386.0,1,0.38811125218437514,Medium
17301.0,0,0.3877693509410188,Medium
13710.0,0,0.3875732287096952,Medium
12442.0,0,0.3875732287096952,Medium
17947.0,0,0.3875732287096952,Medium
12367.0,0,0.3875732287096952,Medium
13121.0,1,0.3871988840028314,Medium
13708.0,1,0.3871988840028314,Medium
13439.0,1,0.3871988840028314,Medium
12545.0,0,0.3868677386291541,Medium
16149.0,0,0.386815485486509,Medium
16934.0,0,0.3868056913363203,Medium
14920.0,1,0.3868056913363203,Medium
16108.0,0,0.3867403123198187,Medium
12514.0,1,0.3865653898167057,Medium
12652.0,1,0.3865653898167057,Medium
12772.0,0,0.3865653898167057,Medium
12550.0,0,0.3865653898167057,Medium
15832.0,1,0.3865653898167057,Medium
17649.0,1,0.3865653898167057,Medium
15255.0,0,0.3865653898167057,Medium
12446.0,0,0.3865653898167057,Medium
15076.0,1,0.3865653898167057,Medium
15576.0,0,0.3865653898167057,Medium
18192.0,0,0.3865653898167057,Medium
15522.0,0,0.38655077746800875,Medium
17957.0,0,0.3865360260263094,Medium
16253.0,0,0.38640942827450775,Medium
16345.0,0,0.38619592251924134,Medium
12890.0,0,0.3858367807224264,Medium
17890.0,1,0.3858122214464472,Medium
16595.0,0,0.385767711859797,Medium
15556.0,0,0.3857479417996067,Medium
16141.0,0,0.3855981038583446,Medium
14218.0,0,0.3854434940231238,Medium
13730.0,1,0.3853038358699556,Medium
16174.0,1,0.38524320134498446,Medium
12374.0,0,0.38502099323908445,Medium
16230.0,1,0.3842660007407866,Medium
14539.0,0,0.3842660007407866,Medium
16342.0,0,0.3842558098970411,Medium
15978.0,0,0.3841750749960916,Medium
14578.0,0,0.38399421718678617,Medium
13722.0,1,0.38365877314829666,Medium
16164.0,0,0.38333989820056236,Medium
12758.0,1,0.3831672291539804,Medium
12739.0,0,0.3827501673064388,Medium
12784.0,0,0.3822823905921123,Medium
15830.0,0,0.38166509657867126,Medium
14806.0,0,0.3815301457633707,Medium
15567.0,0,0.3815301457633707,Medium
14860.0,0,0.3815301457633707,Medium
16919.0,1,0.3813750832650093,Medium
13563.0,0,0.3813731789214351,Medium
16268.0,0,0.38070680759765096,Medium
17425.0,0,0.3802109375075467,Medium
16079.0,0,0.3802074521438068,Medium
15006.0,0,0.3799867177341748,Medium
16653.0,0,0.3797517577316884,Medium
13812.0,0,0.3796033765541581,Medium
17523.0,0,0.3793797942162841,Medium
13032.0,0,0.37926736971685654,Medium
15948.0,0,0.37926736971685654,Medium
14362.0,0,0.37914649266101436,Medium
16053.0,0,0.379145192546757,Medium
17385.0,0,0.37914088339432184,Medium
16936.0,0,0.37914088339432184,Medium
16320.0,1,0.37910362099400907,Medium
13659.0,1,0.3789284239268229,Medium
12865.0,0,0.3789284239268229,Medium
14765.0,0,0.37814093803429594,Medium
13635.0,0,0.377400750152634,Medium
16494.0,1,0.377400750152634,Medium
17727.0,0,0.377400750152634,Medium
13979.0,0,0.377400750152634,Medium
14009.0,1,0.3773449197483384,Medium
14048.0,1,0.37726561109805856,Medium
16859.0,1,0.37716616268179537,Medium
17447.0,0,0.37709995195924184,Medium
13040.0,0,0.3766759480057029,Medium
16054.0,1,0.37633720392088554,Medium
14731.0,0,0.37566032008190803,Medium
16340.0,1,0.3754841754934775,Medium
14937.0,0,0.3753554085406462,Medium
13464.0,0,0.37524387067027415,Medium
12418.0,1,0.37524387067027415,Medium
12475.0,0,0.37524387067027415,Medium
16491.0,0,0.37524387067027415,Medium
17286.0,0,0.375167241775656,Medium
13643.0,0,0.37473087968184143,Medium
15467.0,0,0.374707678196492,Medium
12916.0,1,0.3746531513487831,Medium
15891.0,1,0.37400420408087587,Medium
13176.0,0,0.37400420408087587,Medium
16504.0,0,0.37400420408087587,Medium
17297.0,0,0.373890679840956,Medium
15276.0,0,0.373890679840956,Medium
15573.0,0,0.37382996811058955,Medium
18135.0,0,0.37378246109234375,Medium
13792.0,0,0.3735438912293649,Medium
14450.0,1,0.3735422138638708,Medium
18013.0,1,0.3732887847056694,Medium
12878.0,1,0.3732012415166779,Medium
15791.0,0,0.3729150611448727,Medium
14712.0,0,0.37194764145857734,Medium
16780.0,1,0.37173547777686067,Medium
14538.0,0,0.37173532802223147,Medium
16454.0,0,0.3715554808511104,Medium
15621.0,0,0.3714178183954643,Medium
14643.0,1,0.3710434318530502,Medium
15071.0,1,0.37101930468882666,Medium
12590.0,1,0.3709969192318426,Medium
13639.0,0,0.3708759844041481,Medium
17004.0,0,0.37087371720145096,Medium
12876.0,0,0.37084755510099116,Medium
16594.0,0,0.37063541011543943,Medium
17614.0,0,0.3704653562800631,Medium
13354.0,0,0.37043380508150187,Medium
12864.0,1,0.3704279282222996,Medium
13811.0,1,0.3703706694920508,Medium
14923.0,0,0.3702618050160724,Medium
17166.0,0,0.37020433090490334,Medium
13799.0,1,0.37014778495382306,Medium
17387.0,0,0.3698721974591687,Medium
14513.0,1,0.36985777000867287,Medium
12638.0,0,0.36925848181732934,Medium
14222.0,1,0.36925848181732934,Medium
13925.0,1,0.36881237412494244,Medium
15865.0,0,0.3682605503417405,Medium
15239.0,0,0.36812920404552896,Medium
12882.0,0,0.3680456946216181,Medium
18123.0,0,0.36803660068816274,Medium
17201.0,0,0.3679755268170078,Medium
16747.0,0,0.36722928279550326,Medium
13430.0,0,0.36699537770187907,Medium
15700.0,1,0.366868081123561,Medium
14862.0,0,0.3666363162296867,Medium
13035.0,0,0.3665601987796905,Medium
18143.0,1,0.36634476642694536,Medium
14261.0,0,0.36634476642694536,Medium
13492.0,1,0.36588161260212787,Medium
17764.0,0,0.36557072789696093,Medium
15721.0,0,0.3654754195443081,Medium
18262.0,1,0.36518671234434213,Medium
13169.0,0,0.36502115978198885,Medium
16024.0,0,0.36499108289969084,Medium
15272.0,0,0.3648061110219771,Medium
17914.0,0,0.3645446088425016,Medium
15553.0,0,0.3645446088425016,Medium
16146.0,1,0.3640956693811343,Medium
15274.0,0,0.36392258044563675,Medium
14460.0,1,0.3639007091602685,Medium
14177.0,0,0.3631352798234425,Medium
14451.0,0,0.36291686285548486,Medium
12787.0,0,0.362798839957398,Medium
14550.0,0,0.3619593548231334,Medium
13000.0,1,0.3618306413448695,Medium
16372.0,0,0.36166131549638536,Medium
12425.0,0,0.36162759944812234,Medium
13375.0,0,0.36162759944812234,Medium
14245.0,1,0.36110237037038023,Medium
12556.0,0,0.3607923925423347,Medium
13726.0,0,0.3607899094063943,Medium
12453.0,1,0.3606396862442869,Medium
15322.0,0,0.3606396862442869,Medium
12546.0,0,0.36041943572884433,Medium
16120.0,0,0.3603633151344945,Medium
12391.0,0,0.3603589596760255,Medium
18101.0,0,0.359955580913117,Medium
13356.0,0,0.359871515443452,Medium
15073.0,0,0.3592481687653188,Medium
13697.0,0,0.3589681601138055,Medium
15651.0,0,0.35883699085225895,Medium
18117.0,0,0.3586319153083004,Medium
17379.0,0,0.3586319153083004,Medium
13224.0,0,0.35862064495075147,Medium
12508.0,0,0.358556327545206,Medium
16229.0,0,0.35847775233125956,Medium
17359.0,0,0.35805375268557527,Medium
12631.0,0,0.3578212247978647,Medium
13419.0,0,0.35766559521528946,Medium
15175.0,0,0.35766559521528946,Medium
13600.0,1,0.35766559521528946,Medium
16482.0,0,0.35766559521528946,Medium
13819.0,1,0.35731421600121976,Medium
17499.0,1,0.35728157159982327,Medium
14154.0,1,0.3572281303878193,Medium
16222.0,1,0.3571037288768346,Medium
16364.0,0,0.3570571197904517,Medium
16347.0,0,0.35696842766026343,Medium
15318.0,0,0.35695112732447887,Medium
15315.0,0,0.35693610395832703,Medium
12653.0,1,0.3568204314252322,Medium
12847.0,0,0.3563448340114889,Medium
14488.0,0,0.3563448340114889,Medium
12646.0,0,0.35634260532470013,Medium
14780.0,0,0.3560739409066456,Medium
15749.0,1,0.35607381826741163,Medium
13754.0,1,0.35557160856093545,Medium
14824.0,0,0.3552700226272691,Medium
18073.0,1,0.3551349755378038,Medium
17898.0,0,0.3548865609933199,Medium
18082.0,0,0.3547549699659681,Medium
14725.0,0,0.3547549699659681,Medium
17891.0,1,0.3547179993944338,Medium
15665.0,1,0.35454684140567677,Medium
17265.0,1,0.3544250708312237,Medium
14629.0,0,0.3543978332978692,Medium
16685.0,0,0.3541292982368035,Medium
12743.0,1,0.35303874680780706,Medium
16816.0,1,0.35280943482700383,Medium
16921.0,0,0.3527909556036338,Medium
17597.0,1,0.3527504071685567,Medium
13341.0,1,0.35161343703327397,Medium
13868.0,0,0.351484977112777,Medium
15478.0,0,0.351433229714495,Medium
16113.0,1,0.3510592889759077,Medium
17899.0,1,0.3510592889759077,Medium
15398.0,0,0.350405355279059,Medium
17317.0,0,0.35027052454260693,Medium
17817.0,0,0.350246277758981,Medium
12630.0,0,0.34993728074293484,Medium
14346.0,1,0.3497623192380544,Medium
18232.0,0,0.34973408801855127,Medium
17169.0,0,0.349294370252055,Medium
18150.0,0,0.3490659908190325,Medium
17658.0,0,0.34899778230966255,Medium
12965.0,0,0.34887454853253674,Medium
14081.0,1,0.34855944203511224,Medium
14953.0,0,0.34853978867311597,Medium
17321.0,0,0.3485195073013962,Medium
12602.0,0,0.3478088794095613,Medium
17252.0,1,0.3477067078310478,Medium
13147.0,0,0.34767728711520074,Medium
18252.0,0,0.3476069878382406,Medium
16244.0,1,0.3475105370475258,Medium
16480.0,0,0.3472587953614631,Medium
13336.0,0,0.3472587953614631,Medium
17051.0,1,0.3472205672645277,Medium
17806.0,0,0.3471795120874833,Medium
15630.0,0,0.34716533611436934,Medium
16306.0,1,0.34692650247738044,Medium
13583.0,1,0.34646464249202696,Medium
14597.0,0,0.34635809324402955,Medium
12434.0,0,0.34635809324402955,Medium
17585.0,1,0.3461952323433248,Medium
18160.0,0,0.3461508532068377,Medium
15813.0,1,0.3458353093887496,Medium
13662.0,0,0.34559406919560165,Medium
13566.0,0,0.34516070896966,Medium
13951.0,1,0.34486541710500185,Medium
16824.0,0,0.34479511789985545,Medium
14306.0,0,0.3446802850944859,Medium
17432.0,0,0.3446217279490153,Medium
15907.0,0,0.3444069995123226,Medium
16808.0,1,0.34400882206069294,Medium
16298.0,0,0.3440066572021326,Medium
14093.0,0,0.3435195570312446,Medium
18033.0,0,0.3430204166151861,Medium
15821.0,0,0.3428865191458182,Medium
12762.0,0,0.34274027108545496,Medium
13253.0,1,0.3422166420316744,Medium
17221.0,0,0.34197110956634186,Medium
15883.0,0,0.34197110956634186,Medium
14067.0,0,0.34197110956634186,Medium
17595.0,0,0.34197110956634186,Medium
16629.0,0,0.34197110956634186,Medium
14223.0,1,0.3416313130992358,Medium
12435.0,0,0.34151216648915067,Medium
12397.0,0,0.3414137112595683,Medium
17384.0,0,0.3413099071539581,Medium
15976.0,1,0.3412995379300865,Medium
13122.0,1,0.34116341330133415,Medium
14666.0,0,0.34114729147201606,Medium
15252.0,0,0.34112388221566126,Medium
14342.0,0,0.3409707328402908,Medium
14158.0,0,0.340808435670136,Medium
14867.0,1,0.3407739211429924,Medium
12635.0,0,0.3406787229257282,Medium
14875.0,1,0.34040206401621154,Medium
12454.0,0,0.34037074669518685,Medium
17588.0,1,0.33967524044846253,Medium
16200.0,0,0.33960069801367904,Medium
13283.0,0,0.3394168906621565,Medium
14628.0,1,0.33915158423060854,Medium
15624.0,1,0.3388339730636001,Medium
12398.0,0,0.3385244290509847,Medium
18251.0,0,0.33815257922679454,Medium
15332.0,1,0.3381145226743766,Medium
14332.0,0,0.33787333457263974,Medium
14625.0,1,0.33775535959050695,Medium
16951.0,1,0.33751016320170785,Medium
17100.0,0,0.33728535920863667,Medium
17337.0,1,0.3365951232111048,Medium
14984.0,0,0.33641710727223323,Medium
15032.0,1,0.33614365016989073,Medium
18202.0,1,0.3358558501546662,Medium
16116.0,1,0.3358136946564029,Medium
16008.0,0,0.33552585175582955,Medium
16893.0,1,0.3355082709922612,Medium
13564.0,1,0.33535297259442576,Medium
16384.0,0,0.33503519235108814,Medium
14997.0,0,0.334516938851493,Medium
12735.0,1,0.3345125188607427,Medium
17874.0,1,0.33423955059356303,Medium
13258.0,0,0.33318073622895894,Medium
14152.0,0,0.3327732491715134,Medium
14389.0,0,0.3327243223681011,Medium
13500.0,0,0.33259987544245356,Medium
16714.0,1,0.33259987544245356,Medium
17047.0,0,0.33251775964694025,Medium
12358.0,0,0.3324938340951358,Medium
16056.0,0,0.3314781325081759,Medium
17084.0,0,0.33127984268965593,Medium
17454.0,1,0.33101379161781624,Medium
15186.0,0,0.33067424494664854,Medium
16968.0,0,0.3300879101478605,Medium
14078.0,1,0.3293355962106694,Medium
13849.0,0,0.32821608016125553,Medium
13720.0,1,0.3280257601434784,Medium
13422.0,0,0.327847439564419,Medium
12607.0,0,0.327847439564419,Medium
17155.0,0,0.32782841134746316,Medium
13028.0,0,0.3277592840545391,Medium
15980.0,0,0.327014483092419,Medium
17980.0,1,0.3261024525814847,Medium
13603.0,0,0.325700988835173,Medium
17594.0,0,0.3255235906222859,Medium
14973.0,1,0.32517322304500473,Medium
13131.0,0,0.32517322304500473,Medium
15060.0,0,0.325137896907573,Medium
17521.0,0,0.32475842505318686,Medium
14179.0,0,0.3238599409637764,Medium
17397.0,0,0.32383984155842915,Medium
16368.0,0,0.3238334161901425,Medium
13962.0,0,0.32366372139142563,Medium
17146.0,1,0.3232873673402065,Medium
17897.0,1,0.3232145943411166,Medium
14127.0,1,0.32297874393953363,Medium
15036.0,0,0.3228162899330275,Medium
13900.0,1,0.3227425852263105,Medium
14670.0,1,0.32223812864995105,Medium
18034.0,0,0.32223812864995105,Medium
12604.0,0,0.3220754393206933,Medium
16080.0,0,0.32201068081170897,Medium
17256.0,1,0.3217492243679231,Medium
12950.0,0,0.3213236164482019,Medium
16644.0,1,0.3212722617641585,Medium
13365.0,0,0.3211416870279983,Medium
17282.0,1,0.3203400181982344,Medium
12478.0,0,0.3202795332074812,Medium
18273.0,0,0.32023301937470056,Medium
16584.0,0,0.3194185912516167,Medium
16805.0,1,0.31913023067210117,Medium
17846.0,0,0.3190957225847268,Medium
13461.0,0,0.31901471531758596,Medium
17295.0,0,0.3188848891754122,Medium
16603.0,0,0.31887467678432396,Medium
15800.0,1,0.31856290948266724,Medium
15643.0,1,0.3181955936364276,Medium
14140.0,0,0.3180851019192444,Medium
13363.0,0,0.3180851019192444,Medium
12754.0,1,0.3177264132251092,Medium
15793.0,0,0.31756247944975596,Medium
16038.0,0,0.3172872894155234,Medium
14002.0,1,0.31706533833822415,Medium
13280.0,1,0.31653330435037735,Medium
17783.0,0,0.316504671147047,Medium
13790.0,0,0.3164036729964436,Medium
13822.0,0,0.3161645547584697,Medium
13311.0,0,0.31598567062709887,Medium
13931.0,1,0.31581475554067806,Medium
15782.0,0,0.31530890559568975,Medium
16324.0,1,0.31522966939694946,Medium
13946.0,0,0.3146213295798352,Medium
17157.0,0,0.3140824819881469,Medium
15269.0,0,0.3138955000797468,Medium
17423.0,0,0.3138384167257934,Medium
13972.0,0,0.3133160222408933,Medium
16616.0,0,0.3127823157134599,Medium
14893.0,0,0.3126803068468896,Medium
14287.0,0,0.3121578810969923,Medium
13596.0,0,0.31189439319249107,Medium
13810.0,0,0.31119356152949246,Medium
15163.0,0,0.3110160238263154,Medium
15777.0,1,0.3107953011616914,Medium
12465.0,0,0.3107793767418759,Medium
15757.0,0,0.3107793767418759,Medium
12357.0,0,0.31067228328781576,Medium
13431.0,0,0.31033085257261106,Medium
14014.0,0,0.30987247072429525,Medium
15516.0,0,0.3093957731034164,Medium
12798.0,0,0.3085614827785133,Medium
17031.0,0,0.30838248812622615,Medium
16139.0,0,0.30818551990506987,Medium
16214.0,1,0.3079079332873032,Medium
12642.0,0,0.3079079332873032,Medium
17345.0,0,0.3075421723199919,Medium
13467.0,0,0.3074044603112298,Medium
12752.0,0,0.3068905526051752,Medium
13548.0,1,0.3067042943236076,Medium
14651.0,0,0.3067042943236076,Medium
16037.0,1,0.30619640312397184,Medium
14609.0,0,0.30553784971543146,Medium
18170.0,0,0.3054777050398586,Medium
13404.0,0,0.3047986571259005,Medium
13802.0,1,0.3044349554418372,Medium
16121.0,0,0.304385574235233,Medium
16666.0,0,0.3042763433830854,Medium
18062.0,1,0.3042737811556356,Medium
13607.0,0,0.30361207723627165,Medium
15235.0,1,0.30350384110942447,Medium
16415.0,0,0.30345476605036814,Medium
17446.0,1,0.30340619291508925,Medium
16774.0,0,0.3027531141228302,Medium
15440.0,0,0.3022979967784625,Medium
14421.0,0,0.30169321449683956,Medium
14904.0,0,0.30129121774627815,Medium
17375.0,1,0.30098451336235205,Medium
15054.0,0,0.3007290718673582,Medium
15414.0,0,0.30059251938862924,Medium
14815.0,0,0.30015625737814144,Medium
17831.0,0,0.3000638541121538,Medium
16856.0,0,0.3000638541121538,Medium
16018.0,0,0.2995330072559022,Low
17400.0,1,0.29904032847855816,Low
17566.0,0,0.2985232624582014,Low
18022.0,0,0.2984301304456212,Low
15901.0,0,0.29832917494707134,Low
17014.0,0,0.2980426151655556,Low
12940.0,0,0.29790186293213544,Low
15826.0,0,0.2978349447359853,Low
13271.0,0,0.2968637846225777,Low
16572.0,1,0.29679454598844623,Low
12697.0,0,0.29679454598844623,Low
12695.0,0,0.29678269952950603,Low
16887.0,0,0.29667625132349873,Low
15807.0,0,0.29606229823894625,Low
15675.0,0,0.29605901150671243,Low
16777.0,0,0.2957522343148729,Low
15245.0,1,0.295711906080948,Low
16825.0,0,0.29517163418757725,Low
14803.0,1,0.2951184488233525,Low
17254.0,0,0.29491178862350825,Low
15184.0,0,0.2946241976071592,Low
14231.0,1,0.2940690493592845,Low
17545.0,0,0.29398584039254827,Low
15399.0,0,0.29275874550333053,Low
13055.0,0,0.2926105725063907,Low
17459.0,0,0.2925360101752,Low
12406.0,0,0.2924172464398981,Low
17723.0,1,0.2923073407820929,Low
12904.0,0,0.2922872559145657,Low
15215.0,0,0.292063362974716,Low
17179.0,1,0.29195536432753677,Low
14045.0,1,0.2913668914154897,Low
18112.0,0,0.29132873805444853,Low
16376.0,0,0.29121822912893797,Low
13447.0,0,0.2905336093635125,Low
15533.0,0,0.29049875177101847,Low
16036.0,0,0.2904717740430521,Low
17472.0,1,0.29014460410843723,Low
13656.0,1,0.29004111269006605,Low
13780.0,0,0.29004111269006605,Low
14147.0,0,0.2898583212864582,Low
14273.0,0,0.28961573369192783,Low
16284.0,0,0.28947700947306854,Low
13963.0,1,0.28893037535044747,Low
14465.0,1,0.28838022607658226,Low
14285.0,0,0.2879517647618636,Low
16551.0,1,0.2878981705652633,Low
12502.0,1,0.28784212211974725,Low
17646.0,1,0.28777867404107105,Low
14966.0,0,0.28776941411926177,Low
17724.0,0,0.2877140783112667,Low
13952.0,1,0.28710903875627286,Low
15938.0,1,0.28696781887102035,Low
16725.0,1,0.28668539796010295,Low
13892.0,0,0.286002389448352,Low
16092.0,1,0.28586630204637303,Low
17969.0,1,0.2854171593268706,Low
14710.0,0,0.285285221832513,Low
13851.0,1,0.2847781138198067,Low
15156.0,0,0.28399593080907326,Low
14692.0,1,0.2837802808398825,Low
13301.0,1,0.2837802808398825,Low
16906.0,0,0.28376030408575104,Low
17489.0,0,0.2834821318133019,Low
18035.0,0,0.2834717220451687,Low
15206.0,0,0.28292332074737325,Low
12438.0,0,0.28279457539855346,Low
17101.0,0,0.2825962426311243,Low
13531.0,1,0.2824695459473208,Low
13376.0,1,0.2823878588300179,Low
14828.0,1,0.2823264234218672,Low
17290.0,0,0.2823175656858343,Low
16475.0,0,0.282281248374217,Low
17579.0,0,0.2821415409235366,Low
12883.0,0,0.28212140924695567,Low
12526.0,0,0.2820513692863051,Low
13601.0,0,0.2818706237696377,Low
16232.0,0,0.2814170871295236,Low
12985.0,0,0.2810870138110259,Low
15801.0,0,0.28088684388712953,Low
13037.0,1,0.2807606376086627,Low
15571.0,0,0.2804583930061919,Low
12886.0,0,0.27987635122437043,Low
16020.0,0,0.2792649060730324,Low
12912.0,0,0.27810237199062443,Low
15977.0,0,0.2779812462451698,Low
17500.0,0,0.2772464893220202,Low
14434.0,0,0.2772172529437031,Low
17608.0,0,0.27716754255126497,Low
16734.0,0,0.2770623347323761,Low
17734.0,0,0.2769132180438522,Low
16706.0,0,0.2768805707436194,Low
15512.0,1,0.27666355898557293,Low
16762.0,0,0.27660086075403706,Low
15747.0,0,0.27660086075403706,Low
15329.0,0,0.27660086075403706,Low
15494.0,0,0.27600095493251164,Low
17994.0,1,0.27595719107758426,Low
15969.0,0,0.2756488981311844,Low
16674.0,0,0.27528325050506325,Low
12601.0,1,0.2748708423344685,Low
13617.0,0,0.27484405594403216,Low
15113.0,0,0.27439944063728594,Low
14412.0,0,0.27437450785070516,Low
13685.0,0,0.2741228193769398,Low
17779.0,0,0.27383046108160913,Low
12640.0,0,0.273576685694302,Low
13486.0,0,0.2725326257050383,Low
14006.0,1,0.27238744057738445,Low
13865.0,0,0.272370850004017,Low
16414.0,0,0.2719690057906723,Low
14441.0,0,0.27194320901803026,Low
17058.0,0,0.2715051194068062,Low
16753.0,0,0.27123482586690195,Low
15569.0,1,0.2711191488368989,Low
13344.0,0,0.27091373845406064,Low
16503.0,1,0.2707165338588904,Low
16031.0,1,0.2700780911753244,Low
12394.0,0,0.27003306530372384,Low
14382.0,0,0.26976669202363956,Low
13657.0,0,0.26970473419348595,Low
16804.0,0,0.2686897734009214,Low
14921.0,0,0.268626195007738,Low
16099.0,0,0.26846685537062287,Low
13917.0,0,0.2682575810212246,Low
15872.0,0,0.2676326417117297,Low
14960.0,0,0.2672485784541988,Low
15400.0,1,0.26669962552585214,Low
16157.0,0,0.26669607022902714,Low
17616.0,1,0.26631306723005077,Low
15754.0,0,0.26603169238187235,Low
15599.0,0,0.26520663968337194,Low
17351.0,0,0.2650278298935322,Low
16446.0,0,0.26488078879270927,Low
13079.0,0,0.2647255855045901,Low
16416.0,0,0.26442421073073585,Low
13027.0,1,0.2637462379215326,Low
18287.0,0,0.2631022202608385,Low
14836.0,0,0.26277748711985394,Low
15321.0,0,0.2625139033314675,Low
16000.0,0,0.2624482259795673,Low
13314.0,0,0.26226676718188485,Low
13186.0,0,0.26181523053263633,Low
15561.0,0,0.26163200297823286,Low
14240.0,0,0.2614553370732047,Low
15489.0,0,0.2611345017697053,Low
17928.0,0,0.2609499748066143,Low
13867.0,0,0.260830885918732,Low
14532.0,1,0.26066644453156873,Low
16513.0,0,0.26027086307023295,Low
16520.0,1,0.2599924225369916,Low
14592.0,0,0.25929676074668084,Low
14034.0,0,0.2587160720607786,Low
14856.0,0,0.25863044167025995,Low
14598.0,0,0.25761431260803336,Low
17664.0,0,0.2575340538566608,Low
14359.0,0,0.2573953038731626,Low
18017.0,0,0.2569584812230329,Low
12701.0,0,0.2568428951932219,Low
17341.0,1,0.2567995097128666,Low
12885.0,0,0.25653553090286674,Low
14403.0,1,0.25628661103790584,Low
12412.0,0,0.25618812306236066,Low
14128.0,0,0.25612583583739773,Low
18155.0,0,0.25609935150209706,Low
17460.0,1,0.255627823281368,Low
14584.0,1,0.25548387840395687,Low
16759.0,0,0.25537854550179173,Low
12413.0,0,0.255354369910229,Low
15877.0,0,0.25533023660989335,Low
13989.0,0,0.2552781992403255,Low
16842.0,1,0.2547970840902599,Low
14216.0,0,0.2544884067302041,Low
14930.0,1,0.2539936976203436,Low
18040.0,0,0.25324077972496306,Low
17832.0,0,0.25320495108667146,Low
15730.0,0,0.25249065480629845,Low
15238.0,0,0.25249065480629845,Low
15839.0,0,0.25249065480629845,Low
13016.0,0,0.2524722804253983,Low
14593.0,0,0.2524444810359929,Low
14246.0,1,0.2517603018695173,Low
13562.0,0,0.2517603018695173,Low
14272.0,0,0.2516834396914282,Low
12936.0,0,0.25128906825737857,Low
15646.0,1,0.25094065553790884,Low
12710.0,1,0.2507504283036769,Low
15306.0,0,0.2507504283036769,Low
18270.0,0,0.2506084316689525,Low
18189.0,0,0.25009709513932077,Low
12422.0,1,0.24989683379916655,Low
15574.0,1,0.24959795665140666,Low
17289.0,0,0.2495303248619413,Low
17259.0,1,0.24950465064083685,Low
15325.0,1,0.24936594301995416,Low
14555.0,0,0.24921739250301306,Low
15181.0,0,0.24912595169214413,Low
14561.0,0,0.2491058410246629,Low
17770.0,1,0.2488051780379363,Low
16383.0,0,0.2478611706535515,Low
14473.0,0,0.24604609385089896,Low
12488.0,0,0.24577380965344856,Low
14141.0,0,0.24564989797494216,Low
14038.0,0,0.24560433699895748,Low
13637.0,0,0.24554455394971236,Low
16362.0,0,0.2454061782233548,Low
15933.0,0,0.24490262620628014,Low
14522.0,0,0.24490179597903458,Low
16325.0,0,0.24435814975602774,Low
13038.0,0,0.2442406573426034,Low
17703.0,0,0.24398221028135253,Low
13748.0,1,0.24392471004642177,Low
13427.0,0,0.24383652422721952,Low
14720.0,0,0.24250365976278535,Low
14075.0,0,0.24239197463496392,Low
18015.0,0,0.24219091235474585,Low
17299.0,0,0.2417221747128745,Low
13546.0,0,0.24171137285561314,Low
14801.0,0,0.24167135986979218,Low
15809.0,0,0.24164719664720655,Low
14077.0,0,0.24164719664720655,Low
17797.0,0,0.2415856125753512,Low
14019.0,0,0.2410132192214002,Low
16807.0,1,0.24098171731454687,Low
14383.0,0,0.24098171731454687,Low
16924.0,0,0.24074422100741136,Low
14352.0,1,0.24064241798822242,Low
12527.0,0,0.24048008465093038,Low
14758.0,1,0.2403839663660188,Low
16801.0,1,0.2403839663660188,Low
16878.0,0,0.24013099879840386,Low
14830.0,0,0.23989489083233206,Low
15122.0,1,0.23988552833260324,Low
16418.0,0,0.23970448706013486,Low
18130.0,0,0.23962753913072868,Low
16205.0,0,0.23957102971144273,Low
16102.0,0,0.23930517709871799,Low
12680.0,0,0.23835308005540332,Low
17572.0,0,0.23787451116768446,Low
14087.0,0,0.2370227508286621,Low
13308.0,0,0.23671949579252208,Low
15095.0,1,0.236527550234356,Low
17405.0,0,0.23576471545595573,Low
12464.0,0,0.23548851053987915,Low
16892.0,0,0.2350565143397079,Low
13220.0,0,0.23505197099361194,Low
13558.0,0,0.23461183682739004,Low
16654.0,1,0.23409207285278089,Low
13524.0,0,0.2340431064624669,Low
16900.0,0,0.23337559434130087,Low
18149.0,0,0.23321541991003378,Low
15050.0,0,0.23315795879050108,Low
15636.0,0,0.23303847518951026,Low
17396.0,0,0.23280262751686195,Low
17731.0,0,0.23221624873313682,Low
15199.0,0,0.23206383019023283,Low
17444.0,1,0.2319098217622947,Low
12654.0,0,0.23141572120988385,Low
14276.0,1,0.23140664791021404,Low
15067.0,0,0.23115007836188922,Low
13282.0,0,0.22962985408006753,Low
16094.0,0,0.2295522579146699,Low
16317.0,1,0.22945943030423166,Low
15756.0,0,0.22880250746902236,Low
16806.0,1,0.22878086633528666,Low
14669.0,1,0.22857117532758758,Low
13323.0,0,0.2282463938826541,Low
12596.0,0,0.227935005720447,Low
18196.0,1,0.2278237388165649,Low
13544.0,0,0.22627136758981106,Low
14790.0,0,0.2260274364271438,Low
13681.0,0,0.22539197322834376,Low
17527.0,0,0.22495821005593006,Low
12924.0,0,0.2248525330537569,Low
12628.0,0,0.2247937361650339,Low
16175.0,1,0.22430930670166405,Low
15582.0,0,0.22355376561503792,Low
14125.0,0,0.2231647397314947,Low
12393.0,0,0.22298641752907622,Low
16566.0,0,0.22291434866956963,Low
17190.0,0,0.22223265004049592,Low
18136.0,0,0.22214749236679,Low
12823.0,0,0.22170663116992453,Low
14472.0,1,0.22077431610733275,Low
17759.0,0,0.22072205610082396,Low
15744.0,0,0.22063977126278675,Low
13425.0,1,0.2201205273064679,Low
14297.0,0,0.21997887393535842,Low
18242.0,0,0.2198284356861123,Low
13940.0,0,0.21958359987078893,Low
14111.0,0,0.2195737185082834,Low
13741.0,0,0.2193746734170126,Low
16533.0,0,0.21924839726304055,Low
17777.0,0,0.21906081060507962,Low
15787.0,0,0.2190017129576056,Low
14475.0,0,0.21866941152467012,Low
17048.0,1,0.21866941152467012,Low
16750.0,0,0.21827969305969475,Low
17350.0,0,0.21827676359844964,Low
12994.0,0,0.2182361763425502,Low
15267.0,0,0.21816140263070255,Low
17002.0,0,0.21806122431223546,Low
12723.0,0,0.2180004116930211,Low
16621.0,0,0.217792018269593,Low
17560.0,1,0.217792018269593,Low
13379.0,0,0.21764514096782966,Low
15081.0,0,0.21752238046262362,Low
15108.0,1,0.21685275408087934,Low
13813.0,0,0.21685275408087934,Low
16518.0,0,0.21658007705374763,Low
15706.0,0,0.21632284309292893,Low
15421.0,0,0.21622345119914751,Low
17631.0,0,0.2161479703069166,Low
15026.0,0,0.2159124247339714,Low
17361.0,0,0.21555868955546206,Low
16295.0,0,0.21550761862608062,Low
15030.0,0,0.21512048042876514,Low
16308.0,0,0.2149234475050734,Low
14970.0,0,0.2148797702983907,Low
15027.0,0,0.21354702214703308,Low
14336.0,0,0.21342806329587766,Low
14805.0,0,0.21342356030162082,Low
17320.0,1,0.21276751361543467,Low
13200.0,0,0.21248279406259019,Low
13092.0,0,0.21214915048166327,Low
16136.0,0,0.2120861971690775,Low
15806.0,0,0.21202627633693485,Low
12679.0,0,0.2118054104031671,Low
15500.0,0,0.211191182934059,Low
15797.0,1,0.2109893645530701,Low
14971.0,0,0.21078685698554012,Low
15009.0,0,0.21078685698554012,Low
15745.0,0,0.2107714716583495,Low
12942.0,1,0.21060982927722563,Low
16571.0,0,0.21049816337518398,Low
16419.0,1,0.21039394159190736,Low
14161.0,1,0.2102995942808581,Low
13950.0,0,0.20939521766034075,Low
16374.0,0,0.20911289874760802,Low
15393.0,0,0.20887906763334385,Low
16444.0,0,0.2086620821244896,Low
17115.0,0,0.20853937319056134,Low
13591.0,0,0.20784120345326948,Low
17768.0,0,0.20775036738860422,Low
13212.0,0,0.20770575109119782,Low
15814.0,0,0.20745816346952325,Low
18246.0,0,0.2071434326195279,Low
12669.0,1,0.20695793952151118,Low
17064.0,0,0.20613792124057223,Low
17728.0,0,0.20601293387231634,Low
14740.0,1,0.2056165429052043,Low
17360.0,0,0.20514314599035116,Low
17262.0,0,0.2040622244303068,Low
15669.0,0,0.20389057392400037,Low
14959.0,0,0.20389057392400037,Low
14198.0,0,0.20389057392400037,Low
12643.0,1,0.20322776851441227,Low
12993.0,0,0.20293006602475636,Low
12360.0,0,0.20260893809052397,Low
12722.0,0,0.20222018354014362,Low
12693.0,1,0.20220316050669976,Low
14387.0,0,0.20207059383669465,Low
13405.0,0,0.2020221685714051,Low
17856.0,0,0.20135810828959375,Low
12372.0,0,0.20108141773241545,Low
13330.0,1,0.20108141773241545,Low
17388.0,0,0.20070463303383063,Low
13666.0,0,0.20069922120258213,Low
14952.0,0,0.2006687019789157,Low
14880.0,0,0.2006182665490234,Low
18211.0,0,0.20061266591127963,Low
18036.0,0,0.200532449886405,Low
18080.0,0,0.20029603237981353,Low
16969.0,0,0.2000180561932315,Low
15452.0,0,0.19988173596816605,Low
12409.0,0,0.19965972830191006,Low
16768.0,0,0.19958702497899442,Low
17096.0,0,0.19931288448438728,Low
15743.0,0,0.1992687440909961,Low
14233.0,0,0.1991358378971272,Low
17828.0,0,0.19796485287253857,Low
12352.0,0,0.19701256748239737,Low
16639.0,0,0.19699131283558396,Low
15270.0,0,0.19673013028999833,Low
14798.0,0,0.19661611779398552,Low
14250.0,0,0.19660793183215303,Low
13539.0,0,0.19653477263053776,Low
15192.0,1,0.19650458381178346,Low
18173.0,0,0.1964454333241738,Low
15618.0,0,0.196340821036249,Low
15376.0,0,0.1957934656490546,Low
15850.0,0,0.1957719813150408,Low
16040.0,0,0.1952275828051694,Low
16495.0,0,0.19504705693597427,Low
16620.0,0,0.1945603233654056,Low
16206.0,0,0.1943915855784379,Low
13240.0,1,0.19424115494801236,Low
17024.0,0,0.19379132913748198,Low
16669.0,0,0.19304307791770173,Low
16182.0,0,0.19254597221617306,Low
16009.0,0,0.1924550394569237,Low
14163.0,0,0.19198031825814232,Low
13835.0,0,0.19188948569137146,Low
15116.0,0,0.19144822414699603,Low
17033.0,0,0.19125849394275038,Low
13516.0,0,0.19124808497934606,Low
17204.0,1,0.1906645522820037,Low
12609.0,0,0.19051804524918697,Low
18139.0,0,0.19020406394719303,Low
18178.0,1,0.1900771057920631,Low
17461.0,0,0.18997648140842205,Low
16668.0,0,0.18990583471455177,Low
16889.0,1,0.18985066350022,Low
12616.0,1,0.18983582137512384,Low
12458.0,0,0.18953921767474566,Low
15656.0,0,0.18902625091660946,Low
15952.0,0,0.188681943943816,Low
15022.0,0,0.1884802005761631,Low
16987.0,0,0.1881943775681532,Low
18239.0,1,0.1879258444207416,Low
17006.0,0,0.1877656366280526,Low
13575.0,0,0.1877113946893484,Low
17864.0,0,0.18753212945860273,Low
17386.0,0,0.187307940207086,Low
16462.0,0,0.18718298957555543,Low
16012.0,0,0.18718237745008917,Low
16357.0,0,0.18712571157710559,Low
14818.0,0,0.18712571157710559,Low
15065.0,0,0.18710908038286764,Low
17509.0,0,0.18680127831561885,Low
12952.0,0,0.18626933886088964,Low
17633.0,0,0.18626933886088964,Low
15644.0,1,0.18599912459779253,Low
15889.0,1,0.18582883946808285,Low
16573.0,0,0.18560921243847595,Low
13899.0,0,0.18520285321175275,Low
14447.0,0,0.18446290691655512,Low
15704.0,1,0.18444051725394942,Low
14129.0,0,0.18392823034658232,Low
16642.0,0,0.18385982069885928,Low
18096.0,0,0.183740144719888,Low
16460.0,0,0.183740144719888,Low
14193.0,0,0.18337850588869684,Low
12728.0,0,0.18304656526578064,Low
12783.0,0,0.18296354096997228,Low
12906.0,0,0.1827513600567659,Low
17406.0,1,0.18258159241888922,Low
13417.0,0,0.1824857440325757,Low
15808.0,1,0.18220289215901836,Low
16045.0,1,0.1821852969916339,Low
17034.0,0,0.18184911879679866,Low
14859.0,0,0.18155827999972024,Low
14364.0,1,0.18137676134921057,Low
17230.0,1,0.18137676134921057,Low
15449.0,0,0.18137456036389124,Low
17867.0,0,0.18088865579575256,Low
13475.0,1,0.18081757128078185,Low
13297.0,0,0.18075238785115263,Low
13158.0,1,0.18060820447499065,Low
16015.0,0,0.18044884773339598,Low
15508.0,1,0.1802924708522821,Low
15549.0,0,0.17938527255420023,Low
14234.0,0,0.17902620032212574,Low
17932.0,0,0.17852626477196804,Low
13577.0,0,0.17831847597312112,Low
13647.0,0,0.17831847597312112,Low
13573.0,0,0.17814492242963306,Low
16173.0,0,0.17812614320338344,Low
18235.0,0,0.17805929448543603,Low
12830.0,0,0.177950813428229,Low
15841.0,0,0.17769227991079314,Low
15124.0,0,0.17753543091282295,Low
17692.0,1,0.17752483196555194,Low
16185.0,0,0.17712242831378217,Low
15136.0,0,0.17706388553236108,Low
16688.0,0,0.17706388553236108,Low
15855.0,1,0.1765987315604741,Low
16464.0,0,0.17624633541403825,Low
13692.0,0,0.1761134519308025,Low
17924.0,0,0.17609165024876167,Low
16245.0,0,0.17581241868269648,Low
15810.0,0,0.17577710436549923,Low
12463.0,0,0.17577710436549923,Low
12657.0,0,0.17572729085495256,Low
16201.0,0,0.17571173657853673,Low
16778.0,0,0.17556227498585314,Low
15625.0,1,0.17478538153435547,Low
16637.0,0,0.174614729656872,Low
13316.0,0,0.17434323528886736,Low
12828.0,0,0.17431891648217757,Low
12364.0,0,0.17369433630204434,Low
16469.0,0,0.17347747270851227,Low
17653.0,0,0.17324822269915885,Low
15506.0,0,0.17295438856549694,Low
17272.0,0,0.1728250768393774,Low
12674.0,0,0.17276019376806365,Low
17656.0,0,0.17275932630071017,Low
18263.0,0,0.1727206621839181,Low
17988.0,0,0.17229399590070327,Low
16438.0,0,0.1722222774973374,Low
16730.0,0,0.1721878877597328,Low
15608.0,0,0.17176800388901411,Low
17159.0,0,0.1717011808132464,Low
17302.0,0,0.1710279955002095,Low
13320.0,0,0.17067902089446862,Low
15128.0,0,0.17067902089446862,Low
17590.0,0,0.17057059649021059,Low
15145.0,0,0.17047470377187512,Low
14897.0,0,0.17040204510030196,Low
15411.0,0,0.17015920799307577,Low
14700.0,0,0.17009983862518768,Low
15584.0,0,0.16997199804183677,Low
14167.0,0,0.16989979561420843,Low
14504.0,0,0.1696879409853039,Low
12970.0,0,0.16951099936413266,Low
17624.0,0,0.16883364163152006,Low
12348.0,0,0.16878934322669906,Low
14631.0,0,0.1686845722470957,Low
17376.0,0,0.1683503650078521,Low
15641.0,1,0.1681323825683532,Low
17193.0,0,0.16804363985734289,Low
16169.0,0,0.16784935291619682,Low
13389.0,0,0.16772088107051827,Low
16882.0,0,0.1676297603131562,Low
13555.0,0,0.1672416164797613,Low
16660.0,0,0.1671156217517936,Low
12399.0,1,0.16710168019636354,Low
13162.0,1,0.16709562725582383,Low
12853.0,1,0.16690013361839065,Low
14554.0,0,0.16683033201238703,Low
17702.0,0,0.16661597868058328,Low
16341.0,0,0.16661597868058328,Low
12633.0,0,0.16661597868058328,Low
18093.0,1,0.16542802403473178,Low
16172.0,1,0.16488572541163854,Low
17929.0,0,0.16477844663379387,Low
16389.0,0,0.16448937830135105,Low
13860.0,0,0.1644168262763646,Low
17080.0,0,0.16426558256872537,Low
17774.0,1,0.16408914808427932,Low
13719.0,0,0.16406572012771042,Low
14456.0,0,0.16400179869518886,Low
15434.0,0,0.16362126773098037,Low
15121.0,0,0.1633453226787698,Low
17648.0,0,0.16295574317482045,Low
16681.0,0,0.16246087710265394,Low
13918.0,0,0.16225547025090084,Low
14344.0,1,0.16219721682978167,Low
16279.0,0,0.1620718811030462,Low
12763.0,1,0.16176296558174186,Low
16131.0,0,0.16168927659435034,Low
17457.0,1,0.16116557362591574,Low
17515.0,0,0.16115639145751504,Low
15299.0,0,0.1611100531968846,Low
16126.0,0,0.16094339413242725,Low
14655.0,0,0.16084405739409163,Low
15079.0,1,0.16079101779494936,Low
17175.0,0,0.160670180236263,Low
13744.0,1,0.1604610969084099,Low
14477.0,0,0.1604576036947705,Low
16709.0,0,0.16034217383380905,Low
17481.0,0,0.15989554304354517,Low
15051.0,0,0.15971704664832195,Low
14912.0,0,0.1595001437477893,Low
13525.0,0,0.15942438553620125,Low
13397.0,0,0.15919504237236684,Low
15579.0,0,0.15893874273055608,Low
16463.0,0,0.15870946738984704,Low
17462.0,0,0.15858934569703545,Low
15681.0,0,0.15850378727889824,Low
15289.0,0,0.15839271246426734,Low
13238.0,0,0.15825443394229535,Low
15831.0,0,0.1582378166811477,Low
14591.0,0,0.15816966294660229,Low
14607.0,0,0.15814655628863106,Low
15068.0,0,0.1580610955425396,Low
12781.0,0,0.15800979140363378,Low
16984.0,0,0.15750616439340967,Low
13203.0,0,0.15749722063252752,Low
17526.0,0,0.15737039575601047,Low
17812.0,0,0.15735700369653782,Low
16209.0,0,0.15717190717232674,Low
17436.0,0,0.15712684160967144,Low
14691.0,0,0.15702344161098974,Low
13118.0,0,0.15699241630268634,Low
12840.0,1,0.15662783582771633,Low
12620.0,0,0.15646647251682058,Low
12456.0,0,0.1562380686119161,Low
13373.0,0,0.1562380686119161,Low
17883.0,0,0.15608535117342068,Low
15312.0,0,0.1560456805298405,Low
14418.0,0,0.155446171925101,Low
12380.0,0,0.155401924931507,Low
14251.0,0,0.15520470804898284,Low
17930.0,0,0.15509285537253595,Low
13429.0,0,0.15501642978804167,Low
13750.0,0,0.15482849402366408,Low
14851.0,0,0.15474196971988535,Low
14224.0,1,0.15468887487506977,Low
14759.0,0,0.15457811035099986,Low
13517.0,0,0.15442945364074695,Low
12560.0,0,0.15442945364074695,Low
18204.0,0,0.15442945364074695,Low
13984.0,0,0.15435580258280765,Low
15965.0,0,0.15423219593148735,Low
17007.0,0,0.15411014354631838,Low
17410.0,0,0.1540553006805759,Low
13760.0,0,0.15405072794923874,Low
13145.0,0,0.153862324412143,Low
17371.0,0,0.1538551498416917,Low
16369.0,0,0.1535592597635421,Low
16066.0,0,0.1533853180324027,Low
16612.0,0,0.15337954054072206,Low
17131.0,0,0.1532978674874554,Low
13049.0,0,0.15227421064483707,Low
14636.0,0,0.1522727365999331,Low
14414.0,1,0.15190154280165472,Low
16399.0,0,0.15187343426041786,Low
14644.0,0,0.15160179540041074,Low
13593.0,1,0.1515771208347303,Low
16667.0,0,0.15157458674196195,Low
15707.0,0,0.1515627352200262,Low
14901.0,0,0.15153109603257375,Low
17733.0,0,0.15129691975688844,Low
17974.0,0,0.1506180493930514,Low
14515.0,0,0.1505370090639612,Low
17180.0,0,0.15052418283640379,Low
13623.0,0,0.15050763995812877,Low
13991.0,0,0.1500603772557237,Low
16618.0,0,0.14973297856702164,Low
12541.0,0,0.1497235099576567,Low
16184.0,0,0.14960495670226315,Low
14289.0,0,0.14957722567440998,Low
13772.0,0,0.1493443626903893,Low
12381.0,0,0.149149856368875,Low
13808.0,0,0.149149856368875,Low
12457.0,0,0.149149856368875,Low
14744.0,0,0.1491273043001938,Low
15117.0,0,0.14907435434095265,Low
16266.0,0,0.14883447607150174,Low
15253.0,0,0.14873098011232913,Low
12691.0,0,0.1486123890599914,Low
13410.0,0,0.1486123890599914,Low
13157.0,0,0.1483507351625669,Low
17054.0,0,0.1483285381659902,Low
14934.0,0,0.14799659880329186,Low
15123.0,0,0.14794283142734407,Low
13884.0,0,0.14787563287285888,Low
15484.0,0,0.14783649339857716,Low
15587.0,0,0.14781189558683366,Low
15983.0,0,0.14742400863548136,Low
16748.0,0,0.14732977607575667,Low
13402.0,1,0.14726427528368977,Low
16493.0,0,0.1471828092752689,Low
15038.0,0,0.1471501221027627,Low
12933.0,0,0.1463590623626867,Low
16261.0,0,0.14628454045370926,Low
17979.0,0,0.14628454045370926,Low
13167.0,0,0.14624587639886902,Low
16188.0,0,0.14610829652008273,Low
14665.0,0,0.14605326936660137,Low
16532.0,0,0.14600311031279473,Low
14116.0,0,0.14594434599916983,Low
12842.0,0,0.14593918644245743,Low
16790.0,0,0.14556201067029273,Low
17063.0,0,0.14539364611567032,Low
14407.0,1,0.14502645326814773,Low
17921.0,0,0.1449870530181803,Low
15658.0,1,0.1449530874811708,Low
16370.0,0,0.1449423357571697,Low
15201.0,0,0.1448277090966188,Low
15898.0,0,0.14465590831435987,Low
14205.0,0,0.14465215566254333,Low
17086.0,0,0.1444389640986233,Low
16042.0,0,0.14424690794022074,Low
15531.0,0,0.14402862376347703,Low
16122.0,0,0.14396868776191651,Low
16837.0,0,0.14386758798269553,Low
13313.0,0,0.14375608211484725,Low
12407.0,0,0.14375554055021178,Low
14511.0,0,0.14361891958399084,Low
17950.0,0,0.14314716014723042,Low
14023.0,0,0.14312107763741383,Low
14844.0,0,0.14309540998846665,Low
15228.0,0,0.14309540998846665,Low
18079.0,0,0.14309540998846665,Low
12759.0,0,0.14303741844919352,Low
17025.0,0,0.14296193050079953,Low
13549.0,0,0.14293751578053823,Low
17411.0,0,0.14272499811787367,Low
16014.0,0,0.1426725669631645,Low
14565.0,1,0.14265499208330693,Low
17183.0,0,0.14251361489989214,Low
12854.0,0,0.1423850023668151,Low
13499.0,0,0.14234973699998335,Low
17589.0,0,0.14231822712249576,Low
17147.0,0,0.14226299728815106,Low
16027.0,1,0.14210644986694593,Low
16128.0,0,0.14199152525351846,Low
14995.0,0,0.14193076403635546,Low
14916.0,0,0.14190773769074597,Low
14626.0,0,0.14162077406241994,Low
16877.0,0,0.1414933024579395,Low
17676.0,0,0.1414876202883373,Low
15785.0,0,0.14138282389235932,Low
12670.0,0,0.1413277282428431,Low
14978.0,0,0.14122438300880275,Low
16869.0,0,0.14058208698934216,Low
13094.0,0,0.14039999225139194,Low
13046.0,0,0.13990756401686277,Low
15365.0,0,0.13956132797594728,Low
18008.0,0,0.13954182337722384,Low
15380.0,0,0.13937604206989515,Low
16212.0,0,0.1392002331087549,Low
15835.0,0,0.13915897217599044,Low
17088.0,0,0.13915583865383235,Low
17787.0,1,0.13915583865383235,Low
16441.0,0,0.13913069678002532,Low
15031.0,0,0.13906203739608824,Low
16682.0,0,0.1389332458330892,Low
16511.0,0,0.13892463023368304,Low
17073.0,0,0.13885986983992465,Low
14931.0,0,0.1383445074795638,Low
14514.0,0,0.13833017351189542,Low
14305.0,0,0.1381332189887163,Low
16693.0,0,0.1377314075801581,Low
14837.0,0,0.13768199340453235,Low
16755.0,1,0.13735659774779613,Low
16208.0,0,0.1373227709960857,Low
16711.0,0,0.13731363947442002,Low
16365.0,0,0.13691090225563235,Low
17886.0,0,0.13673899760547034,Low
12909.0,0,0.13647019578765615,Low
13557.0,0,0.13637162507094971,Low
12449.0,0,0.1362615179018506,Low
17203.0,0,0.13622994543400693,Low
17894.0,0,0.13602882765736551,Low
12432.0,0,0.13555819359034768,Low
15596.0,1,0.13547515532206778,Low
16989.0,0,0.13547412990910485,Low
15799.0,0,0.13515178125423954,Low
13715.0,1,0.13491232997421077,Low
17837.0,0,0.13491232997421077,Low
16960.0,0,0.1346272353603642,Low
14235.0,0,0.13459689607986017,Low
15530.0,0,0.134361274752108,Low
16043.0,0,0.13423697368955698,Low
14871.0,0,0.13371204443606222,Low
16996.0,0,0.13354913502135934,Low
14064.0,0,0.13354695645282935,Low
16350.0,0,0.13336314566652552,Low
17490.0,0,0.13331440331987837,Low
16379.0,0,0.13327389907008336,Low
15110.0,0,0.13304082693058966,Low
15028.0,0,0.13285343162981417,Low
16770.0,0,0.1325789925467303,Low
15712.0,0,0.13247704094076007,Low
14754.0,0,0.1319626731694998,Low
14467.0,0,0.13181718418564145,Low
15722.0,0,0.13180276909388747,Low
12997.0,0,0.13179346179118262,Low
15511.0,0,0.13178570901849793,Low
12530.0,0,0.13177046537194398,Low
15716.0,1,0.13176538783527295,Low
14113.0,0,0.13166763340885088,Low
17188.0,0,0.13141160679291683,Low
14226.0,0,0.13141160679291683,Low
13904.0,0,0.1311810079250632,Low
12849.0,0,0.13093474312733738,Low
15847.0,0,0.13090864503132799,Low
16676.0,0,0.13087600822379847,Low
13292.0,0,0.13076666632793224,Low
17373.0,0,0.1304755862588657,Low
15444.0,0,0.13004055146488247,Low
13908.0,0,0.13000779097753368,Low
13115.0,0,0.13000779097753368,Low
16103.0,0,0.12992198479149178,Low
15208.0,0,0.1295764023995902,Low
14360.0,0,0.12933930468773183,Low
14738.0,0,0.12921566534533022,Low
12615.0,0,0.12902242539563605,Low
15863.0,0,0.12894441093516776,Low
14608.0,0,0.12893629851806906,Low
16203.0,0,0.12892837930119255,Low
13515.0,0,0.12835984908409448,Low
15864.0,0,0.1282833834086131,Low
17250.0,0,0.1282056537573353,Low
17873.0,0,0.1279726271034105,Low
13107.0,0,0.12794437504569972,Low
12645.0,0,0.12794437504569972,Low
13882.0,0,0.12747893284324024,Low
15164.0,0,0.12716071127516398,Low
12421.0,0,0.1271408866280483,Low
18171.0,0,0.12702569915850218,Low
13611.0,0,0.12680185207385697,Low
13149.0,0,0.1267242179207253,Low
15062.0,0,0.1262613864997305,Low
17135.0,0,0.12615544589061986,Low
14507.0,0,0.12550627338044143,Low
13064.0,0,0.12549444792522702,Low
13134.0,0,0.12543267051045345,Low
17951.0,0,0.12542241382099958,Low
17720.0,0,0.12518433787049485,Low
15819.0,0,0.12510433544641136,Low
15367.0,0,0.12510433544641136,Low
15407.0,0,0.1247855460978252,Low
14829.0,0,0.12458711896351775,Low
16358.0,0,0.12420019892825511,Low
14016.0,1,0.12419232972353259,Low
15416.0,0,0.12419232972353259,Low
14676.0,0,0.12354914849021528,Low
16657.0,0,0.12354174343779208,Low
14976.0,0,0.1234745612914992,Low
16235.0,0,0.1233123021049281,Low
14529.0,0,0.1231477930057553,Low
16833.0,0,0.12304229775973058,Low
13159.0,0,0.12294075275540454,Low
17522.0,0,0.12284567776364894,Low
12951.0,0,0.12264313024206769,Low
17109.0,0,0.12263734178534082,Low
15227.0,0,0.12253601339475174,Low
13650.0,0,0.12253552639000151,Low
18237.0,0,0.12253375642753464,Low
17075.0,0,0.12248096011772824,Low
17173.0,0,0.1220016530876687,Low
14379.0,0,0.12163663185236281,Low
14553.0,0,0.12126382658606744,Low
12724.0,0,0.12103007196312258,Low
17214.0,0,0.12093415443733678,Low
13507.0,0,0.12090020127729233,Low
17092.0,0,0.12072601457972175,Low
13510.0,0,0.12072601457972175,Low
15676.0,0,0.12066777506072086,Low
15406.0,0,0.1205798330029109,Low
15622.0,0,0.12045045008776,Low
17043.0,0,0.1204310361996279,Low
14440.0,0,0.12034312073938427,Low
17516.0,0,0.12017166392542482,Low
17671.0,0,0.11989410076340812,Low
15002.0,1,0.11977019746573812,Low
17198.0,0,0.1197466288640408,Low
15394.0,0,0.11967812615917685,Low
14745.0,1,0.11961087267844615,Low
17722.0,1,0.11952224483818105,Low
14618.0,0,0.11936748242327226,Low
14102.0,0,0.11933654709715089,Low
12668.0,0,0.11912874579400888,Low
17672.0,0,0.11907468711560791,Low
15812.0,1,0.11900219088841534,Low
15237.0,0,0.11888668403042091,Low
16224.0,0,0.11888668403042091,Low
13456.0,0,0.11882415692987672,Low
14649.0,0,0.11859559364769282,Low
15903.0,0,0.11807673658703663,Low
17830.0,0,0.1178342036935102,Low
14883.0,0,0.11783305322430979,Low
14573.0,1,0.1175944958816811,Low
13421.0,0,0.11755180291757059,Low
14047.0,0,0.11740062427939933,Low
17940.0,0,0.11733940063676007,Low
15550.0,0,0.11707644392673835,Low
17133.0,0,0.1167926583089701,Low
13110.0,0,0.11653121273428735,Low
13771.0,0,0.11634099449276944,Low
13895.0,0,0.11629433568609968,Low
18168.0,1,0.11617980356845763,Low
13941.0,0,0.11599424276940334,Low
17796.0,0,0.11590012742740027,Low
16083.0,1,0.11587629090078203,Low
12868.0,1,0.11584796439768656,Low
14698.0,0,0.115606895045617,Low
16023.0,0,0.11558239773951412,Low
16933.0,0,0.11546345546165213,Low
14715.0,0,0.11543775316337192,Low
13736.0,0,0.1152549203638777,Low
12429.0,0,0.11514344254807517,Low
13213.0,0,0.11498089132271688,Low
16057.0,0,0.11489560565946924,Low
13495.0,0,0.11484931382012498,Low
15594.0,0,0.1146955084697972,Low
17738.0,0,0.11467927790292062,Low
18231.0,1,0.11434057645478628,Low
17027.0,0,0.11418495026970181,Low
17097.0,0,0.11418495026970181,Low
14673.0,0,0.11413781855455271,Low
13136.0,0,0.11395978897107761,Low
14493.0,0,0.11395978897107761,Low
13644.0,0,0.11380903113210798,Low
14121.0,0,0.11380903113210798,Low
14623.0,0,0.11377455312020024,Low
16992.0,0,0.11361716710306279,Low
13636.0,0,0.11308637534156851,Low
15288.0,0,0.11308531881288007,Low
15737.0,0,0.11306915584513258,Low
17905.0,0,0.11282166053181576,Low
13680.0,0,0.11267388077860994,Low
15673.0,0,0.11243421470874056,Low
12685.0,0,0.11216630567527291,Low
15764.0,0,0.11206114149311186,Low
14948.0,0,0.11200041653902683,Low
17255.0,0,0.11189485093756876,Low
12577.0,0,0.11188930388065423,Low
13735.0,0,0.11188671219825846,Low
17552.0,0,0.11173022251713094,Low
14834.0,0,0.11141200156993594,Low
16386.0,0,0.111358254863691,Low
15990.0,0,0.1113466129426109,Low
17189.0,1,0.11132131829596816,Low
14157.0,0,0.11132131829596816,Low
12820.0,0,0.11111593630333802,Low
14419.0,0,0.11089161771370537,Low
13168.0,0,0.11065143734016392,Low
16361.0,0,0.11040415463304722,Low
16086.0,0,0.11025352880189727,Low
13450.0,0,0.10982587149497507,Low
13824.0,0,0.1096771203752177,Low
12749.0,0,0.10964426501340549,Low
14653.0,0,0.10953998271280725,Low
13362.0,0,0.10950192949882573,Low
15626.0,0,0.10919378767523302,Low
14913.0,0,0.10918243282784568,Low
17085.0,1,0.10899470594896185,Low
17554.0,0,0.1088174893451784,Low
15339.0,0,0.10873118428727865,Low
13782.0,0,0.10864494026871575,Low
12520.0,0,0.10861538271319088,Low
15351.0,0,0.10850417175355224,Low
14741.0,0,0.10826361515374555,Low
13956.0,0,0.10825202139409666,Low
17504.0,1,0.10818479126469499,Low
17434.0,0,0.10818479126469499,Low
13924.0,0,0.10818479126469499,Low
12963.0,0,0.10813207690144057,Low
16593.0,0,0.10797257656764876,Low
17469.0,0,0.1078542112174728,Low
12408.0,0,0.10781572761902367,Low
16062.0,0,0.10770775753851607,Low
13704.0,0,0.10769746153287568,Low
13048.0,0,0.10765324613129881,Low
15379.0,1,0.10761998671637567,Low
15048.0,0,0.1075575474263636,Low
13196.0,0,0.10743190058343033,Low
13982.0,0,0.10734815741042816,Low
14035.0,0,0.10721305603083944,Low
14482.0,0,0.10714391371966377,Low
13093.0,1,0.10705072132602106,Low
14662.0,0,0.10700901187169694,Low
13068.0,0,0.10700446992780148,Low
15674.0,0,0.10681428717484873,Low
16628.0,0,0.10676066865263872,Low
13155.0,0,0.10670502853674634,Low
15482.0,0,0.1066589849722868,Low
15296.0,0,0.1066359934868721,Low
15679.0,0,0.10645877800703785,Low
16539.0,0,0.10640932122122657,Low
12937.0,0,0.10637519152917121,Low
13894.0,0,0.10634560612011576,Low
13437.0,0,0.10629360839400041,Low
13804.0,0,0.10623182776150215,Low
14277.0,0,0.10615603225483942,Low
13536.0,0,0.10604327774796556,Low
12473.0,0,0.10601945786844272,Low
17213.0,0,0.10589841614532587,Low
14175.0,0,0.10548616801221422,Low
14499.0,0,0.10539055439665515,Low
13141.0,0,0.10536309207878847,Low
16550.0,1,0.10536309207878847,Low
13448.0,0,0.10536309207878847,Low
14595.0,0,0.10535783285669287,Low
14293.0,0,0.10533003632529206,Low
16497.0,0,0.10532031123934966,Low
16871.0,0,0.10532031123934966,Low
13658.0,0,0.10505847713209301,Low
17160.0,0,0.10502057797950823,Low
16652.0,0,0.1048101866814769,Low
17324.0,0,0.10478370051916705,Low
16249.0,0,0.10472450549948464,Low
12610.0,0,0.10467002411714876,Low
14503.0,0,0.10450761979021314,Low
14639.0,0,0.10446439207268135,Low
13883.0,0,0.10446439207268135,Low
16979.0,0,0.1043822671573246,Low
18188.0,0,0.10432066521529561,Low
14005.0,0,0.10425615128851712,Low
18125.0,0,0.10422871121446177,Low
13340.0,0,0.10409949472690497,Low
12856.0,0,0.10400602675550445,Low
16455.0,0,0.10397271525738341,Low
14290.0,0,0.10372473293705545,Low
17838.0,0,0.10364860215856485,Low
18037.0,1,0.10314707048622339,Low
15815.0,0,0.10290946898697281,Low
14842.0,0,0.102690177314727,Low
17700.0,0,0.102690177314727,Low
14963.0,0,0.10253404845581347,Low
15105.0,0,0.10249648851636843,Low
15089.0,0,0.10249648851636843,Low
18094.0,0,0.10240564235542883,Low
17786.0,0,0.10232299419515978,Low
17050.0,1,0.10217186591467502,Low
15671.0,0,0.10195731727641529,Low
15427.0,0,0.10194376283832521,Low
16735.0,0,0.10159543420671727,Low
17667.0,0,0.10158523482350816,Low
13481.0,0,0.10155400950572382,Low
18210.0,0,0.10155400950572382,Low
12684.0,0,0.10145762500590268,Low
16143.0,0,0.10133797025919533,Low
13831.0,0,0.10133797025919533,Low
13632.0,0,0.10130047853984339,Low
14794.0,0,0.10110601901111109,Low
13285.0,0,0.10095789539211487,Low
13012.0,0,0.10085644420291273,Low
15605.0,0,0.1008518752856628,Low
13949.0,0,0.10076710701329986,Low
18180.0,0,0.10076710701329986,Low
15392.0,0,0.10074359057829119,Low
16918.0,0,0.10053569719467095,Low
17114.0,0,0.10045008231065763,Low
16456.0,1,0.10030306835024097,Low
13875.0,0,0.10030306835024097,Low
16395.0,0,0.10026774706578602,Low
14428.0,0,0.09982672212677259,Low
14621.0,0,0.09972843275404955,Low
14748.0,0,0.09961546278864347,Low
12836.0,0,0.09945586616345604,Low
18161.0,0,0.09930423590621888,Low
13029.0,0,0.09921052171700205,Low
13995.0,0,0.09904041648331283,Low
13890.0,0,0.09901962456062191,Low
15304.0,0,0.09892821761071836,Low
13521.0,0,0.09865892008272689,Low
14535.0,0,0.09855757725511766,Low
13538.0,0,0.09846023932483801,Low
13705.0,0,0.09845984602832059,Low
13265.0,0,0.09819846095819629,Low
14487.0,0,0.09809976251365227,Low
14044.0,0,0.09803131858456215,Low
16003.0,0,0.0979372749651365,Low
12613.0,0,0.09778791050379317,Low
13015.0,0,0.09778791050379317,Low
14315.0,0,0.0977470580178311,Low
16875.0,0,0.09764332420536713,Low
14533.0,0,0.097488418045565,Low
13317.0,0,0.09739849792520633,Low
16394.0,0,0.09726193747783742,Low
12775.0,0,0.09704781194263461,Low
16225.0,0,0.09698636301439648,Low
12480.0,0,0.09691842806040149,Low
17966.0,0,0.09639246847781804,Low
12778.0,0,0.09628800170328705,Low
12576.0,0,0.09613890797008108,Low
16085.0,0,0.09605159030166617,Low
15179.0,0,0.0959870706013819,Low
13994.0,0,0.09573318537764802,Low
17771.0,0,0.09571999247651247,Low
12383.0,1,0.09570022167616198,Low
12843.0,0,0.09548022853525984,Low
18221.0,0,0.0953770469950373,Low
16809.0,0,0.09475225784374477,Low
13869.0,1,0.09457444691958478,Low
16049.0,0,0.09445180241033467,Low
18097.0,0,0.09440341520751418,Low
15132.0,0,0.09419150401771927,Low
16929.0,0,0.09398441908822547,Low
13752.0,1,0.09398441908822547,Low
14852.0,0,0.0937854169502104,Low
15505.0,0,0.0932341986971344,Low
15514.0,0,0.09290104264219318,Low
12444.0,0,0.09287664941335698,Low
17861.0,0,0.0926240524768725,Low
15491.0,1,0.09249756351994791,Low
16907.0,0,0.09245846638909296,Low
17470.0,0,0.09230651231159472,Low
13614.0,0,0.092205367204755,Low
16726.0,0,0.09210691587437234,Low
12704.0,0,0.09184637263522578,Low
12370.0,0,0.09154194139495601,Low
14708.0,0,0.0914272094137674,Low
12949.0,0,0.09129097585435551,Low
12947.0,1,0.09128450467431123,Low
16515.0,0,0.09116773085469344,Low
13634.0,0,0.09116773085469344,Low
12928.0,0,0.09115731419604621,Low
13233.0,0,0.09107876999752305,Low
14409.0,0,0.09099847862238486,Low
13026.0,0,0.09087310608042867,Low
15240.0,0,0.09070283227155684,Low
16153.0,0,0.09070283227155684,Low
12557.0,0,0.09059827419656175,Low
17618.0,0,0.09054005713344858,Low
16170.0,0,0.09038993385403858,Low
12455.0,0,0.09038455057914307,Low
16717.0,0,0.09023753794647586,Low
14229.0,0,0.08989581140049872,Low
14112.0,0,0.08958921357664289,Low
17069.0,0,0.08958921357664289,Low
13523.0,0,0.08922752857315842,Low
12356.0,0,0.0892074997179052,Low
15053.0,0,0.08895290624033547,Low
13725.0,0,0.08894196989127748,Low
12598.0,0,0.08871962912641317,Low
16258.0,0,0.08863070290107486,Low
14214.0,0,0.08853677337661701,Low
16942.0,0,0.08840811939811938,Low
16880.0,0,0.08840811939811938,Low
15172.0,0,0.08831233829684074,Low
13527.0,0,0.08831233829684074,Low
16180.0,1,0.08818991034070901,Low
14907.0,0,0.08807138517400956,Low
17368.0,0,0.08801797898851893,Low
15701.0,0,0.08799969070661734,Low
14443.0,0,0.08796192422864113,Low
17164.0,0,0.08793752622735852,Low
17997.0,0,0.08769112851299837,Low
15755.0,0,0.08754484199226381,Low
12518.0,0,0.08748093811584079,Low
16470.0,0,0.08743251724477889,Low
17042.0,0,0.08740007827665892,Low
12656.0,0,0.08736617786956685,Low
12597.0,0,0.08719351185563039,Low
15906.0,0,0.08711168382518159,Low
16348.0,0,0.08701244482729481,Low
16609.0,0,0.08699499827828795,Low
12948.0,0,0.08682175109511818,Low
13654.0,0,0.08652603305410124,Low
18272.0,0,0.08652603305410124,Low
14307.0,0,0.08652603305410124,Low
13171.0,0,0.086326199680341,Low
13208.0,0,0.08619867069221766,Low
15572.0,0,0.0860594120498666,Low
17311.0,0,0.08603455663881428,Low
15696.0,0,0.08584086769005984,Low
13232.0,0,0.08583198481242181,Low
17917.0,0,0.0858183871282203,Low
15950.0,0,0.08564000031729303,Low
15786.0,0,0.08540913909225732,Low
13627.0,0,0.0850709935253218,Low
13124.0,0,0.08499837254637553,Low
13246.0,0,0.08486340444217894,Low
16283.0,0,0.08482815791633169,Low
12536.0,0,0.084797524908787,Low
15024.0,0,0.08457377522369877,Low
17191.0,0,0.08443607919344913,Low
14227.0,0,0.0841587175228971,Low
14854.0,0,0.0841587175228971,Low
14341.0,0,0.08407620144218944,Low
18257.0,0,0.08386223124068204,Low
13815.0,0,0.08384365360534794,Low
14657.0,0,0.0837534606285155,Low
17673.0,0,0.0837339979187942,Low
13309.0,0,0.08360374230525452,Low
15493.0,0,0.08340723467752455,Low
16841.0,0,0.08336919543911676,Low
14841.0,0,0.08314049935319971,Low
13758.0,0,0.08314049935319971,Low
13901.0,0,0.08314049935319971,Low
14808.0,0,0.08301765350574587,Low
12990.0,0,0.08282573533531136,Low
14232.0,0,0.08273815709932786,Low
13838.0,0,0.08225223213443679,Low
14211.0,0,0.08199629519918739,Low
17019.0,0,0.08197815114399994,Low
16891.0,0,0.0817226801585769,Low
18259.0,0,0.08172001955937204,Low
17463.0,0,0.08150313015723361,Low
15811.0,0,0.08150313015723361,Low
16409.0,0,0.08150313015723361,Low
14215.0,0,0.08112505750385422,Low
18179.0,0,0.08112505750385422,Low
12919.0,0,0.08107145095517024,Low
16233.0,0,0.08105847065947219,Low
13310.0,0,0.08078752286623317,Low
14540.0,0,0.08067069894811528,Low
16728.0,0,0.08061217302075559,Low
14577.0,0,0.08046886724815312,Low
18245.0,0,0.08009634988789538,Low
17744.0,0,0.08009634988789538,Low
15106.0,0,0.07983428941879502,Low
17754.0,0,0.07948793614138712,Low
14498.0,0,0.07935847538105589,Low
16150.0,0,0.07935847538105589,Low
16950.0,0,0.07917464293150159,Low
16600.0,0,0.07914948975196583,Low
15781.0,0,0.0789108822791404,Low
12539.0,0,0.07882269207357395,Low
18016.0,0,0.07878735736398884,Low
15987.0,0,0.07876294774721905,Low
16554.0,0,0.0786674219375337,Low
17095.0,0,0.07849683528927431,Low
15485.0,0,0.07846280174628623,Low
14257.0,0,0.07841571262969181,Low
15563.0,0,0.07841460437158507,Low
16081.0,0,0.0781213201830248,Low
13211.0,0,0.07810640817619544,Low
15018.0,0,0.07799115521822347,Low
14321.0,0,0.07798556979553366,Low
15197.0,0,0.07736393800393579,Low
12782.0,0,0.07685688680977665,Low
15862.0,0,0.07674378272885383,Low
17528.0,0,0.07639663376311948,Low
17621.0,0,0.07639646198708717,Low
17451.0,0,0.07636085961924918,Low
13384.0,0,0.0761122409037313,Low
13652.0,0,0.07588379372632244,Low
17571.0,0,0.07577781888045254,Low
15680.0,0,0.0757665202880603,Low
12808.0,0,0.07576266377269941,Low
12913.0,0,0.07542397730233799,Low
17015.0,0,0.07442845266697673,Low
16940.0,0,0.07436121602141539,Low
17076.0,0,0.07434046023616687,Low
18177.0,0,0.0741756528876826,Low
16898.0,0,0.07374178779851046,Low
14737.0,0,0.07357942571354685,Low
17651.0,0,0.07330485316577438,Low
13846.0,0,0.07328332487672296,Low
15858.0,0,0.07305558897213878,Low
12427.0,0,0.07303297901192482,Low
16271.0,0,0.07286743442942675,Low
15111.0,0,0.07280820478137445,Low
13502.0,0,0.07273670670278501,Low
13104.0,0,0.07255193734984551,Low
13743.0,0,0.07237504512839643,Low
15518.0,0,0.07223324290552309,Low
17884.0,0,0.07168043285224072,Low
13077.0,0,0.07168043285224072,Low
17625.0,0,0.07137710784351586,Low
15436.0,0,0.07131095955673901,Low
13505.0,0,0.07123674126178585,Low
13764.0,0,0.07085284045118197,Low
16966.0,0,0.07078531157330675,Low
15834.0,0,0.07045395713165503,Low
17329.0,0,0.07038563993346923,Low
14446.0,0,0.07038559421642034,Low
14987.0,0,0.07000359545925963,Low
15620.0,0,0.06996160612105153,Low
17158.0,0,0.0689847199020553,Low
14410.0,1,0.06897056165009052,Low
12700.0,0,0.06840463906974453,Low
13334.0,0,0.06803789476596411,Low
14004.0,0,0.068016292724256,Low
13139.0,0,0.068016292724256,Low
17420.0,0,0.06778581283455097,Low
12627.0,0,0.06767041061942539,Low
13728.0,0,0.06722962302013204,Low
17041.0,0,0.06716179389139898,Low
16110.0,0,0.06712460657158033,Low
12939.0,0,0.06685581807502373,Low
17816.0,0,0.0666554854696202,Low
18236.0,0,0.066651800031279,Low
17802.0,0,0.06627692330601337,Low
16440.0,0,0.06626127914085862,Low
16107.0,0,0.06589968602075871,Low
15525.0,0,0.06570524645514664,Low
16596.0,0,0.06552058336045578,Low
13959.0,0,0.06548751277937566,Low
16912.0,0,0.0653004476828082,Low
16007.0,0,0.06498361761875296,Low
14001.0,0,0.06495107986570214,Low
17227.0,0,0.06472688637802403,Low
14286.0,0,0.06466443504883572,Low
14101.0,0,0.06433843745763726,Low
13138.0,0,0.0642974945363721,Low
13509.0,0,0.06400969058419494,Low
14775.0,0,0.06362461234962591,Low
14448.0,0,0.06348746651836687,Low
16442.0,0,0.063407177056143,Low
13471.0,0,0.06311705358096266,Low
14761.0,0,0.0630200739071526,Low
16385.0,0,0.0628660414989213,Low
16910.0,0,0.06269119988964034,Low
16519.0,0,0.062229510965809906,Low
12517.0,0,0.06206645813841984,Low
13487.0,0,0.06183048635589368,Low
18043.0,0,0.061735375780539406,Low
13381.0,0,0.061502334114356294,Low
18116.0,0,0.061050026508296065,Low
16360.0,0,0.06066049710948694,Low
14520.0,0,0.060652412564688896,Low
18260.0,1,0.06060475190168632,Low
13435.0,0,0.06048055533027439,Low
14071.0,0,0.06007450560697563,Low
18065.0,0,0.05981822805754859,Low
17813.0,0,0.059787123182938356,Low
16899.0,0,0.05966538120276087,Low
17819.0,0,0.05870792544926565,Low
17739.0,0,0.05838870354788376,Low
12619.0,0,0.0582134104532525,Low
13082.0,1,0.0582134104532525,Low
12744.0,0,0.05785582477294391,Low
13520.0,0,0.057832696224390204,Low
15861.0,0,0.057570426632529585,Low
15157.0,0,0.0574580088232457,Low
14583.0,0,0.057075166392808754,Low
15602.0,0,0.05700578204879499,Low
17426.0,0,0.057002912982988714,Low
13939.0,0,0.05690726300953564,Low
17287.0,0,0.056730548305881395,Low
13606.0,0,0.056403558632765784,Low
15860.0,0,0.05618984935557896,Low
12359.0,0,0.055983389908628375,Low
15996.0,0,0.055974723434395524,Low
16221.0,0,0.05594472966860127,Low
14866.0,0,0.055773662856595144,Low
15532.0,0,0.05531442226130124,Low
16496.0,0,0.0547793486331081,Low
12451.0,0,0.05470336370436165,Low
12484.0,0,0.05470336370436165,Low
13324.0,0,0.05463924234859139,Low
12935.0,0,0.054534469962764086,Low
13755.0,0,0.054510727041933854,Low
16303.0,0,0.054348162690739825,Low
16474.0,0,0.054106679450256816,Low
14723.0,0,0.05337502017843119,Low
15426.0,0,0.05304236592941318,Low
16885.0,0,0.05290062680255785,Low
16655.0,0,0.05276934449852131,Low
17236.0,0,0.05244914128146037,Low
13579.0,0,0.05230956018505051,Low
15993.0,0,0.05230726236443292,Low
14432.0,0,0.05230726236443292,Low
17663.0,0,0.05228460757675455,Low
15260.0,1,0.05228460757675455,Low
15101.0,0,0.052053358251904824,Low
15059.0,0,0.05191578903839589,Low
18145.0,0,0.05143460846139468,Low
14209.0,0,0.05132504158937397,Low
15370.0,0,0.0512472003350625,Low
14210.0,1,0.0512472003350625,Low
17669.0,0,0.051221693344619075,Low
17937.0,0,0.051030210936036435,Low
13975.0,0,0.05087406761575329,Low
13569.0,0,0.05082583961687939,Low
14903.0,0,0.050729577964166675,Low
16016.0,0,0.05062480693944837,Low
17372.0,0,0.05061929485138425,Low
13014.0,0,0.05038664962759912,Low
16744.0,0,0.0503571012524925,Low
14541.0,0,0.05034925955185807,Low
17126.0,1,0.05033944696610814,Low
17348.0,0,0.05016592528751752,Low
14146.0,0,0.049942704233216,Low
17018.0,0,0.04970401037145465,Low
14408.0,0,0.04954031051604269,Low
15140.0,0,0.049283415627580804,Low
13817.0,0,0.049244920848534775,Low
18122.0,0,0.049031004792329955,Low
17848.0,0,0.04891013676115665,Low
16771.0,0,0.04880896436601172,Low
14201.0,0,0.048678857635616996,Low
14546.0,0,0.04864902577543971,Low
17284.0,0,0.04855355702650396,Low
12599.0,0,0.048422172747909546,Low
16466.0,0,0.048356928571072946,Low
16549.0,0,0.04818961944708394,Low
12528.0,0,0.04815805338070125,Low
17090.0,0,0.04802150329744233,Low
14506.0,0,0.04800281698861797,Low
15093.0,0,0.04793676994484903,Low
16954.0,0,0.04788512505057396,Low
14640.0,0,0.04785648943789929,Low
15453.0,0,0.04782016155306746,Low
13451.0,0,0.04777982287756826,Low
16818.0,0,0.0477211286524125,Low
14936.0,0,0.04769394661669518,Low
12428.0,0,0.04769394661669518,Low
17696.0,0,0.04742401841567985,Low
15611.0,0,0.04740870744075901,Low
12626.0,0,0.04727693304576271,Low
15953.0,0,0.047241970757779014,Low
17107.0,0,0.04722887206652117,Low
12477.0,0,0.04722887206652117,Low
15382.0,0,0.04722887206652117,Low
17686.0,0,0.04722887206652117,Low
14547.0,0,0.047149346439113844,Low
16332.0,0,0.04712307524391231,Low
14784.0,0,0.047085416316719066,Low
15545.0,0,0.04705787202232221,Low
12388.0,0,0.047025334911812953,Low
17999.0,0,0.047007437338128476,Low
18069.0,0,0.04680329786201585,Low
16293.0,0,0.04678983011158806,Low
12910.0,0,0.04675728502304433,Low
17674.0,0,0.04669154812228456,Low
14719.0,0,0.0466793511869104,Low
17418.0,0,0.04665335091873145,Low
16426.0,0,0.0463816199963627,Low
14704.0,0,0.04625873583433057,Low
14524.0,0,0.04614921184017924,Low
17562.0,0,0.04585644727810313,Low
15951.0,0,0.045668098584399644,Low
13590.0,0,0.045653436511258146,Low
16218.0,0,0.045653436511258146,Low
18230.0,0,0.04548807889256841,Low
17061.0,0,0.04548433578970981,Low
13630.0,0,0.04547254169824657,Low
17827.0,0,0.045467254979164456,Low
16327.0,0,0.04536032561067731,Low
15502.0,0,0.04534688285071794,Low
16531.0,0,0.045325323492156684,Low
12714.0,0,0.045304673312943584,Low
12433.0,0,0.045304673312943584,Low
14049.0,0,0.04524441895451192,Low
17519.0,0,0.045173340696974276,Low
13255.0,0,0.04492281284827439,Low
15410.0,0,0.044831952845563065,Low
16553.0,1,0.04478172642200927,Low
14096.0,0,0.04475424191130143,Low
15660.0,0,0.04457276202527791,Low
14292.0,0,0.04440970249712259,Low
16316.0,0,0.044400851651743775,Low
14188.0,0,0.04437311421759373,Low
16633.0,0,0.04425468564494106,Low
16434.0,0,0.044229870246566674,Low
17059.0,0,0.044185756959285956,Low
14470.0,0,0.04413585541046659,Low
12494.0,0,0.04407583437656091,Low
16949.0,0,0.04407583437656091,Low
13473.0,0,0.04386795454095656,Low
17655.0,0,0.043771470530645215,Low
14868.0,0,0.043767089450810634,Low
14150.0,0,0.04374240608374986,Low
13496.0,0,0.04374240608374986,Low
17218.0,0,0.043634784830464755,Low
12944.0,0,0.04361742977542979,Low
14312.0,0,0.04353081886045771,Low
14397.0,0,0.04348786208149441,Low
17235.0,0,0.04343002164479838,Low
13030.0,0,0.04337305808454231,Low
17964.0,0,0.04336066724652239,Low
14083.0,0,0.043348726115406126,Low
17412.0,0,0.043136122739252776,Low
15822.0,0,0.043126408023203125,Low
14544.0,0,0.04304684973527331,Low
17716.0,0,0.042994925569761165,Low
12462.0,0,0.04292733495305612,Low
13455.0,0,0.04292733495305612,Low
16134.0,0,0.04292532241221341,Low
17682.0,0,0.0428379572343821,Low
15497.0,0,0.042836131481523404,Low
17609.0,0,0.042635397874606545,Low
17442.0,0,0.04261583097499424,Low
15220.0,0,0.042568217658562536,Low
13870.0,0,0.042568217658562536,Low
12757.0,0,0.04249009304786038,Low
14530.0,0,0.042475280000689085,Low
15708.0,0,0.042475280000689085,Low
15916.0,0,0.04245141806858225,Low
15281.0,0,0.042345866281748204,Low
13787.0,0,0.04232342414343103,Low
16411.0,0,0.04229890242019949,Low
16477.0,0,0.04222707516230992,Low
17540.0,0,0.04220413184844991,Low
15211.0,0,0.0420542326605203,Low
14426.0,0,0.041936062368827055,Low
15366.0,0,0.04188526232456804,Low
13034.0,0,0.04159017656338389,Low
15521.0,0,0.041584358136621105,Low
13911.0,0,0.041584358136621105,Low
13588.0,0,0.041584358136621105,Low
13184.0,0,0.04155174091530367,Low
12673.0,0,0.04149587650773674,Low
17593.0,0,0.041326193553867505,Low
16560.0,0,0.04128926471777973,Low
17711.0,0,0.041223702094767535,Low
14404.0,0,0.04117759679036047,Low
15998.0,0,0.04117619032905967,Low
18156.0,0,0.041142195352770486,Low
15203.0,0,0.04108019070853952,Low
17685.0,0,0.04104099911906958,Low
17863.0,0,0.04104099911906958,Low
15012.0,0,0.041016090299005235,Low
17760.0,0,0.04097395345120034,Low
17211.0,0,0.04085372345728024,Low
14236.0,0,0.04062532777250625,Low
12826.0,0,0.04057504544436171,Low
16916.0,0,0.040514227939535005,Low
17430.0,0,0.04050526647857879,Low
12838.0,0,0.04039311786007354,Low
16905.0,0,0.04019638835654372,Low
14766.0,0,0.04019638835654372,Low
16983.0,0,0.04019638835654372,Low
13329.0,0,0.040160191266291195,Low
17422.0,0,0.040117924505496866,Low
16743.0,0,0.040117924505496866,Low
17612.0,0,0.040117924505496866,Low
13126.0,0,0.040117924505496866,Low
17082.0,0,0.040111735967086545,Low
15214.0,0,0.03983180153779942,Low
17323.0,0,0.03972697935184079,Low
12578.0,0,0.03970375231514249,Low
16059.0,0,0.039571295931497205,Low
17596.0,0,0.03947194117429847,Low
12721.0,0,0.03947194117429847,Low
16140.0,0,0.038925398660522886,Low
14944.0,0,0.03888636692513723,Low
16863.0,0,0.03880489882204471,Low
13477.0,0,0.03873301331168744,Low
18061.0,0,0.03873127494771736,Low
17162.0,0,0.038426578719925254,Low
14684.0,0,0.03809407630874861,Low
13173.0,0,0.03802597177265127,Low
12753.0,0,0.03769579041576436,Low
14390.0,0,0.03763964580287672,Low
17888.0,0,0.03746580878495895,Low
14291.0,0,0.03739647138362744,Low
16938.0,0,0.03722135548394452,Low
13396.0,0,0.0370890054468407,Low
14594.0,0,0.03697479641423495,Low
16333.0,0,0.036954645109935826,Low
12676.0,0,0.03690250013339351,Low
12584.0,0,0.03683748123646454,Low
17913.0,0,0.03675341263480251,Low
17288.0,0,0.036735752479408135,Low
14898.0,0,0.036637442381439615,Low
17228.0,0,0.03638100070857895,Low
17857.0,0,0.03637877458528828,Low
15919.0,0,0.0362009485627254,Low
12727.0,0,0.036116168697491464,Low
17537.0,0,0.03548235457031654,Low
16367.0,0,0.03534281333135866,Low
15967.0,0,0.035194865184822254,Low
17181.0,0,0.03513977786938535,Low
13174.0,0,0.03502272601868681,Low
13953.0,0,0.03480742064658947,Low
16775.0,0,0.0345613662221672,Low
13717.0,0,0.03423547749429583,Low
14396.0,0,0.034211450615692536,Low
13165.0,0,0.03391961836132431,Low
16098.0,0,0.03380324460451957,Low
18092.0,0,0.03377540932219938,Low
16168.0,0,0.033351944792004505,Low
15373.0,0,0.0332843506702461,Low
13565.0,0,0.03313140533719353,Low
16672.0,0,0.03286508052174626,Low
13610.0,0,0.032715248304322556,Low
15874.0,0,0.032659719662508774,Low
15939.0,0,0.032350797602586835,Low
16764.0,0,0.03202348176546116,Low
13225.0,0,0.03149855890792599,Low
15769.0,0,0.03126851703147289,Low
16656.0,0,0.03105250368019754,Low
17306.0,0,0.03105250368019754,Low
12664.0,0,0.030939956761095115,Low
17555.0,0,0.030874369848621307,Low
17949.0,0,0.03069487333326629,Low
16013.0,0,0.03069487333326629,Low
13327.0,0,0.030633482528430254,Low
14449.0,0,0.030337409983155938,Low
13491.0,0,0.030212676599562425,Low
15971.0,0,0.0298534324724236,Low
14217.0,0,0.029771204056219656,Low
12647.0,0,0.02961002383752878,Low
18144.0,0,0.029291218030340432,Low
15827.0,0,0.02912378475323335,Low
16570.0,0,0.028944402757711,Low
14282.0,0,0.028860680286681924,Low
12931.0,0,0.028398876762478476,Low
13148.0,0,0.028044274202367936,Low
14543.0,0,0.02788840492252357,Low
15796.0,0,0.02780630904017686,Low
14560.0,0,0.027776850132396395,Low
12417.0,0,0.027659833150827904,Low
12600.0,0,0.02741671152423009,Low
13629.0,0,0.02726727570568367,Low
13993.0,0,0.027259560229286897,Low
16794.0,0,0.027099854741196604,Low
13552.0,0,0.0270973321055005,Low
17790.0,0,0.02698425352793306,Low
15845.0,0,0.02686811909328886,Low
18241.0,0,0.02682103391707078,Low
12562.0,0,0.026725486662288224,Low
14701.0,0,0.026527169021986863,Low
16817.0,0,0.026492095750993573,Low
15606.0,0,0.02621056449289279,Low
16115.0,0,0.02613543042470092,Low
14730.0,0,0.02611820100894174,Low
14587.0,0,0.02597675417482143,Low
18219.0,0,0.025934719338976182,Low
13777.0,0,0.02578974263268939,Low
14258.0,0,0.02577333416851215,Low
16145.0,0,0.025689070449481755,Low
12553.0,0,0.025689070449481755,Low
14178.0,0,0.025665420900042046,Low
14878.0,0,0.025639557269541705,Low
17800.0,0,0.025634207162998173,Low
17705.0,0,0.02561449691626874,Low
12483.0,0,0.02548281963043253,Low
16019.0,0,0.02531748777930697,Low
13426.0,0,0.02531748777930697,Low
12662.0,0,0.02531748777930697,Low
17389.0,0,0.02528117179744406,Low
16029.0,0,0.02528117179744406,Low
15061.0,0,0.02528117179744406,Low
12901.0,0,0.025223851295277357,Low
17091.0,0,0.025152151569480512,Low
17402.0,0,0.025112357830052865,Low
15443.0,0,0.025010447037896212,Low
13266.0,0,0.024909553236559277,Low
16359.0,0,0.024894587309852268,Low
13881.0,0,0.024882510934647266,Low
15134.0,0,0.024548672747089755,Low
16242.0,0,0.024524741212633837,Low
17491.0,0,0.024518506477795677,Low
15981.0,0,0.024518506477795677,Low
14309.0,0,0.024447263728587385,Low
16326.0,0,0.024331516579304803,Low
14680.0,0,0.024291342614998223,Low
16210.0,0,0.024291342614998223,Low
15838.0,0,0.024291342614998223,Low
14062.0,0,0.024291342614998223,Low
15854.0,0,0.024281406984503335,Low
13117.0,0,0.024050806153440712,Low
14030.0,0,0.02403889746591715,Low
14776.0,0,0.023981961680566675,Low
14032.0,0,0.023964934912797466,Low
14572.0,0,0.023815391109067312,Low
12877.0,0,0.023711289593625885,Low
14107.0,0,0.02351313600454801,Low
17758.0,0,0.02344604896167058,Low
13769.0,0,0.02341802632934469,Low
12523.0,0,0.023325047061546384,Low
15189.0,0,0.02329452640032901,Low
14239.0,0,0.02327000464524308,Low
14961.0,0,0.02322489752548705,Low
17416.0,0,0.02322489752548705,Low
14180.0,0,0.023143800373527965,Low
13198.0,0,0.02313397214248111,Low
16782.0,0,0.023128196387229336,Low
15129.0,0,0.023106957363497976,Low
12594.0,0,0.023106957363497976,Low
14466.0,0,0.023098838100225706,Low
15527.0,0,0.02308850475289234,Low
17512.0,0,0.02303971924112193,Low
12726.0,0,0.02292386629996849,Low
14462.0,0,0.022810245133692435,Low
12637.0,0,0.022766122411932616,Low
16393.0,0,0.022690747614665076,Low
17449.0,0,0.022649178409337938,Low
15750.0,0,0.022604160259407962,Low
16928.0,0,0.022479516356710236,Low
13695.0,0,0.022479516356710236,Low
16712.0,0,0.02238418015766239,Low
13268.0,0,0.02238418015766239,Low
17629.0,0,0.022347508795479174,Low
13305.0,0,0.022304883384861668,Low
13209.0,0,0.022271359860936257,Low
16710.0,0,0.022171017694395865,Low
15628.0,0,0.022124183549010423,Low
13098.0,0,0.022054538730888758,Low
14825.0,0,0.022051681037614033,Low
16458.0,0,0.021944154523233818,Low
13862.0,0,0.02191503087160801,Low
16873.0,0,0.02190618569446203,Low
17602.0,0,0.02190618569446203,Low
16684.0,0,0.021894151659209122,Low
14262.0,0,0.021798103481502785,Low
17659.0,0,0.021798103481502785,Low
14040.0,0,0.021798103481502785,Low
13001.0,0,0.021705625858790944,Low
16791.0,0,0.021697325869898244,Low
16525.0,0,0.02161466784192295,Low
13767.0,0,0.02161466784192295,Low
16985.0,0,0.02160123605462648,Low
12678.0,0,0.02154772027567008,Low
15251.0,0,0.02154772027567008,Low
15125.0,0,0.02154772027567008,Low
12731.0,0,0.02154772027567008,Low
14733.0,0,0.02154772027567008,Low
14031.0,0,0.02154772027567008,Low
17404.0,0,0.02154772027567008,Low
17591.0,0,0.02146078525925192,Low
15974.0,0,0.02144016868796919,Low
13854.0,0,0.021342657917659668,Low
12989.0,0,0.021335587855401593,Low
13700.0,0,0.02133471442715894,Low
18075.0,0,0.021281313785959405,Low
13183.0,0,0.021178510838317132,Low
15150.0,0,0.02107080413582936,Low
18077.0,0,0.02102475672628354,Low
17293.0,0,0.02100656188149786,Low
14505.0,0,0.02099692432015567,Low
13021.0,0,0.020990107476703816,Low
12423.0,0,0.020952086896965982,Low
16407.0,0,0.020894378070121743,Low
17071.0,0,0.020878009664731974,Low
14088.0,0,0.020876653127341608,Low
14810.0,0,0.02083754467153523,Low
14732.0,0,0.020818132275735254,Low
17809.0,0,0.02076533436817982,Low
15694.0,0,0.02076533436817982,Low
15218.0,0,0.02076533436817982,Low
17001.0,0,0.020759300093118202,Low
15187.0,0,0.02071163108491364,Low
13199.0,0,0.02071163108491364,Low
14696.0,0,0.020669119586659884,Low
14099.0,0,0.020644646171740326,Low
15291.0,0,0.0206108644736531,Low
15738.0,0,0.0206108644736531,Low
13394.0,0,0.02060437832811877,Low
17314.0,0,0.02060437832811877,Low
15932.0,0,0.02060437832811877,Low
15544.0,0,0.02060437832811877,Low
14243.0,0,0.020574547628501798,Low
12708.0,0,0.020574547628501798,Low
13047.0,0,0.020574547628501798,Low
16156.0,0,0.020574547628501798,Low
14659.0,0,0.020574547628501798,Low
15687.0,0,0.020574547628501798,Low
16556.0,0,0.020558363867049876,Low
18044.0,0,0.02053465845912431,Low
12500.0,0,0.020503788891243734,Low
17725.0,0,0.020494297382102115,Low
13880.0,0,0.020494297382102115,Low
17644.0,0,0.020494297382102115,Low
14132.0,0,0.020494297382102115,Low
16678.0,0,0.020494297382102115,Low
12395.0,0,0.020494297382102115,Low
15114.0,0,0.020494297382102115,Low
13784.0,0,0.020451081672733053,Low
18229.0,0,0.020443169397073243,Low
16353.0,0,0.020383520802356284,Low
13842.0,0,0.020344505596929467,Low
15034.0,0,0.02031243048449518,Low
12957.0,0,0.02031243048449518,Low
17769.0,0,0.02024911456237814,Low
16719.0,0,0.020223894829244585,Low
15632.0,0,0.02019629756507679,Low
14221.0,0,0.02019629756507679,Low
13971.0,0,0.02019629756507679,Low
13709.0,0,0.02011429415444227,Low
12712.0,0,0.02008427641546689,Low
16638.0,0,0.020017755767000833,Low
12971.0,0,0.019993725593769718,Low
12569.0,0,0.019993725593769718,Low
16191.0,0,0.019955314245020454,Low
13576.0,0,0.019955314245020454,Low
14709.0,0,0.019955314245020454,Low
13756.0,0,0.019955314245020454,Low
16401.0,0,0.019955314245020454,Low
17750.0,0,0.019939633052756253,Low
13983.0,0,0.019883144660464324,Low
12747.0,0,0.01988216275673538,Low
17450.0,0,0.019869753659203196,Low
18102.0,0,0.019869753659203196,Low
14739.0,0,0.01981954148469325,Low
14334.0,0,0.019756254422827666,Low
16255.0,0,0.019756254422827666,Low
14388.0,0,0.019756254422827666,Low
15804.0,0,0.019751523219114293,Low
13571.0,0,0.019660677958937146,Low
15152.0,0,0.01964064751929688,Low
16011.0,0,0.019517352307258148,Low
17381.0,0,0.019478973117367085,Low
14713.0,0,0.01933537540301159,Low
15465.0,0,0.019111484522724577,Low
16422.0,0,0.019092411045155227,Low
14051.0,0,0.018789460012478908,Low
13534.0,0,0.018717347577261415,Low
16839.0,0,0.018709435218009596,Low
13113.0,0,0.018709435218009596,Low
13078.0,0,0.018709435218009596,Low
17238.0,0,0.018689975015675455,Low
16265.0,0,0.01864763714192461,Low
13871.0,0,0.018547812301181143,Low
16187.0,0,0.018547812301181143,Low
16779.0,0,0.018547812301181143,Low
16945.0,0,0.018420236148126292,Low
12583.0,0,0.01841244702972246,Low
16767.0,0,0.01841244702972246,Low
13178.0,0,0.01841244702972246,Low
18225.0,0,0.01841244702972246,Low
18223.0,0,0.01841244702972246,Low
18226.0,0,0.01841244702972246,Low
14110.0,0,0.01841244702972246,Low
14755.0,0,0.01841244702972246,Low
13985.0,0,0.01841244702972246,Low
16607.0,0,0.018176134964874465,Low
12481.0,0,0.018144157869263038,Low
12490.0,0,0.018144157869263038,Low
14849.0,0,0.01811037105689484,Low
18172.0,0,0.017978139830003594,Low
16745.0,0,0.017978139830003594,Low
16523.0,0,0.017978139830003594,Low
15078.0,0,0.017978139830003594,Low
18109.0,0,0.017978139830003594,Low
17719.0,0,0.017978139830003594,Low
13102.0,0,0.017978139830003594,Low
14329.0,0,0.017939347949287546,Low
13988.0,0,0.017939347949287546,Low
14422.0,0,0.017939347949287546,Low
12431.0,0,0.01782271952637664,Low
15301.0,0,0.01782271952637664,Low
17419.0,0,0.01782271952637664,Low
13013.0,0,0.01782271952637664,Low
16700.0,0,0.01782271952637664,Low
14299.0,0,0.01778785594136556,Low
12779.0,0,0.017748017459537267,Low
12524.0,0,0.017748017459537267,Low
17567.0,0,0.017748017459537267,Low
15955.0,0,0.017692550716611525,Low
14135.0,0,0.017692550716611525,Low
16701.0,0,0.017692550716611525,Low
16722.0,0,0.017692550716611525,Low
14060.0,0,0.017692550716611525,Low
15046.0,0,0.017692550716611525,Low
17858.0,0,0.017692550716611525,Low
16186.0,0,0.017692550716611525,Low
12839.0,0,0.017692550716611525,Low
13999.0,0,0.017692550716611525,Low
17017.0,0,0.017692550716611525,Low
17730.0,0,0.017692550716611525,Low
16592.0,0,0.017692550716611525,Low
15144.0,0,0.017692550716611525,Low
14401.0,0,0.017692550716611525,Low
14688.0,0,0.017692550716611525,Low
15290.0,0,0.017692550716611525,Low
15298.0,0,0.017692550716611525,Low
14191.0,0,0.017692550716611525,Low
14092.0,0,0.017692550716611525,Low
16814.0,0,0.017692550716611525,Low
17652.0,0,0.017692550716611525,Low
16626.0,0,0.017692550716611525,Low
12437.0,0,0.017692550716611525,Low
13599.0,0,0.017515875464114435,Low
18198.0,0,0.017151410905176565,Low
12955.0,0,0.017151410905176565,Low
14735.0,0,0.01711904149477921,Low
16076.0,0,0.016967476624089234,Low
17068.0,0,0.016846865342892498,Low
16904.0,0,0.01654073610377712,Low
13798.0,0,0.01652047109972657,Low
12471.0,0,0.01652047109972657,Low
16705.0,0,0.016257654222617827,Low
12709.0,0,0.016257654222617827,Low
13090.0,0,0.016257654222617827,Low
15867.0,0,0.01588609804716912,Low
13267.0,0,0.01568622585684931,Low
12347.0,0,0.015411104632964282,Low
17530.0,0,0.01520157287677664,Low
15241.0,0,0.015035235221901956,Low
14711.0,0,0.014799324072384235,Low
17634.0,0,0.014787905885038904,Low
14189.0,0,0.014448615516820815,Low
15021.0,0,0.014443375082955057,Low
18283.0,0,0.014417637723979184,Low
12415.0,0,0.013602447481504909,Low
13742.0,0,0.01354697856445559,Low
15033.0,0,0.013262322881150314,Low
15356.0,0,0.013262322881150314,Low
13137.0,0,0.013236553611972214,Low
14395.0,0,0.013174648960946226,Low
17220.0,0,0.01317090604753191,Low
15910.0,0,0.01311041139005302,Low
15058.0,0,0.012966990867226049,Low
17965.0,0,0.012883128320729718,Low
13230.0,0,0.012883128320729718,Low
17346.0,0,0.012883128320729718,Low
17961.0,0,0.0128078412894179,Low
14702.0,0,0.012761988596787944,Low
16241.0,0,0.012761988596787944,Low
16813.0,0,0.012734563967949848,Low
15984.0,0,0.01271640451920228,Low
17511.0,0,0.012662050604776915,Low
13694.0,0,0.012662050604776915,Low
14156.0,0,0.012662050604776915,Low
14298.0,0,0.012662050604776915,Low
12705.0,0,0.012527315395705946,Low
17231.0,0,0.012462561377213924,Low
17799.0,0,0.012462561377213924,Low
15513.0,0,0.012459837979074878,Low
12540.0,0,0.012459837979074878,Low
17139.0,0,0.012459837979074878,Low
17340.0,0,0.012459837979074878,Low
15640.0,0,0.012459837979074878,Low
14606.0,0,0.01240371960669602,Low
17870.0,0,0.012384194375573688,Low
15271.0,0,0.012334588986889461,Low
13081.0,0,0.01227719988709902,Low
12567.0,0,0.01227719988709902,Low
16686.0,0,0.012188927025819196,Low
15752.0,0,0.012188927025819196,Low
17954.0,0,0.012105952947114824,Low
17576.0,0,0.012105952947114824,Low
12472.0,0,0.012007585940787735,Low
15727.0,0,0.012007585940787735,Low
17338.0,0,0.012007585940787735,Low
14769.0,0,0.012007585940787735,Low
14646.0,0,0.011979649054859275,Low
12766.0,0,0.011808670021188045,Low
17975.0,0,0.011608000918551686,Low
15005.0,0,0.01154327128726837,Low
12720.0,0,0.01154327128726837,Low
14194.0,0,0.011538355955985815,Low
13089.0,0,0.011538355955985815,Low
13408.0,0,0.011538355955985815,Low
15856.0,0,0.011538355955985815,Low
17677.0,0,0.011538355955985815,Low
15498.0,0,0.011538355955985815,Low
15615.0,0,0.011538355955985815,Low
14895.0,0,0.011538355955985815,Low
17365.0,0,0.011415439587468814,Low
14525.0,0,0.011415439587468814,Low
14796.0,0,0.011353882342558765,Low
15249.0,0,0.011353882342558765,Low
12362.0,0,0.011353882342558765,Low
12683.0,0,0.011353882342558765,Low
15194.0,0,0.011353882342558765,Low
13969.0,0,0.011353882342558765,Low
17865.0,0,0.011353882342558765,Low
15601.0,0,0.011353882342558765,Low
14415.0,0,0.011353882342558765,Low
16713.0,0,0.011353882342558765,Low
14367.0,0,0.011353882342558765,Low
14865.0,0,0.011345543851056012,Low
15023.0,0,0.011187271858953763,Low
13097.0,0,0.011187271858953763,Low
17841.0,0,0.01108419033730816,Low
17243.0,0,0.01108419033730816,Low
12921.0,0,0.01108419033730816,Low
13018.0,0,0.01108419033730816,Low
16729.0,0,0.01108419033730816,Low
15039.0,0,0.01108419033730816,Low
16133.0,0,0.01108419033730816,Low
13319.0,0,0.01108419033730816,Low
14056.0,0,0.01108419033730816,Low
17581.0,0,0.01108419033730816,Low
12682.0,0,0.01108419033730816,Low
14667.0,0,0.01108419033730816,Low
12867.0,0,0.010941328180989618,Low
13418.0,0,0.01090689773903165,Low
14800.0,0,0.01090689773903165,Low
15358.0,0,0.01090689773903165,Low
14562.0,0,0.01090689773903165,Low
16670.0,0,0.01090689773903165,Low
16923.0,0,0.01090689773903165,Low
17613.0,0,0.01090689773903165,Low
17611.0,0,0.01090689773903165,Low
15805.0,0,0.01090689773903165,Low
17364.0,0,0.01090689773903165,Low
13668.0,0,0.01090689773903165,Low
16558.0,0,0.01090689773903165,Low
13269.0,0,0.01090689773903165,Low
14057.0,0,0.01090689773903165,Low
17690.0,0,0.01090689773903165,Low
16746.0,0,0.01090689773903165,Low
12474.0,0,0.01090689773903165,Low
15719.0,0,0.01090689773903165,Low
15044.0,0,0.01090689773903165,Low
15555.0,0,0.01090689773903165,Low
16033.0,0,0.01090689773903165,Low
14159.0,0,0.01090689773903165,Low
16161.0,0,0.01090689773903165,Low
13004.0,0,0.01090689773903165,Low
15547.0,0,0.01090689773903165,Low
15529.0,0,0.01090689773903165,Low
15570.0,0,0.01090689773903165,Low
13050.0,0,0.01090689773903165,Low
12841.0,0,0.010651246798296793,Low
13468.0,0,0.010651246798296793,Low
14527.0,0,0.010651246798296793,Low
12748.0,0,0.010651246798296793,Low
17757.0,0,0.010608508239649176,Low
13263.0,0,0.010608508239649176,Low
17811.0,0,0.010608508239649176,Low
13069.0,0,0.010608508239649176,Low
18118.0,0,0.010608508239649176,Low
18041.0,0,0.010438743904112929,Low
16931.0,0,0.010438743904112929,Low
17377.0,0,0.010438743904112929,Low
17315.0,0,0.010261729301338791,Low
17675.0,0,0.010179689246439014,Low
15159.0,0,0.010179689246439014,Low
14911.0,0,0.010179689246439014,Low
15311.0,0,0.010179689246439014,Low
17428.0,0,0.010179689246439014,Low
18055.0,0,0.010071099082472694,Low
14502.0,0,0.010035129666381447,Low
12476.0,0,0.010016717680671493,Low
17049.0,0,0.010016717680671493,Low
17706.0,0,0.010016717680671493,Low
12621.0,0,0.010016717680671493,Low
16843.0,0,0.010016717680671493,Low
13488.0,0,0.010016717680671493,Low
13458.0,0,0.010016717680671493,Low
12681.0,0,0.010016717680671493,Low
17735.0,0,0.010016717680671493,Low
14534.0,0,0.00966249284222985,Low
17920.0,0,0.00966249284222985,Low
14085.0,0,0.00966249284222985,Low
