CustomerID,Recency,Frequency,Monetary,Cluster,Segment
12346.0,1.4619928068665424,-0.9552142636712972,3.707716304049809,5,High Value Customers
12347.0,-2.038734417842785,1.0744251947249353,1.41490344020104,4,High Value Loyal Customers
12348.0,0.3731042355677808,0.3863044476016776,0.7200242799673501,2,Occasional Customers
12349.0,-0.6230859205766931,-0.9552142636712972,0.702286912445134,1,Recent Regular Customers
12350.0,1.4245575339360348,-0.9552142636712972,-0.6145138785683288,3,At-Risk Low Value Customers
12352.0,-0.164028700972232,1.2468684386726128,0.9841077662004432,5,High Value Customers
12353.0,1.1135502505032524,-0.9552142636712972,-1.6599892358833075,3,At-Risk Low Value Customers
12354.0,1.2090862834765006,-0.9552142636712972,0.3151288208808126,2,Occasional Customers
12355.0,1.1490907416248033,-0.9552142636712972,-0.3627665809933592,3,At-Risk Low Value Customers
12356.0,-0.4870358868672529,0.0596054655268191,1.0754586015014986,5,High Value Customers
12357.0,-0.2271262067959733,-0.9552142636712972,1.7048016170804894,2,Occasional Customers
12358.0,-2.038734417842785,-0.3615827770984003,0.3778079209255647,1,Recent Regular Customers
12359.0,0.1841671134665053,0.3863044476016776,1.717797156020491,5,High Value Customers
12360.0,0.10413950578058,0.0596054655268191,1.0320879026439496,5,High Value Customers
12361.0,1.3672244617898772,-0.9552142636712972,-1.0624017557619894,3,At-Risk Low Value Customers
12362.0,-1.824063391865872,1.54066546553549,1.5680566616639142,4,High Value Loyal Customers
12363.0,0.6557659603678762,-0.3615827770984003,-0.2171229631430125,2,Occasional Customers
12364.0,-1.2189397565026774,0.3863044476016776,0.4707529078572701,1,Recent Regular Customers
12365.0,1.377517166470927,-0.3615827770984003,-0.0980552707553396,2,Occasional Customers
12367.0,-1.6575516078937147,-0.9552142636712972,-1.1550190673695775,0,Low Value Customers
12370.0,0.0899255663351436,0.3863044476016776,1.2589675600745749,5,High Value Customers
12371.0,-0.0015614215275583,-0.3615827770984003,0.7591391838068907,2,Occasional Customers
12372.0,0.343051479153905,0.0596054655268191,0.4615924883019555,2,Occasional Customers
12373.0,1.4269530713337628,-0.9552142636712972,-0.5459956561227385,3,At-Risk Low Value Customers
12374.0,-0.4273072773233673,-0.9552142636712972,0.0185844400543315,0,Low Value Customers
12375.0,-1.0042687305257638,-0.3615827770984003,-0.3660530854928301,0,Low Value Customers
12377.0,1.4364590503135464,-0.3615827770984003,0.6415302981032269,2,Occasional Customers
12378.0,0.7793883005555002,-0.9552142636712972,1.3573068152479633,2,Occasional Customers
12379.0,0.4388506943278125,-0.3615827770984003,0.1275367576150685,2,Occasional Customers
12380.0,-0.5187942651860693,0.3863044476016776,1.0505969435878144,5,High Value Customers
12381.0,-1.5215015741842748,0.6532369520997158,0.7409897043614747,1,Recent Regular Customers
12383.0,1.0409714714796316,0.6532369520997158,0.7432463128566629,2,Occasional Customers
12384.0,-0.3205241028950956,-0.3615827770984003,-0.1706930464049871,0,Low Value Customers
12386.0,1.488886141147174,-0.3615827770984003,-0.4687890251513604,3,At-Risk Low Value Customers
12388.0,-0.7443590504544844,0.8789251688960832,1.0667157985581095,5,High Value Customers
12390.0,0.4206495661775393,-0.9552142636712972,-0.2202332213213198,2,Occasional Customers
12391.0,-0.5187942651860693,-0.9552142636712972,-0.3975931902430841,0,Low Value Customers
12393.0,0.343051479153905,0.3863044476016776,0.6190083110941045,2,Occasional Customers
12394.0,0.2564373503073006,-0.3615827770984003,0.4457994879794345,2,Occasional Customers
12395.0,-0.6230859205766931,1.7852452398084837,1.1319521501528025,5,High Value Customers
12397.0,-0.164028700972232,-0.3615827770984003,0.9530318109955532,2,Occasional Customers
12398.0,0.0144867079241929,-0.9552142636712972,0.6452000225524819,2,Occasional Customers
12399.0,0.713941584421926,0.3863044476016776,0.3363586221187414,2,Occasional Customers
12401.0,1.4075699228848029,-0.9552142636712972,-1.7026146194252805,3,At-Risk Low Value Customers
12402.0,1.4551152534945606,-0.9552142636712972,-0.9261563528849276,3,At-Risk Low Value Customers
12403.0,0.0754356108856238,-0.9552142636712972,-0.4194610957779969,0,Low Value Customers
12405.0,0.8804533683940834,-0.9552142636712972,0.6806832771815868,2,Occasional Customers
12406.0,-0.5187942651860693,-0.3615827770984003,1.2300404335158148,1,Recent Regular Customers
12407.0,0.0754356108856238,0.6532369520997158,0.6796284451256502,5,High Value Customers
12408.0,-0.2271262067959733,0.6532369520997158,1.096957493494028,5,High Value Customers
12409.0,0.4113797667403285,0.0596054655268191,2.16464966500498,5,High Value Customers
12410.0,1.4221542814287025,-0.3615827770984003,-0.0362514369336403,2,Occasional Customers
12412.0,0.3731042355677808,0.0596054655268191,0.416820379381881,2,Occasional Customers
12413.0,0.2901066368625376,0.0596054655268191,0.0346272685992571,2,Occasional Customers
12414.0,1.159430989184945,0.0596054655268191,-0.2023016097754892,2,Occasional Customers
12415.0,-0.4565741366045358,2.555485194733606,4.0903281810701175,4,High Value Loyal Customers
12417.0,-1.824063391865872,1.4011241767997944,1.282648592090624,4,High Value Loyal Customers
12418.0,0.6756660532493783,-0.9552142636712972,-0.0650974256305286,2,Occasional Customers
12420.0,0.2564373503073006,-0.9552142636712972,-0.1504567333745752,0,Low Value Customers
12421.0,-0.7443590504544844,0.3863044476016776,0.0842802890777216,1,Recent Regular Customers
12422.0,0.5551626080798789,0.0596054655268191,0.0808502305898714,2,Occasional Customers
12423.0,-2.341296235524383,1.2468684386726128,0.7469931460818864,1,Recent Regular Customers
12424.0,0.947038466531095,-0.3615827770984003,0.703826474488546,2,Occasional Customers
12425.0,0.4019933629965244,-0.9552142636712972,0.0543762795701103,2,Occasional Customers
12426.0,1.0800489471232713,-0.9552142636712972,-0.1741436637418303,3,At-Risk Low Value Customers
12427.0,-0.5187942651860693,0.0596054655268191,0.1025202920708871,1,Recent Regular Customers
12428.0,-0.3991450951625692,1.4011241767997944,1.9020237095844112,5,High Value Customers
12429.0,-1.1403187642352035,0.3863044476016776,1.3044038924668246,1,Recent Regular Customers
12430.0,-0.0347317383159377,-0.9552142636712972,-0.824872343048851,0,Low Value Customers
12431.0,-0.164028700972232,2.089244923923052,1.7315198641151124,5,High Value Customers
12432.0,-0.0347317383159377,0.6532369520997158,1.542266339201556,5,High Value Customers
12433.0,-2.341296235524383,1.0744251947249353,2.314818900989401,4,High Value Loyal Customers
12434.0,0.4653461139941349,-0.3615827770984003,0.0833946232487275,2,Occasional Customers
12435.0,0.4206495661775393,-0.3615827770984003,1.8892812988039345,5,High Value Customers
12436.0,0.5853165797205673,-0.9552142636712972,-0.2814384103847264,2,Occasional Customers
12437.0,-2.038734417842785,2.340846655976633,1.5251356725027356,4,High Value Loyal Customers
12438.0,-0.8377569465536066,-0.3615827770984003,1.1019747641411677,1,Recent Regular Customers
12441.0,1.5501371094479746,-0.9552142636712972,-1.1335604660393386,3,At-Risk Low Value Customers
12442.0,-1.824063391865872,-0.9552142636712972,-1.1403735686438805,0,Low Value Customers
12444.0,-0.5519645819744484,0.6532369520997158,1.5337622427285058,5,High Value Customers
12445.0,-0.5187942651860693,-0.9552142636712972,-1.341294939821097,0,Low Value Customers
12446.0,0.1841671134665053,-0.9552142636712972,0.2562976765671253,2,Occasional Customers
12447.0,1.2435087462334855,-0.9552142636712972,-0.3338007165602957,3,At-Risk Low Value Customers
12448.0,-0.0179622852134984,-0.9552142636712972,-0.3801302603223377,0,Low Value Customers
12449.0,-0.5187942651860693,0.3863044476016776,1.3688512580843062,5,High Value Customers
12450.0,0.9144883541766984,-0.3615827770984003,-1.0298561550665053,3,At-Risk Low Value Customers
12451.0,-1.0042687305257638,0.6532369520997158,2.0030846747729223,5,High Value Customers
12452.0,-0.7017069128441668,-0.3615827770984003,-0.4141583965705841,0,Low Value Customers
12453.0,0.8018323761266101,-0.9552142636712972,-0.0206558208056385,2,Occasional Customers
12454.0,0.1584332095908674,-0.9552142636712972,1.2559110329094345,2,Occasional Customers
12455.0,0.3532041426862792,0.8789251688960832,0.9715896978597152,5,High Value Customers
12456.0,-0.0179622852134984,0.0596054655268191,1.173586490473752,5,High Value Customers
12457.0,0.2790514826837337,1.0744251947249353,0.9374966881043064,5,High Value Customers
12458.0,0.3327587744728552,-0.3615827770984003,0.2115676613869768,2,Occasional Customers
12461.0,0.5396160195399382,-0.3615827770984003,0.103557720302638,2,Occasional Customers
12462.0,-0.6230859205766931,-0.3615827770984003,0.3923108844568049,1,Recent Regular Customers
12463.0,0.1180877484959417,0.3863044476016776,0.4896847087698556,2,Occasional Customers
12464.0,-1.0691974256329595,1.2468684386726128,0.4071634416183126,1,Recent Regular Customers
12465.0,-0.7017069128441668,-0.3615827770984003,0.0177935174203264,1,Recent Regular Customers
12468.0,1.0529110743320027,-0.3615827770984003,0.0041498372424372,2,Occasional Customers
12471.0,-2.038734417842785,3.057582165231702,2.626059622148486,4,High Value Loyal Customers
12472.0,-0.2494027642928512,1.0744251947249353,1.750133179943818,5,High Value Customers
12473.0,-0.3205241028950956,0.6532369520997158,1.341174793859282,5,High Value Customers
12474.0,-0.7017069128441668,2.340846655976633,1.836216762355455,4,High Value Loyal Customers
12475.0,0.1317800456562198,-0.9552142636712972,-0.0025798124231077,2,Occasional Customers
12476.0,-0.7443590504544844,1.668056681297832,1.779135980489325,4,High Value Loyal Customers
12477.0,-0.4870358868672529,0.8789251688960832,2.305488571142841,5,High Value Customers
12478.0,-1.6575516078937147,-0.9552142636712972,-0.0505027749023296,1,Recent Regular Customers
12479.0,-1.0042687305257638,-0.9552142636712972,-0.2535874485267901,0,Low Value Customers
12480.0,-0.3458217546340572,0.3863044476016776,1.1983203428022826,5,High Value Customers
12481.0,-0.4870358868672529,1.54066546553549,1.6200749317678933,5,High Value Customers
12483.0,-0.7017069128441668,1.2468684386726128,0.977403582597624,5,High Value Customers
12484.0,-0.2271262067959733,0.8789251688960832,1.4539890263303534,5,High Value Customers
12488.0,-1.0691974256329595,0.0596054655268191,0.46197170182321,1,Recent Regular Customers
12489.0,1.4844706888644472,-0.9552142636712972,-0.6132590391071987,3,At-Risk Low Value Customers
12490.0,-1.5215015741842748,1.54066546553549,1.5966802667319833,4,High Value Loyal Customers
12491.0,-0.1058530769181821,-0.9552142636712972,-0.3610422853558438,0,Low Value Customers
12492.0,0.2448679827681711,-0.3615827770984003,-0.8041196652574278,0,Low Value Customers
12493.0,0.9605652887470136,-0.3615827770984003,-0.4083422393749577,2,Occasional Customers
12494.0,-0.7443590504544844,1.0744251947249353,0.4291638896556454,5,High Value Customers
12497.0,0.4388506943278125,-0.9552142636712972,0.2879681545000943,2,Occasional Customers
12498.0,-0.5519645819744484,0.0596054655268191,-0.4652464002023886,0,Low Value Customers
12500.0,-0.4870358868672529,1.668056681297832,1.4052254315823198,5,High Value Customers
12501.0,1.4866816808776484,-0.9552142636712972,0.8695113126471109,2,Occasional Customers
12502.0,0.5551626080798789,0.6532369520997158,1.2987635904614807,5,High Value Customers
12504.0,-0.6613614517492411,-0.3615827770984003,-0.3246001949456834,0,Low Value Customers
12506.0,1.2122820453568492,-0.9552142636712972,-1.810201122731829,3,At-Risk Low Value Customers
12507.0,0.8018323761266101,0.0596054655268191,0.4657234882530985,2,Occasional Customers
12508.0,-0.3991450951625692,-0.3615827770984003,-0.4767583721359144,0,Low Value Customers
12509.0,1.3594106808800466,-0.9552142636712972,-1.1202413287571895,3,At-Risk Low Value Customers
12510.0,0.8499916181313663,-0.3615827770984003,0.2405056428333804,2,Occasional Customers
12512.0,0.2790514826837337,-0.3615827770984003,-1.3485419263415328,0,Low Value Customers
12513.0,0.6756660532493783,-0.9552142636712972,-0.1348846314295079,2,Occasional Customers
12514.0,1.3135171700007555,-0.9552142636712972,0.2683800287855474,2,Occasional Customers
12515.0,1.5211946184651242,-0.9552142636712972,-0.5055249741905248,3,At-Risk Low Value Customers
12516.0,0.4019933629965244,-0.3615827770984003,0.4701236986026794,2,Occasional Customers
12517.0,-0.3458217546340572,0.6532369520997158,0.9763223161089502,5,High Value Customers
12518.0,-2.341296235524383,0.6532369520997158,0.8272113914603249,1,Recent Regular Customers
12519.0,0.2564373503073006,-0.9552142636712972,-0.6229943561056606,0,Low Value Customers
12520.0,0.4113797667403285,0.6532369520997158,1.023748040735636,5,High Value Customers
12521.0,0.8499916181313663,-0.9552142636712972,-0.1513955416376379,2,Occasional Customers
12522.0,-0.1058530769181821,-0.3615827770984003,-1.0507478020194507,0,Low Value Customers
12523.0,-0.6230859205766931,1.668056681297832,0.7167160566116625,5,High Value Customers
12524.0,-1.1403187642352035,1.2468684386726128,1.4466544164687745,5,High Value Customers
12526.0,-2.341296235524383,0.0596054655268191,0.4729029760967772,1,Recent Regular Customers
12527.0,0.4388506943278125,0.0596054655268191,-0.5813098515196922,2,Occasional Customers
12528.0,-1.1403187642352035,0.8789251688960832,0.7780633501700918,1,Recent Regular Customers
12530.0,0.2090430589164636,0.3863044476016776,0.6580221382422843,5,High Value Customers
12531.0,-0.7895977045488505,-0.9552142636712972,-1.3911990709265596,0,Low Value Customers
12532.0,-0.2960560335189878,-0.9552142636712972,-0.5787686815318117,0,Low Value Customers
12534.0,0.7850629230241704,-0.9552142636712972,0.3222904901240402,2,Occasional Customers
12535.0,0.5237386278211207,-0.3615827770984003,-0.0103301941710965,2,Occasional Customers
12536.0,-0.0347317383159377,0.0596054655268191,2.2674486058847627,5,High Value Customers
12538.0,-0.3205241028950956,-0.9552142636712972,-0.547409859236099,0,Low Value Customers
12539.0,-0.5187942651860693,0.3863044476016776,1.6184398843765204,5,High Value Customers
12540.0,-0.5866782483482139,2.2616881678707283,2.316265419483885,4,High Value Loyal Customers
12541.0,-0.2960560335189878,0.0596054655268191,0.239381724252448,2,Occasional Customers
12544.0,-0.164028700972232,-0.9552142636712972,-0.5285803964636581,0,Low Value Customers
12545.0,0.3731042355677808,-0.3615827770984003,0.2547753766141294,2,Occasional Customers
12546.0,0.030196956791258,-0.3615827770984003,0.3733358709085387,2,Occasional Customers
12547.0,1.0913839892534942,-0.3615827770984003,-0.9911726102951608,3,At-Risk Low Value Customers
12548.0,0.9605652887470136,-0.9552142636712972,-1.6070447351427024,3,At-Risk Low Value Customers
12550.0,0.4113797667403285,-0.9552142636712972,0.226040827097192,2,Occasional Customers
12551.0,1.531660558029954,-0.9552142636712972,-1.159240114724307,3,At-Risk Low Value Customers
12552.0,-0.1058530769181821,-0.3615827770984003,-0.40091856619492,0,Low Value Customers
12553.0,-1.2189397565026774,1.54066546553549,1.291994896113586,4,High Value Loyal Customers
12556.0,0.0754356108856238,-0.3615827770984003,-0.1515543230735299,2,Occasional Customers
12557.0,-0.7443590504544844,0.6532369520997158,2.22796259416826,5,High Value Customers
12558.0,-1.2189397565026774,-0.9552142636712972,-0.7840710996218231,0,Low Value Customers
12559.0,1.4269530713337628,-0.3615827770984003,-0.2032896205646566,2,Occasional Customers
12560.0,-1.5215015741842748,0.0596054655268191,0.8564495327563486,1,Recent Regular Customers
12561.0,1.4075699228848029,-0.9552142636712972,-0.8809940690560476,3,At-Risk Low Value Customers
12562.0,-1.2189397565026774,1.0744251947249353,1.3110156371382091,5,High Value Customers
12564.0,1.2966211442140112,-0.9552142636712972,-0.3670937589905986,3,At-Risk Low Value Customers
12565.0,1.3723885603136328,-0.9552142636712972,-1.2705103112322118,3,At-Risk Low Value Customers
12566.0,0.473972906706051,-0.9552142636712972,-0.5746565323203142,3,At-Risk Low Value Customers
12567.0,-0.4870358868672529,1.54066546553549,2.034617928859116,5,High Value Customers
12569.0,-2.038734417842785,3.1491166813065026,1.3799858001337555,4,High Value Loyal Customers
12571.0,-0.0874272207859269,-0.3615827770984003,-0.2650901752159588,0,Low Value Customers
12572.0,-1.1403187642352035,-0.3615827770984003,0.2705147817777137,1,Recent Regular Customers
12573.0,1.1928988969078893,-0.9552142636712972,-1.195118824909886,3,At-Risk Low Value Customers
12574.0,1.438816743455106,-0.9552142636712972,-0.9516368538389012,3,At-Risk Low Value Customers
12576.0,-0.164028700972232,0.6532369520997158,0.4724022158841314,5,High Value Customers
12577.0,-0.1844740691856557,0.0596054655268191,-0.1165541502686782,2,Occasional Customers
12578.0,-0.5519645819744484,-0.3615827770984003,1.0706629614240328,1,Recent Regular Customers
12579.0,0.4019933629965244,-0.9552142636712972,-0.3962237156248833,0,Low Value Customers
12580.0,1.2556424974565452,-0.9552142636712972,-0.4420240745904618,3,At-Risk Low Value Customers
12581.0,-0.0874272207859269,-0.9552142636712972,-1.0305357681921872,0,Low Value Customers
12582.0,1.231174428080437,-0.3615827770984003,-0.2777849130678025,2,Occasional Customers
12583.0,-1.824063391865872,2.089244923923052,1.8315694263990612,4,High Value Loyal Customers
12584.0,-1.6575516078937147,1.4011241767997944,0.9290210999918392,4,High Value Loyal Customers
12585.0,1.2154641792133722,-0.3615827770984003,0.8207007387623079,2,Occasional Customers
12586.0,-0.7017069128441668,-0.9552142636712972,-1.033621314544512,0,Low Value Customers
12587.0,-1.2189397565026774,-0.9552142636712972,-1.28096453769461,0,Low Value Customers
12588.0,-0.1058530769181821,-0.9552142636712972,-0.964598127888495,0,Low Value Customers
12589.0,-0.3205241028950956,-0.3615827770984003,-0.0915252183547127,0,Low Value Customers
12590.0,1.1386051930976016,-0.3615827770984003,2.072818321901469,2,Occasional Customers
12591.0,1.4411670107791992,-0.9552142636712972,-0.3741541762922711,3,At-Risk Low Value Customers
12592.0,0.5237386278211207,-0.3615827770984003,-0.4013170984009997,2,Occasional Customers
12593.0,0.6490128893147309,0.0596054655268191,-0.4374599411696904,2,Occasional Customers
12594.0,-0.1247454596417701,1.54066546553549,1.2119040775054009,5,High Value Customers
12596.0,0.0899255663351436,-0.3615827770984003,-0.1271730262755146,2,Occasional Customers
12597.0,-0.6230859205766931,0.3863044476016776,1.317185172135965,5,High Value Customers
12598.0,-1.0691974256329595,1.2468684386726128,1.133122470444736,5,High Value Customers
12599.0,-0.3205241028950956,1.0744251947249353,0.2799201343535855,5,High Value Customers
12600.0,-0.3205241028950956,1.54066546553549,1.013054966222713,5,High Value Customers
12601.0,1.060765981162014,0.6532369520997158,-0.1819009020915378,2,Occasional Customers
12602.0,0.196708740763415,-0.9552142636712972,-1.2324879237041446,0,Low Value Customers
12603.0,-0.5187942651860693,-0.9552142636712972,0.0145897226187705,0,Low Value Customers
12604.0,0.4113797667403285,-0.3615827770984003,-0.8317563657855035,0,Low Value Customers
12607.0,0.2090430589164636,-0.9552142636712972,0.6174560838310443,2,Occasional Customers
12609.0,0.4019933629965244,0.0596054655268191,0.3492876593248201,2,Occasional Customers
12610.0,-0.4870358868672529,0.6532369520997158,0.8435138510271594,5,High Value Customers
12611.0,0.10413950578058,-0.9552142636712972,0.3947967947590383,2,Occasional Customers
12612.0,0.3632205247355723,-0.9552142636712972,-0.0240863937662919,2,Occasional Customers
12613.0,0.1714110890244534,0.6532369520997158,1.2133687943407492,5,High Value Customers
12614.0,1.3435332891612286,-0.9552142636712972,-0.6603575002750689,3,At-Risk Low Value Customers
12615.0,-2.038734417842785,0.3863044476016776,0.9129040864687248,1,Recent Regular Customers
12616.0,0.5474298004497687,-0.3615827770984003,-0.0137163886839931,2,Occasional Customers
12617.0,-0.3205241028950956,-0.9552142636712972,-0.571664899113624,0,Low Value Customers
12618.0,-0.5187942651860693,-0.9552142636712972,-1.1166229345267744,0,Low Value Customers
12619.0,-0.7443590504544844,1.4011241767997944,1.2809354078609083,5,High Value Customers
12620.0,-0.7895977045488505,0.0596054655268191,0.4865072026249702,1,Recent Regular Customers
12621.0,-2.038734417842785,2.487376384667096,2.333246632362928,4,High Value Loyal Customers
12622.0,1.2090862834765006,-0.9552142636712972,-1.1042841882638283,3,At-Risk Low Value Customers
12623.0,1.3381648540746935,-0.9552142636712972,-0.6871615158787254,3,At-Risk Low Value Customers
12624.0,0.6283790606233428,-0.3615827770984003,-0.0983646212304641,2,Occasional Customers
12625.0,1.1421167725593575,-0.3615827770984003,1.038555275461452,2,Occasional Customers
12626.0,-0.4870358868672529,1.4011241767997944,1.7559599837592308,5,High Value Customers
12627.0,-1.0042687305257638,1.0744251947249353,1.445379838514378,5,High Value Customers
12628.0,-1.6575516078937147,0.0596054655268191,0.0637771238169115,1,Recent Regular Customers
12630.0,-1.0691974256329595,-0.3615827770984003,0.4448003646777494,1,Recent Regular Customers
12631.0,0.1714110890244534,-0.9552142636712972,-0.0991447189146397,0,Low Value Customers
12633.0,0.196708740763415,0.3863044476016776,0.8675278702816147,5,High Value Customers
12635.0,0.5075160485126933,-0.3615827770984003,0.6707723303287398,2,Occasional Customers
12637.0,0.2901066368625376,1.2468684386726128,1.6781484862634812,5,High Value Customers
12638.0,-0.2271262067959733,-0.9552142636712972,-0.061414698465706,0,Low Value Customers
12639.0,1.231174428080437,-0.9552142636712972,-0.3179647978104343,3,At-Risk Low Value Customers
12640.0,-0.4565741366045358,0.0596054655268191,0.382227906054666,1,Recent Regular Customers
12641.0,0.6886439326829644,-0.9552142636712972,-1.0792309192396632,3,At-Risk Low Value Customers
12642.0,-0.4273072773233673,0.0596054655268191,0.2649242442614292,1,Recent Regular Customers
12643.0,0.7679079316757323,0.8789251688960832,1.2134305574687834,5,High Value Customers
12644.0,0.7793883005555002,-0.9552142636712972,-0.3314407961362192,3,At-Risk Low Value Customers
12645.0,-0.2054954383991431,0.3863044476016776,0.7102146256498559,5,High Value Customers
12646.0,-1.5215015741842748,-0.3615827770984003,0.4909769249834099,1,Recent Regular Customers
12647.0,-0.5187942651860693,1.7852452398084837,1.2985395339010717,5,High Value Customers
12648.0,0.9097202276752518,-0.9552142636712972,-0.6542311976448417,3,At-Risk Low Value Customers
12649.0,0.6353205921544528,0.0596054655268191,-0.1204766700269438,2,Occasional Customers
12650.0,-1.824063391865872,-0.9552142636712972,-0.6632746732080488,0,Low Value Customers
12651.0,1.4822531262858296,-0.9552142636712972,-1.4651836659567992,3,At-Risk Low Value Customers
12652.0,1.4733163816448338,-0.9552142636712972,0.1882519178154217,2,Occasional Customers
12653.0,0.8804533683940834,-0.3615827770984003,0.8841900751407056,2,Occasional Customers
12654.0,-1.0042687305257638,0.6532369520997158,-0.1483583457781435,1,Recent Regular Customers
12656.0,-0.7017069128441668,0.6532369520997158,1.365696011978844,5,High Value Customers
12657.0,-1.0042687305257638,0.3863044476016776,0.6488432124817325,1,Recent Regular Customers
12658.0,-0.6230859205766931,-0.9552142636712972,-0.0446280894263392,0,Low Value Customers
12659.0,-0.2960560335189878,-0.9552142636712972,-1.6366695222220122,0,Low Value Customers
12660.0,-1.0042687305257638,-0.9552142636712972,-0.8605503152730051,0,Low Value Customers
12662.0,-2.341296235524383,1.668056681297832,1.325183332879004,4,High Value Loyal Customers
12664.0,-1.2189397565026774,1.4011241767997944,1.5138989266735754,4,High Value Loyal Customers
12665.0,1.4597073249619177,-0.9552142636712972,-1.9309329862473348,3,At-Risk Low Value Customers
12667.0,0.1841671134665053,-0.9552142636712972,-0.1247896106895606,0,Low Value Customers
12668.0,-0.9445401209818785,0.3863044476016776,1.3163362523522375,5,High Value Customers
12669.0,0.8903370792262918,0.0596054655268191,1.056180995143556,2,Occasional Customers
12670.0,-1.0691974256329595,0.6532369520997158,1.1259870556914335,1,Recent Regular Customers
12672.0,1.4710653716164896,-0.9552142636712972,-0.9251048940137097,3,At-Risk Low Value Customers
12673.0,-1.5215015741842748,-0.3615827770984003,-0.1371815897143276,1,Recent Regular Customers
12674.0,-0.1058530769181821,0.3863044476016776,0.7931686089801405,5,High Value Customers
12676.0,-0.4273072773233673,0.8789251688960832,0.4817378715411789,5,High Value Customers
12678.0,-0.0518867296643757,1.7852452398084837,2.534198886896624,4,High Value Loyal Customers
12679.0,0.196708740763415,0.3863044476016776,0.3394822545406775,2,Occasional Customers
12680.0,-2.341296235524383,0.3863044476016776,0.1373214188540032,1,Recent Regular Customers
12681.0,-0.7895977045488505,2.6205659263872656,2.338907662207883,4,High Value Loyal Customers
12682.0,-1.6575516078937147,3.104064653121168,2.2468789142262917,4,High Value Loyal Customers
12683.0,-1.6575516078937147,2.089244923923052,1.952341088480325,4,High Value Loyal Customers
12684.0,-1.2189397565026774,1.0744251947249353,0.9102786191250546,1,Recent Regular Customers
12685.0,-0.3458217546340572,0.8789251688960832,1.0899212944826258,5,High Value Customers
12686.0,1.5602075626728675,-0.9552142636712972,-1.6587539535577802,3,At-Risk Low Value Customers
12688.0,0.68218320610311,-0.9552142636712972,1.5125843834218151,2,Occasional Customers
12689.0,-0.3991450951625692,-0.3615827770984003,0.4301255708952618,2,Occasional Customers
12690.0,1.120795057494147,-0.9552142636712972,-0.4946303959241968,3,At-Risk Low Value Customers
12691.0,-0.3458217546340572,0.8789251688960832,0.2823921682473474,5,High Value Customers
12693.0,0.7621008264266822,0.3863044476016776,0.1309477503081043,2,Occasional Customers
12694.0,0.322322111219249,-0.3615827770984003,0.1436078671308,2,Occasional Customers
12695.0,-1.3068305482073614,0.3863044476016776,-0.1750018494306114,1,Recent Regular Customers
12697.0,-0.3205241028950956,0.0596054655268191,0.2200609946374664,2,Occasional Customers
12700.0,-1.2189397565026774,0.3863044476016776,1.5233009558989077,1,Recent Regular Customers
12701.0,0.4206495661775393,-0.3615827770984003,0.0750506125767948,2,Occasional Customers
12702.0,-0.5866782483482139,-0.9552142636712972,-0.9496475472994113,0,Low Value Customers
12703.0,0.3327587744728552,-0.9552142636712972,-0.7451789004890396,0,Low Value Customers
12704.0,-1.3068305482073614,1.2468684386726128,0.9299345039248912,1,Recent Regular Customers
12705.0,-0.7895977045488505,1.4011241767997944,1.7851597386092597,5,High Value Customers
12707.0,1.3800683117199994,-0.9552142636712972,-0.1464626886452925,3,At-Risk Low Value Customers
12708.0,-0.2960560335189878,1.54066546553549,1.0471198260514416,5,High Value Customers
12709.0,-0.7895977045488505,2.089244923923052,2.060008385090548,4,High Value Loyal Customers
12710.0,0.5628161034647609,0.0596054655268191,0.3647579592945362,2,Occasional Customers
12712.0,-0.3205241028950956,1.8937448980941995,1.4306248673931372,5,High Value Customers
12713.0,-2.341296235524383,-0.9552142636712972,0.1240923525610374,1,Recent Regular Customers
12714.0,-1.1403187642352035,0.6532369520997158,1.4852275201767522,5,High Value Customers
12715.0,0.6283790606233428,-0.9552142636712972,-0.5935618623837106,3,At-Risk Low Value Customers
12716.0,-1.6575516078937147,-0.3615827770984003,0.2958375207762813,1,Recent Regular Customers
12717.0,0.8903370792262918,-0.3615827770984003,0.2786889289367203,2,Occasional Customers
12718.0,0.3327587744728552,-0.9552142636712972,-0.8829846212490247,0,Low Value Customers
12719.0,-1.5215015741842748,-0.3615827770984003,-0.0936508330620386,1,Recent Regular Customers
12720.0,-1.824063391865872,2.8000649690066,1.6483196843210832,4,High Value Loyal Customers
12721.0,-0.2494027642928512,0.8789251688960832,1.0303162605376512,5,High Value Customers
12722.0,0.4653461139941349,0.3863044476016776,0.2525819491247407,2,Occasional Customers
12723.0,-1.6575516078937147,0.6532369520997158,-0.0007278490142643,1,Recent Regular Customers
12724.0,-1.5215015741842748,0.3863044476016776,0.2790200028620896,1,Recent Regular Customers
12725.0,1.558204315138142,-0.9552142636712972,-0.4192757365823885,3,At-Risk Low Value Customers
12726.0,-0.3458217546340572,1.0744251947249353,1.0161239697673847,5,High Value Customers
12727.0,-1.0042687305257638,1.0744251947249353,1.3517535691229623,5,High Value Customers
12728.0,0.3327587744728552,0.3863044476016776,0.1125779110872689,2,Occasional Customers
12729.0,0.68218320610311,-0.9552142636712972,-0.3738740529055653,3,At-Risk Low Value Customers
12731.0,-0.4565741366045358,1.7852452398084837,2.589374476319443,4,High Value Loyal Customers
12732.0,1.02063753599374,-0.9552142636712972,-0.8896225386649049,3,At-Risk Low Value Customers
12733.0,1.2154641792133722,-0.9552142636712972,-0.5050086826453296,3,At-Risk Low Value Customers
12734.0,1.5211946184651242,-0.9552142636712972,-1.4904598173531705,3,At-Risk Low Value Customers
12735.0,1.4364590503135464,-0.3615827770984003,0.0567929359582992,2,Occasional Customers
12736.0,1.4777981324055245,-0.9552142636712972,-0.8972289333136365,3,At-Risk Low Value Customers
12738.0,1.5602075626728675,-0.9552142636712972,-1.2210712141410414,3,At-Risk Low Value Customers
12739.0,0.4019933629965244,-0.3615827770984003,0.2647518436686655,2,Occasional Customers
12740.0,0.2564373503073006,-0.9552142636712972,-0.4196464982161569,0,Low Value Customers
12743.0,0.8018323761266101,-0.3615827770984003,-0.2343673237019141,2,Occasional Customers
12744.0,0.10413950578058,1.0744251947249353,2.6837744997098003,5,High Value Customers
12747.0,-2.038734417842785,1.668056681297832,1.393606705887036,4,High Value Loyal Customers
12748.0,-2.341296235524383,5.858534554336304,3.033746320356939,4,High Value Loyal Customers
12749.0,-1.6575516078937147,0.6532369520997158,1.3734461807569656,1,Recent Regular Customers
12750.0,0.7736701939658116,-0.9552142636712972,-0.7668946604337534,3,At-Risk Low Value Customers
12752.0,0.429805622872584,-0.9552142636712972,1.4253024303792623,2,Occasional Customers
12753.0,-0.4870358868672529,0.8789251688960832,2.6893604138647302,5,High Value Customers
12754.0,1.2217880243366328,0.0596054655268191,1.129872886593402,2,Occasional Customers
12755.0,1.3515142129228124,-0.3615827770984003,1.3173373395267247,2,Occasional Customers
12756.0,0.4825011053425735,-0.9552142636712972,-1.478564172238005,3,At-Risk Low Value Customers
12757.0,-0.7443590504544844,1.8937448980941995,1.889764226526691,4,High Value Loyal Customers
12758.0,0.7013999571250162,-0.3615827770984003,1.0698324091253586,2,Occasional Customers
12759.0,0.10413950578058,0.0596054655268191,0.5929098558744518,2,Occasional Customers
12762.0,-1.2189397565026774,-0.3615827770984003,0.7635696385736469,1,Recent Regular Customers
12763.0,0.8236210556992557,-0.3615827770984003,-0.3050505348788116,2,Occasional Customers
12764.0,1.4411670107791992,-0.9552142636712972,0.6729792169858936,2,Occasional Customers
12766.0,-1.6575516078937147,1.0744251947249353,1.7990753606956271,4,High Value Loyal Customers
12769.0,1.231174428080437,-0.9552142636712972,0.3610035848721044,2,Occasional Customers
12770.0,1.1386051930976016,-0.9552142636712972,0.4936138353006976,2,Occasional Customers
12772.0,0.2090430589164636,-0.9552142636712972,0.1641513580739965,2,Occasional Customers
12775.0,-0.7017069128441668,0.6532369520997158,0.5136840577671975,1,Recent Regular Customers
12778.0,-0.5866782483482139,0.8789251688960832,0.0990813463887874,1,Recent Regular Customers
12779.0,-0.1247454596417701,1.2468684386726128,1.3518852909288246,5,High Value Customers
12781.0,0.2564373503073006,-0.3615827770984003,0.1034233152375563,2,Occasional Customers
12782.0,-1.5215015741842748,0.6532369520997158,0.9265608993279588,1,Recent Regular Customers
12783.0,-2.038734417842785,0.8789251688960832,0.8899422474680663,1,Recent Regular Customers
12784.0,-1.1403187642352035,-0.3615827770984003,-0.2451762877033257,1,Recent Regular Customers
12785.0,1.5440289504430844,-0.9552142636712972,-0.6695729336851537,3,At-Risk Low Value Customers
12787.0,-1.0691974256329595,0.0596054655268191,-0.3554469189490972,1,Recent Regular Customers
12789.0,0.2678300793656594,-0.9552142636712972,-1.635213113868674,0,Low Value Customers
12790.0,1.068539064558348,-0.9552142636712972,-0.6373002248842359,3,At-Risk Low Value Customers
12791.0,1.5641979960247516,-0.9552142636712972,-1.0512402491368706,3,At-Risk Low Value Customers
12792.0,1.2851407753342434,-0.9552142636712972,-0.4714761876356534,3,At-Risk Low Value Customers
12793.0,1.4822531262858296,-0.3615827770984003,-0.2265486632013632,3,At-Risk Low Value Customers
12794.0,0.1180877484959417,-0.3615827770984003,0.1351102836427804,2,Occasional Customers
12795.0,-0.6230859205766931,-0.9552142636712972,-0.4143241470590618,0,Low Value Customers
12797.0,1.5481066068113414,-0.9552142636712972,-0.8322236601763229,3,At-Risk Low Value Customers
12798.0,-1.0691974256329595,0.0596054655268191,1.7976427801373878,5,High Value Customers
12802.0,1.048952395241215,-0.9552142636712972,-0.4196835838946708,3,At-Risk Low Value Customers
12808.0,-0.1441286080907301,0.0596054655268191,-0.3219721795797153,2,Occasional Customers
12809.0,1.0123462367079263,-0.9552142636712972,-0.3127447067541976,3,At-Risk Low Value Customers
12811.0,1.2966211442140112,0.0596054655268191,-0.2723898871634444,2,Occasional Customers
12812.0,-0.0015614215275583,-0.9552142636712972,-0.9121121623185408,0,Low Value Customers
12814.0,0.5999486026162144,-0.9552142636712972,-1.3868037900441808,3,At-Risk Low Value Customers
12815.0,0.8754619835057548,-0.3615827770984003,0.3033162174148123,2,Occasional Customers
12816.0,0.5551626080798789,-0.3615827770984003,-0.1886107657624587,2,Occasional Customers
12817.0,1.3515142129228124,-0.9552142636712972,-1.1685109375868208,3,At-Risk Low Value Customers
12818.0,1.2994638495891662,-0.9552142636712972,0.5984087210040472,2,Occasional Customers
12820.0,-1.824063391865872,0.3863044476016776,0.2073161987326017,1,Recent Regular Customers
12821.0,1.1490907416248033,-0.9552142636712972,-1.6278012258053267,3,At-Risk Low Value Customers
12822.0,0.3327587744728552,-0.3615827770984003,0.2128068853251967,2,Occasional Customers
12823.0,0.3731042355677808,0.6532369520997158,0.7031676722390415,5,High Value Customers
12824.0,0.2090430589164636,-0.9552142636712972,-0.4782740386835272,0,Low Value Customers
12826.0,-1.824063391865872,1.0744251947249353,0.5629365235802548,1,Recent Regular Customers
12827.0,-1.4064729096883222,0.0596054655268191,-0.4149321947817034,1,Recent Regular Customers
12828.0,-1.824063391865872,0.8789251688960832,0.2691831817088485,1,Recent Regular Customers
12829.0,1.4866816808776484,-0.3615827770984003,-0.7192145298029237,3,At-Risk Low Value Customers
12830.0,-0.1247454596417701,0.8789251688960832,1.7789284533394845,5,High Value Customers
12831.0,1.2994638495891662,-0.9552142636712972,-0.964046169852022,3,At-Risk Low Value Customers
12832.0,-0.2494027642928512,-0.3615827770984003,-0.5069102917706818,0,Low Value Customers
12833.0,0.8602843228124161,-0.9552142636712972,-0.4388264310565545,3,At-Risk Low Value Customers
12834.0,1.356787798536271,-0.9552142636712972,-0.6684817105307626,3,At-Risk Low Value Customers
12836.0,0.196708740763415,0.3863044476016776,1.016507524071879,5,High Value Customers
12837.0,0.991205750364562,-0.9552142636712972,-1.3371664757442887,3,At-Risk Low Value Customers
12838.0,-0.2054954383991431,-0.3615827770984003,-0.0611075893355685,0,Low Value Customers
12839.0,-1.824063391865872,1.9947556633726904,1.6217250964227234,4,High Value Loyal Customers
12840.0,0.8551557166551218,0.3863044476016776,1.051168188920348,2,Occasional Customers
12841.0,-1.5215015741842748,2.8000649690066,1.353922201546939,4,High Value Loyal Customers
12842.0,0.322322111219249,-0.3615827770984003,0.3437298046886926,2,Occasional Customers
12843.0,0.2790514826837337,1.2468684386726128,0.6768989085519088,5,High Value Customers
12844.0,-0.3205241028950956,-0.3615827770984003,-0.6347683128987015,0,Low Value Customers
12845.0,1.3135171700007555,0.3863044476016776,-0.5691767151588916,2,Occasional Customers
12847.0,-0.5187942651860693,-0.9552142636712972,0.1194858760932142,0,Low Value Customers
12849.0,-0.2723648608903394,-0.3615827770984003,0.2625936747787569,2,Occasional Customers
12851.0,0.5628161034647609,-0.9552142636712972,-1.350752907072077,3,At-Risk Low Value Customers
12852.0,1.3876698300033006,-0.9552142636712972,-0.6705893719341084,3,At-Risk Low Value Customers
12853.0,0.8073394805210485,0.8789251688960832,0.7877082104260569,5,High Value Customers
12854.0,0.4113797667403285,0.0596054655268191,0.4726556520537293,2,Occasional Customers
12855.0,1.5622054467539612,-0.9552142636712972,-2.3225434224320805,3,At-Risk Low Value Customers
12856.0,-1.2189397565026774,0.8789251688960832,0.870020123370253,1,Recent Regular Customers
12857.0,1.1386051930976016,-0.3615827770984003,0.3347455438427228,2,Occasional Customers
12863.0,0.10413950578058,-0.9552142636712972,-0.2626666890970108,0,Low Value Customers
12864.0,0.8236210556992557,-0.9552142636712972,-1.264045572106391,3,At-Risk Low Value Customers
12865.0,-0.3991450951625692,-0.3615827770984003,0.6117638266534832,2,Occasional Customers
12866.0,1.356787798536271,-0.9552142636712972,-0.206955977891853,3,At-Risk Low Value Customers
12867.0,-0.3991450951625692,1.0744251947249353,1.3574495101830464,5,High Value Customers
12868.0,1.0449726030954505,0.8789251688960832,0.6311896940707943,2,Occasional Customers
12871.0,0.4566184208346949,-0.3615827770984003,-0.5118717112010386,2,Occasional Customers
12872.0,1.464271310189606,-0.3615827770984003,-0.151011950752989,2,Occasional Customers
12873.0,1.354155664383771,-0.9552142636712972,-0.5258205544705677,3,At-Risk Low Value Customers
12875.0,0.8499916181313663,-0.3615827770984003,-0.5938619381397087,3,At-Risk Low Value Customers
12876.0,0.1841671134665053,-0.3615827770984003,0.8871215071806536,2,Occasional Customers
12877.0,-1.6575516078937147,1.7852452398084837,0.5951522391352791,4,High Value Loyal Customers
12878.0,1.2217880243366328,-0.3615827770984003,0.130094052586031,2,Occasional Customers
12879.0,-0.0015614215275583,0.0596054655268191,-0.1871978179106753,2,Occasional Customers
12881.0,1.3381648540746935,-0.9552142636712972,-0.7058123985765431,3,At-Risk Low Value Customers
12882.0,-1.1403187642352035,-0.3615827770984003,0.5566214049317931,1,Recent Regular Customers
12883.0,-0.4273072773233673,0.3863044476016776,-0.0247291628517297,1,Recent Regular Customers
12884.0,0.4909329380903411,-0.9552142636712972,-0.6769717347585319,3,At-Risk Low Value Customers
12885.0,0.2448679827681711,0.0596054655268191,0.3826604476338818,2,Occasional Customers
12886.0,0.3010003961540392,-0.3615827770984003,0.5092944929116526,2,Occasional Customers
12888.0,1.1490907416248033,-0.3615827770984003,-0.5691095749427827,3,At-Risk Low Value Customers
12890.0,-0.4565741366045358,-0.9552142636712972,-0.52007693575892,0,Low Value Customers
12891.0,1.0449726030954505,0.0596054655268191,-0.6226112625588027,2,Occasional Customers
12893.0,-0.2723648608903394,-0.9552142636712972,-1.120017493367013,0,Low Value Customers
12895.0,-0.0518867296643757,-0.3615827770984003,-0.528367760329261,0,Low Value Customers
12897.0,1.1171814462747254,-0.3615827770984003,-0.9587302467032252,3,At-Risk Low Value Customers
12901.0,-1.1403187642352035,2.959940965055545,2.5353736919534424,4,High Value Loyal Customers
12902.0,1.307927561403842,-0.9552142636712972,-1.3106711755297673,3,At-Risk Low Value Customers
12904.0,-0.6613614517492411,-0.3615827770984003,-0.3018784772393045,0,Low Value Customers
12906.0,-0.9445401209818785,0.6532369520997158,1.105508916412929,5,High Value Customers
12908.0,1.0039617748066132,-0.3615827770984003,0.0261015353727444,2,Occasional Customers
12909.0,-0.0874272207859269,0.6532369520997158,0.8729021085577027,5,High Value Customers
12910.0,-0.4870358868672529,1.2468684386726128,1.1466615621669305,5,High Value Customers
12912.0,-1.824063391865872,0.6532369520997158,0.6580316943334962,1,Recent Regular Customers
12913.0,-1.5215015741842748,0.6532369520997158,0.976971892235436,1,Recent Regular Customers
12915.0,0.8804533683940834,-0.3615827770984003,-0.5480634181113927,3,At-Risk Low Value Customers
12916.0,0.8289702489178785,0.3863044476016776,1.1123200260675574,2,Occasional Customers
12917.0,0.7679079316757323,-0.9552142636712972,-0.1589462013899156,2,Occasional Customers
12919.0,-1.2189397565026774,0.8789251688960832,0.4840012226282525,1,Recent Regular Customers
12920.0,-0.7017069128441668,-0.9552142636712972,-1.1841744142337514,0,Low Value Customers
12921.0,-1.1403187642352035,3.3556663851747497,2.4858107888526546,4,High Value Loyal Customers
12922.0,0.9378824098360496,-0.9552142636712972,-0.4619541375665881,3,At-Risk Low Value Customers
12923.0,0.2564373503073006,-0.9552142636712972,-1.1368911314748045,0,Low Value Customers
12924.0,0.4909329380903411,0.3863044476016776,0.2000037938271344,2,Occasional Customers
12925.0,-1.5215015741842748,-0.3615827770984003,-0.0354277545926382,1,Recent Regular Customers
12928.0,-0.1844740691856557,0.6532369520997158,0.8294519685724531,5,High Value Customers
12929.0,1.4293409429987136,-0.9552142636712972,-1.439013235806052,3,At-Risk Low Value Customers
12930.0,0.4019933629965244,-0.3615827770984003,-0.4418333781174244,2,Occasional Customers
12931.0,-0.5187942651860693,2.089244923923052,3.225177553457291,4,High Value Loyal Customers
12933.0,-0.4565741366045358,0.0596054655268191,-0.1410769056841481,1,Recent Regular Customers
12935.0,-2.038734417842785,1.0744251947249353,0.866322924755077,1,Recent Regular Customers
12936.0,-0.7017069128441668,0.3863044476016776,0.303644654246449,1,Recent Regular Customers
12937.0,-0.7895977045488505,0.3863044476016776,0.5786930127279656,1,Recent Regular Customers
12938.0,-0.3991450951625692,-0.9552142636712972,-1.464216759983182,0,Low Value Customers
12939.0,0.2564373503073006,1.2468684386726128,2.2003734794393384,5,High Value Customers
12940.0,0.1452256212872108,-0.3615827770984003,0.170547625817073,2,Occasional Customers
12942.0,0.7850629230241704,0.0596054655268191,-0.0568087302765369,2,Occasional Customers
12944.0,-0.164028700972232,-0.3615827770984003,-0.145030782235509,0,Low Value Customers
12945.0,1.3698109782739254,-0.9552142636712972,-0.3566621905243038,3,At-Risk Low Value Customers
12947.0,0.8551557166551218,0.8789251688960832,0.6296710035346978,5,High Value Customers
12948.0,-0.7443590504544844,1.0744251947249353,0.8303179679472017,5,High Value Customers
12949.0,-0.2723648608903394,1.2468684386726128,1.388136372989494,5,High Value Customers
12950.0,-2.038734417842785,0.0596054655268191,0.7399947630830133,1,Recent Regular Customers
12951.0,-1.1403187642352035,0.8789251688960832,0.303771513951866,1,Recent Regular Customers
12952.0,-1.4064729096883222,0.3863044476016776,0.5146861172539111,1,Recent Regular Customers
12953.0,-1.0691974256329595,-0.9552142636712972,-0.6253688626091478,0,Low Value Customers
12955.0,-2.341296235524383,1.668056681297832,1.4933360103434876,4,High Value Loyal Customers
12956.0,1.4148977322642486,-0.9552142636712972,-1.5072583307979066,3,At-Risk Low Value Customers
12957.0,-1.0691974256329595,1.2468684386726128,1.359072841994184,5,High Value Customers
12962.0,-1.3068305482073614,-0.3615827770984003,-0.7946115247516383,0,Low Value Customers
12963.0,-1.2189397565026774,1.2468684386726128,0.7458474201173074,1,Recent Regular Customers
12965.0,0.4992705584450125,-0.9552142636712972,0.0467932670204828,2,Occasional Customers
12966.0,-1.0691974256329595,-0.9552142636712972,-1.196891891567037,0,Low Value Customers
12967.0,1.531660558029954,-0.3615827770984003,0.6573624902962425,2,Occasional Customers
12968.0,0.6690914798070661,-0.9552142636712972,-1.3263576639340218,3,At-Risk Low Value Customers
12970.0,-1.3068305482073614,0.3863044476016776,-0.4617781506573838,1,Recent Regular Customers
12971.0,-1.6575516078937147,4.5683921808265575,2.173019436083006,4,High Value Loyal Customers
12974.0,1.0913839892534942,-0.9552142636712972,-1.276591885411492,3,At-Risk Low Value Customers
12976.0,1.1421167725593575,-0.9552142636712972,0.0139452618069423,2,Occasional Customers
12977.0,0.9144883541766984,-0.9552142636712972,-2.2997037007124006,3,At-Risk Low Value Customers
12980.0,0.9239341671206882,1.4011241767997944,1.8417103063249816,5,High Value Customers
12981.0,-0.2960560335189878,-0.3615827770984003,-0.5296018426033968,0,Low Value Customers
12982.0,1.2435087462334855,-0.9552142636712972,-0.4915187979430255,3,At-Risk Low Value Customers
12984.0,-0.6230859205766931,-0.9552142636712972,-1.588267555975632,0,Low Value Customers
12985.0,-2.341296235524383,-0.3615827770984003,0.4248699197648283,1,Recent Regular Customers
12987.0,0.3632205247355723,-0.3615827770984003,-0.2075521193889327,2,Occasional Customers
12988.0,1.3800683117199994,-0.9552142636712972,-0.2864248667125311,3,At-Risk Low Value Customers
12989.0,-1.824063391865872,2.089244923923052,1.7915916144203854,4,High Value Loyal Customers
12990.0,-0.2723648608903394,0.0596054655268191,-0.4539375249435031,0,Low Value Customers
12991.0,-0.4870358868672529,-0.3615827770984003,-0.2896616665920621,0,Low Value Customers
12993.0,-0.4870358868672529,0.3863044476016776,-0.4438188616366183,1,Recent Regular Customers
12994.0,-1.6575516078937147,0.0596054655268191,0.2338929833695256,1,Recent Regular Customers
12995.0,0.4653461139941349,-0.9552142636712972,-0.9778865819896932,3,At-Risk Low Value Customers
12997.0,-0.5187942651860693,0.3863044476016776,0.4168268517107032,1,Recent Regular Customers
12999.0,1.0838464579070546,0.0596054655268191,-0.3688660374279546,2,Occasional Customers
13000.0,0.6353205921544528,0.0596054655268191,-0.242159845513919,2,Occasional Customers
13001.0,-1.6575516078937147,1.8937448980941995,2.066486261992642,4,High Value Loyal Customers
13002.0,1.4435098989158772,-0.9552142636712972,-1.418549851134571,3,At-Risk Low Value Customers
13003.0,0.6283790606233428,0.0596054655268191,-1.253757175631828,3,At-Risk Low Value Customers
13004.0,-0.9445401209818785,2.340846655976633,1.6308372019465829,4,High Value Loyal Customers
13005.0,0.9954820328900365,-0.3615827770984003,-0.2741635751146641,2,Occasional Customers
13006.0,0.1584332095908674,-0.9552142636712972,-1.728465545757056,0,Low Value Customers
13008.0,1.4551152534945606,-0.9552142636712972,-0.9126981556355712,3,At-Risk Low Value Customers
13011.0,1.5602075626728675,-0.9552142636712972,-2.102857090327877,3,At-Risk Low Value Customers
13012.0,-1.1403187642352035,1.2468684386726128,0.6506103366319742,1,Recent Regular Customers
13013.0,-2.341296235524383,1.8937448980941995,1.5022681839733552,4,High Value Loyal Customers
13014.0,-1.0042687305257638,1.54066546553549,1.241812200864432,5,High Value Customers
13015.0,0.1180877484959417,0.6532369520997158,1.212241962770824,5,High Value Customers
13016.0,0.3532041426862792,0.0596054655268191,0.0672312623531201,2,Occasional Customers
13017.0,-1.3068305482073614,-0.9552142636712972,-1.0057692733066077,0,Low Value Customers
13018.0,-0.7443590504544844,2.959940965055545,1.8311677257783212,4,High Value Loyal Customers
13021.0,-1.6575516078937147,1.4011241767997944,1.018337510627073,4,High Value Loyal Customers
13023.0,0.2564373503073006,-0.3615827770984003,-0.0401871314525454,2,Occasional Customers
13026.0,-2.341296235524383,0.6532369520997158,0.234658483530889,1,Recent Regular Customers
13027.0,0.68218320610311,0.8789251688960832,1.790200650906164,5,High Value Customers
13028.0,-0.4870358868672529,-0.3615827770984003,-0.0737614081208732,0,Low Value Customers
13029.0,-0.2723648608903394,0.0596054655268191,0.4300555539314206,2,Occasional Customers
13030.0,-1.0042687305257638,-0.3615827770984003,0.0286794207205621,1,Recent Regular Customers
13032.0,0.10413950578058,-0.3615827770984003,0.2625072260004625,2,Occasional Customers
13033.0,1.5295790803664373,-0.9552142636712972,-1.0597003652361705,3,At-Risk Low Value Customers
13034.0,0.1452256212872108,-0.3615827770984003,-0.0963374746643562,2,Occasional Customers
13035.0,0.3632205247355723,-0.3615827770984003,0.1898897676248693,2,Occasional Customers
13037.0,0.8236210556992557,0.0596054655268191,0.1539459912109606,2,Occasional Customers
13038.0,0.4206495661775393,0.0596054655268191,0.1782484408068329,2,Occasional Customers
13040.0,-1.1403187642352035,-0.3615827770984003,-0.0551777250589477,1,Recent Regular Customers
13043.0,1.3300390831246338,-0.9552142636712972,-0.2699747909932304,3,At-Risk Low Value Customers
13044.0,1.377517166470927,-0.9552142636712972,-0.2050428318985085,3,At-Risk Low Value Customers
13045.0,0.5778915507124864,-0.9552142636712972,-0.6866943191620395,3,At-Risk Low Value Customers
13046.0,-0.2723648608903394,-0.3615827770984003,-0.1131298751044366,0,Low Value Customers
13047.0,-0.2494027642928512,1.54066546553549,1.187573783060783,5,High Value Customers
13048.0,-0.8377569465536066,0.3863044476016776,0.7297623481308378,1,Recent Regular Customers
13049.0,0.2564373503073006,-0.3615827770984003,-0.0793486066192334,2,Occasional Customers
13050.0,-0.7895977045488505,2.2616881678707283,1.6558603786241473,4,High Value Loyal Customers
13052.0,1.1421167725593575,-0.9552142636712972,-0.582583490079323,3,At-Risk Low Value Customers
13055.0,0.4019933629965244,0.0596054655268191,0.4087080893396632,2,Occasional Customers
13058.0,-0.4273072773233673,0.0596054655268191,-0.7798587529355198,0,Low Value Customers
13059.0,1.2646150615747358,-0.9552142636712972,-1.089933040939853,3,At-Risk Low Value Customers
13060.0,1.2764130821748028,-0.9552142636712972,-0.6808774164928226,3,At-Risk Low Value Customers
13061.0,0.343051479153905,-0.9552142636712972,-0.8492955884675227,0,Low Value Customers
13062.0,1.0646626441082796,-0.9552142636712972,-0.5852510903939916,3,At-Risk Low Value Customers
13064.0,-0.8892400660298114,0.3863044476016776,0.334164033228626,1,Recent Regular Customers
13065.0,1.5622054467539612,-0.9552142636712972,-0.9985910900019952,3,At-Risk Low Value Customers
13066.0,-0.4565741366045358,-0.3615827770984003,-0.3433279503908698,0,Low Value Customers
13067.0,0.4388506943278125,-0.9552142636712972,-1.455157591398955,3,At-Risk Low Value Customers
13068.0,-1.0691974256329595,-0.3615827770984003,-0.5920862160550122,0,Low Value Customers
13069.0,-2.341296235524383,2.7426428880727687,1.436981231134293,4,High Value Loyal Customers
13070.0,1.068539064558348,-0.9552142636712972,-0.9150118751174624,3,At-Risk Low Value Customers
13072.0,1.3135171700007555,-0.9552142636712972,-1.1173363745545506,3,At-Risk Low Value Customers
13075.0,0.7793883005555002,-0.9552142636712972,0.1879325750772907,2,Occasional Customers
13077.0,-2.341296235524383,0.3863044476016776,0.0024945626267928,1,Recent Regular Customers
13078.0,-1.824063391865872,2.855319654443625,2.2690933849607986,4,High Value Loyal Customers
13079.0,-1.6575516078937147,0.6532369520997158,-0.9456838106659476,1,Recent Regular Customers
13080.0,1.0165034021035235,-0.9552142636712972,-1.9945037400355756,3,At-Risk Low Value Customers
13081.0,-0.9445401209818785,1.668056681297832,2.91141290262518,4,High Value Loyal Customers
13082.0,0.7562481747889629,1.4011241767997944,1.2748880255968502,5,High Value Customers
13083.0,-1.6575516078937147,-0.3615827770984003,-0.6906742733018771,1,Recent Regular Customers
13085.0,0.9239341671206882,-0.3615827770984003,-0.4412996712970612,2,Occasional Customers
13089.0,-1.824063391865872,4.742704059859697,3.4910050780290915,4,High Value Loyal Customers
13090.0,-1.1403187642352035,1.9947556633726904,1.99204141173986,4,High Value Loyal Customers
13091.0,-0.3458217546340572,-0.9552142636712972,-0.5879047599729443,0,Low Value Customers
13092.0,0.3327587744728552,0.6532369520997158,-0.331573563283782,2,Occasional Customers
13093.0,1.3381648540746935,1.2468684386726128,1.8895430901686967,5,High Value Customers
13094.0,-0.5519645819744484,1.7852452398084837,0.775528646927418,5,High Value Customers
13095.0,0.3327587744728552,-0.9552142636712972,-1.8006579154268183,3,At-Risk Low Value Customers
13097.0,-0.2271262067959733,1.54066546553549,1.6781908430712555,5,High Value Customers
13098.0,-2.341296235524383,2.959940965055545,2.9265535360009216,4,High Value Loyal Customers
13099.0,0.5778915507124864,-0.9552142636712972,-0.9928490905454408,3,At-Risk Low Value Customers
13101.0,1.2154641792133722,-0.9552142636712972,-1.5590396404646678,3,At-Risk Low Value Customers
13102.0,-2.341296235524383,2.7426428880727687,1.7320321110271324,4,High Value Loyal Customers
13103.0,-0.0874272207859269,-0.9552142636712972,-0.8643051444929425,0,Low Value Customers
13104.0,-1.824063391865872,0.8789251688960832,0.329041319599625,1,Recent Regular Customers
13106.0,0.7962843263422448,-0.9552142636712972,-1.7788262241057118,3,At-Risk Low Value Customers
13107.0,-0.0179622852134984,0.3863044476016776,0.5930031988815881,5,High Value Customers
13108.0,1.5622054467539612,-0.9552142636712972,-0.5782478382586972,3,At-Risk Low Value Customers
13109.0,0.2090430589164636,-0.3615827770984003,0.0638578580440356,2,Occasional Customers
13110.0,-0.2723648608903394,1.0744251947249353,0.5704138072234455,5,High Value Customers
13113.0,-2.341296235524383,2.7426428880727687,2.2446847089737503,4,High Value Loyal Customers
13115.0,-0.9445401209818785,0.3863044476016776,0.9141478053588056,1,Recent Regular Customers
13116.0,0.8236210556992557,-0.9552142636712972,-0.2937975110133446,3,At-Risk Low Value Customers
13117.0,-0.5187942651860693,1.2468684386726128,0.2423941243984413,5,High Value Customers
13118.0,-0.5866782483482139,0.6532369520997158,0.3977789402133982,1,Recent Regular Customers
13120.0,1.231174428080437,-0.9552142636712972,-2.491792849892392,3,At-Risk Low Value Customers
13121.0,1.3190652197851211,-0.9552142636712972,-0.7446763324616034,3,At-Risk Low Value Customers
13122.0,0.5396160195399382,-0.3615827770984003,0.1903288269819177,2,Occasional Customers
13124.0,0.5075160485126933,0.0596054655268191,1.305659160757697,2,Occasional Customers
13126.0,-1.5215015741842748,1.2468684386726128,0.8435516845666752,1,Recent Regular Customers
13127.0,0.4019933629965244,-0.9552142636712972,-0.8163656045383033,0,Low Value Customers
13130.0,0.5396160195399382,-0.9552142636712972,-1.918611382104563,3,At-Risk Low Value Customers
13131.0,-0.4870358868672529,0.0596054655268191,0.3106290288062626,1,Recent Regular Customers
13132.0,1.2994638495891662,-0.9552142636712972,-1.7706646371245804,3,At-Risk Low Value Customers
13133.0,1.3327575169453991,-0.3615827770984003,-1.494751785737425,3,At-Risk Low Value Customers
13134.0,0.473972906706051,0.3863044476016776,0.7184051040385444,2,Occasional Customers
13135.0,1.087624740705768,-0.9552142636712972,1.1520584341817366,2,Occasional Customers
13136.0,0.1584332095908674,0.6532369520997158,1.0156701625705664,5,High Value Customers
13137.0,-1.0042687305257638,1.2468684386726128,1.2726113724516204,5,High Value Customers
13138.0,-0.5187942651860693,0.8789251688960832,0.2240305470357927,5,High Value Customers
13139.0,-0.7443590504544844,1.0744251947249353,1.5431484752075262,5,High Value Customers
13140.0,0.642198145526434,0.0596054655268191,-0.4292161382235939,2,Occasional Customers
13141.0,0.4653461139941349,0.6532369520997158,0.946029177443,5,High Value Customers
13142.0,-0.6230859205766931,-0.9552142636712972,-0.682011600204931,0,Low Value Customers
13144.0,1.4777981324055245,-0.9552142636712972,-1.4865457718221262,3,At-Risk Low Value Customers
13145.0,-0.0874272207859269,0.3863044476016776,-0.1268522586077271,2,Occasional Customers
13146.0,-0.3991450951625692,-0.9552142636712972,-0.9146315482509552,0,Low Value Customers
13147.0,-1.0691974256329595,0.3863044476016776,-0.0142728816326952,1,Recent Regular Customers
13148.0,-0.3205241028950956,1.7852452398084837,1.2900515800350778,5,High Value Customers
13149.0,-0.8377569465536066,0.3863044476016776,0.6645791999370139,1,Recent Regular Customers
13151.0,1.3901865583873654,-0.9552142636712972,0.4366292719369734,2,Occasional Customers
13153.0,-1.4064729096883222,-0.9552142636712972,-0.317769036035678,0,Low Value Customers
13155.0,-0.2271262067959733,0.3863044476016776,0.231722776725174,5,High Value Customers
13157.0,0.0606587070539751,0.3863044476016776,0.694872546472449,5,High Value Customers
13158.0,0.5474298004497687,0.3863044476016776,0.3999305486780351,2,Occasional Customers
13159.0,-1.1403187642352035,0.3863044476016776,0.5381196962180803,1,Recent Regular Customers
13160.0,-0.5187942651860693,-0.9552142636712972,-1.63564119227793,0,Low Value Customers
13161.0,1.4317211978352091,-0.9552142636712972,-1.4738692993780498,3,At-Risk Low Value Customers
13162.0,0.7323674405541809,0.3863044476016776,0.6703537395238572,2,Occasional Customers
13165.0,0.0144867079241929,-0.3615827770984003,0.2713390992843904,2,Occasional Customers
13166.0,1.356787798536271,-0.9552142636712972,-0.4391684209697003,3,At-Risk Low Value Customers
13167.0,-0.6230859205766931,0.3863044476016776,0.0686769338126434,1,Recent Regular Customers
13168.0,-0.164028700972232,0.3863044476016776,0.4625401830467487,5,High Value Customers
13169.0,0.2564373503073006,-0.3615827770984003,-0.0141838165706753,2,Occasional Customers
13170.0,-0.3720072223713004,-0.9552142636712972,-1.501884604318585,0,Low Value Customers
13171.0,-0.5187942651860693,0.0596054655268191,-0.3473640378126437,0,Low Value Customers
13173.0,-1.6575516078937147,-0.3615827770984003,-0.5701620905519305,1,Recent Regular Customers
13174.0,-0.7443590504544844,0.0596054655268191,1.0558306046799306,1,Recent Regular Customers
13176.0,0.0144867079241929,-0.9552142636712972,-0.3255220572746194,0,Low Value Customers
13177.0,0.2678300793656594,-0.9552142636712972,-0.7482570744158803,0,Low Value Customers
13178.0,-0.3991450951625692,1.668056681297832,1.6405499474220564,5,High Value Customers
13182.0,-0.0015614215275583,-0.9552142636712972,-1.417052391666083,0,Low Value Customers
13183.0,-1.2189397565026774,1.4011241767997944,1.347165633386457,4,High Value Loyal Customers
13184.0,-0.7895977045488505,1.54066546553549,0.6612027407315121,5,High Value Customers
13185.0,1.3162963510849115,-0.9552142636712972,-1.832924629211968,3,At-Risk Low Value Customers
13186.0,-0.0874272207859269,0.0596054655268191,0.6156337521766713,2,Occasional Customers
13187.0,1.4866816808776484,-0.9552142636712972,-0.8904268510023288,3,At-Risk Low Value Customers
13188.0,-1.0042687305257638,-0.9552142636712972,-1.4610480405917103,0,Low Value Customers
13189.0,-0.6230859205766931,-0.3615827770984003,-0.8117664210717525,0,Low Value Customers
13192.0,0.5474298004497687,-0.3615827770984003,0.1812836199411123,2,Occasional Customers
13193.0,0.2211768101395232,-0.9552142636712972,-1.478564172238005,0,Low Value Customers
13194.0,0.8128062394661227,-0.9552142636712972,-1.96001934091568,3,At-Risk Low Value Customers
13196.0,-1.0042687305257638,0.3863044476016776,0.7202628957542573,1,Recent Regular Customers
13198.0,-1.0691974256329595,0.8789251688960832,1.226762932714836,5,High Value Customers
13199.0,-1.6575516078937147,3.393696455579496,2.0690117065520823,4,High Value Loyal Customers
13200.0,-0.6230859205766931,0.3863044476016776,0.1439911410335743,1,Recent Regular Customers
13203.0,-1.0691974256329595,0.3863044476016776,0.1434161608414378,1,Recent Regular Customers
13207.0,-0.7895977045488505,-0.3615827770984003,-0.8440594785107758,0,Low Value Customers
13208.0,0.196708740763415,0.8789251688960832,0.4108238291118252,5,High Value Customers
13209.0,-0.2960560335189878,1.2468684386726128,1.663278947391408,5,High Value Customers
13210.0,0.5396160195399382,-0.9552142636712972,-0.5705431312233863,3,At-Risk Low Value Customers
13211.0,-1.0691974256329595,0.0596054655268191,0.3268264028277546,1,Recent Regular Customers
13212.0,-0.5866782483482139,0.0596054655268191,0.0641504508843185,1,Recent Regular Customers
13213.0,0.1714110890244534,0.6532369520997158,0.5872577792376275,5,High Value Customers
13216.0,1.3162963510849115,-0.9552142636712972,-0.6160792838597136,3,At-Risk Low Value Customers
13217.0,0.7323674405541809,0.0596054655268191,-0.2434512047745195,2,Occasional Customers
13218.0,0.7621008264266822,-0.9552142636712972,-1.935415948888511,3,At-Risk Low Value Customers
13220.0,0.4019933629965244,0.3863044476016776,0.0962380570073481,2,Occasional Customers
13221.0,1.2342771737504357,-0.3615827770984003,0.1230252019328023,2,Occasional Customers
13223.0,1.0988461440238422,-0.3615827770984003,-1.1821390111455654,3,At-Risk Low Value Customers
13224.0,0.2090430589164636,-0.3615827770984003,0.8645747129883508,2,Occasional Customers
13225.0,-1.824063391865872,1.0744251947249353,1.7369336923633143,4,High Value Loyal Customers
13226.0,1.3300390831246338,-0.9552142636712972,-1.5062388890541274,3,At-Risk Low Value Customers
13227.0,1.1062344148605143,-0.9552142636712972,-0.8208686693542682,3,At-Risk Low Value Customers
13228.0,0.429805622872584,-0.9552142636712972,-0.560473566351807,0,Low Value Customers
13229.0,1.1896188509298031,-0.9552142636712972,-1.193104305332924,3,At-Risk Low Value Customers
13230.0,-1.6575516078937147,1.9947556633726904,1.0595322939198752,4,High Value Loyal Customers
13232.0,-0.8892400660298114,1.0744251947249353,0.4799225381163623,1,Recent Regular Customers
13233.0,0.3632205247355723,-0.3615827770984003,-0.1442305646031035,2,Occasional Customers
13235.0,1.1421167725593575,-0.9552142636712972,0.2787582348928033,2,Occasional Customers
13236.0,-0.4273072773233673,-0.3615827770984003,0.0206329005466685,0,Low Value Customers
13238.0,-0.7017069128441668,0.3863044476016776,-0.0278262418393377,1,Recent Regular Customers
13239.0,1.2994638495891662,-0.9552142636712972,-0.6260657707404544,3,At-Risk Low Value Customers
13240.0,0.5551626080798789,0.3863044476016776,-0.0709705129403423,2,Occasional Customers
13242.0,0.6690914798070661,0.0596054655268191,-0.7827816232679433,2,Occasional Customers
13243.0,1.1099012982026455,-0.9552142636712972,-0.1708964072879448,3,At-Risk Low Value Customers
13244.0,0.5317195515827039,-0.9552142636712972,-1.413418158429142,3,At-Risk Low Value Customers
13245.0,0.0899255663351436,-0.9552142636712972,-0.4142873106295873,0,Low Value Customers
13246.0,-0.6613614517492411,0.8789251688960832,0.789500119485558,5,High Value Customers
13247.0,-0.6613614517492411,0.3863044476016776,-0.2938291652681262,1,Recent Regular Customers
13248.0,0.7503492566504052,-0.3615827770984003,-0.3519995159310948,2,Occasional Customers
13249.0,0.5237386278211207,0.0596054655268191,-0.0158219825938214,2,Occasional Customers
13253.0,0.9192262066550354,-0.3615827770984003,0.2782421455136669,2,Occasional Customers
13255.0,-1.1403187642352035,-0.3615827770984003,-0.4735173816359999,0,Low Value Customers
13258.0,-0.9445401209818785,0.0596054655268191,-0.0600690227673245,1,Recent Regular Customers
13259.0,0.2331164129918942,-0.9552142636712972,-0.7462129561361311,0,Low Value Customers
13260.0,0.2211768101395232,-0.9552142636712972,-0.2090871111948648,0,Low Value Customers
13261.0,1.3190652197851211,-0.3615827770984003,0.2087975493592525,2,Occasional Customers
13262.0,1.302295766682681,-0.9552142636712972,-1.0202836406555982,3,At-Risk Low Value Customers
13263.0,-2.341296235524383,3.276507897068845,1.8483658758697763,4,High Value Loyal Customers
13265.0,0.1180877484959417,0.6532369520997158,0.8409065693374768,5,High Value Customers
13266.0,-1.0042687305257638,1.7852452398084837,1.321973828816602,4,High Value Loyal Customers
13267.0,-1.824063391865872,2.41594390599791,1.452965192608701,4,High Value Loyal Customers
13268.0,-0.6613614517492411,1.668056681297832,1.1720139824465483,5,High Value Customers
13269.0,-2.341296235524383,2.089244923923052,1.5856561646804024,4,High Value Loyal Customers
13270.0,1.5481066068113414,-0.9552142636712972,-0.164306947163443,3,At-Risk Low Value Customers
13271.0,-0.1441286080907301,-0.9552142636712972,-0.9772505155585888,0,Low Value Customers
13272.0,-0.2723648608903394,-0.3615827770984003,-0.7649452520097124,0,Low Value Customers
13273.0,0.6756660532493783,-0.9552142636712972,-1.3089661168461937,3,At-Risk Low Value Customers
13276.0,0.2564373503073006,-0.3615827770984003,-0.1630573436002338,2,Occasional Customers
13277.0,-0.7443590504544844,0.3863044476016776,-0.8187211703316765,0,Low Value Customers
13278.0,-0.0694454046897029,-0.9552142636712972,-0.2305579923968359,0,Low Value Customers
13279.0,0.4019933629965244,-0.9552142636712972,-1.3159802253295114,3,At-Risk Low Value Customers
13280.0,0.7323674405541809,0.0596054655268191,0.0757965228422005,2,Occasional Customers
13282.0,-0.6613614517492411,0.0596054655268191,0.3530064872700329,1,Recent Regular Customers
13283.0,0.2090430589164636,-0.3615827770984003,-1.6198699157396883,0,Low Value Customers
13284.0,1.4733163816448338,-0.9552142636712972,-1.016738206041358,3,At-Risk Low Value Customers
13285.0,-0.4870358868672529,0.3863044476016776,1.046009206126595,5,High Value Customers
13291.0,0.9144883541766984,-0.9552142636712972,-0.5536185289865923,3,At-Risk Low Value Customers
13292.0,-0.1058530769181821,-0.3615827770984003,-0.1793204373210812,0,Low Value Customers
13294.0,1.060765981162014,-0.3615827770984003,0.1473142134690889,2,Occasional Customers
13295.0,1.535806175684412,-0.9552142636712972,-1.0166989010364007,3,At-Risk Low Value Customers
13296.0,0.8182332398125501,-0.9552142636712972,-1.6742448207590397,3,At-Risk Low Value Customers
13297.0,-1.2189397565026774,0.3863044476016776,0.8398392115133357,1,Recent Regular Customers
13298.0,-2.341296235524383,-0.9552142636712972,-0.5560584019538612,1,Recent Regular Customers
13299.0,1.3162963510849115,-0.9552142636712972,-1.2892286767821568,3,At-Risk Low Value Customers
13300.0,0.973851264493206,-0.9552142636712972,-0.5303048491514899,3,At-Risk Low Value Customers
13301.0,0.6142992229409651,0.3863044476016776,-0.1274040591893198,2,Occasional Customers
13302.0,0.9097202276752518,-0.9552142636712972,-1.9216739197964443,3,At-Risk Low Value Customers
13304.0,1.5169667926595949,-0.9552142636712972,-0.6994060460913409,3,At-Risk Low Value Customers
13305.0,-1.6575516078937147,1.54066546553549,0.8052733844214981,4,High Value Loyal Customers
13307.0,0.7201342279169752,-0.9552142636712972,-3.032659304068139,3,At-Risk Low Value Customers
13308.0,-0.4870358868672529,0.0596054655268191,0.5133803274538166,1,Recent Regular Customers
13309.0,-1.3068305482073614,0.6532369520997158,0.5532214434363599,1,Recent Regular Customers
13310.0,-0.3458217546340572,0.0596054655268191,0.3529293350437646,1,Recent Regular Customers
13311.0,-1.6575516078937147,-0.3615827770984003,-0.1528654817822614,1,Recent Regular Customers
13313.0,-0.5187942651860693,0.6532369520997158,0.605198587903641,5,High Value Customers
13314.0,-2.038734417842785,0.0596054655268191,0.0530884766339757,1,Recent Regular Customers
13316.0,-0.1441286080907301,0.3863044476016776,1.6415845829220783,5,High Value Customers
13317.0,0.2790514826837337,0.8789251688960832,0.9068098698397744,5,High Value Customers
13318.0,-2.341296235524383,0.0596054655268191,-0.0988226810342485,1,Recent Regular Customers
13319.0,-1.5215015741842748,2.855319654443625,2.148180397804236,4,High Value Loyal Customers
13320.0,0.4019933629965244,0.3863044476016776,0.5933038962370029,2,Occasional Customers
13321.0,0.343051479153905,-0.3615827770984003,-0.1953497972257296,2,Occasional Customers
13322.0,-0.7017069128441668,-0.9552142636712972,-1.0234881117992596,0,Low Value Customers
13323.0,-1.824063391865872,0.6532369520997158,0.0651787156071617,1,Recent Regular Customers
13324.0,-0.164028700972232,1.54066546553549,1.813977523054057,5,High Value Customers
13325.0,0.4388506943278125,-0.9552142636712972,-0.0571611853998697,2,Occasional Customers
13327.0,-0.1058530769181821,1.2468684386726128,1.2779908396888875,5,High Value Customers
13328.0,1.438816743455106,-0.9552142636712972,0.4679539498952715,2,Occasional Customers
13329.0,-0.2494027642928512,-0.3615827770984003,0.0663364403325364,2,Occasional Customers
13330.0,0.5317195515827039,0.0596054655268191,0.3591475641625992,2,Occasional Customers
13332.0,-0.8377569465536066,-0.9552142636712972,-0.5763485226285077,0,Low Value Customers
13334.0,0.4388506943278125,0.0596054655268191,1.250030212523775,2,Occasional Customers
13336.0,0.3924873840167408,-0.9552142636712972,0.0724693391398229,2,Occasional Customers
13338.0,0.9239341671206882,-0.9552142636712972,-0.3164651884070679,3,At-Risk Low Value Customers
13339.0,1.1025494233790782,-0.9552142636712972,0.1348426877333076,2,Occasional Customers
13340.0,-0.0015614215275583,1.0744251947249353,2.140148378627068,5,High Value Customers
13341.0,1.2966211442140112,-0.9552142636712972,0.0529964108086564,3,At-Risk Low Value Customers
13343.0,1.0123462367079263,-0.9552142636712972,-0.5706552367867002,3,At-Risk Low Value Customers
13344.0,0.3010003961540392,0.0596054655268191,0.9858967917217174,2,Occasional Customers
13345.0,1.3698109782739254,-0.9552142636712972,-0.4936325443925868,3,At-Risk Low Value Customers
13347.0,0.322322111219249,-0.9552142636712972,-0.5981909967881353,0,Low Value Customers
13348.0,0.2564373503073006,-0.9552142636712972,-0.8980409846931133,0,Low Value Customers
13349.0,-1.0042687305257638,-0.9552142636712972,-0.8534134396917316,0,Low Value Customers
13350.0,-0.7443590504544844,-0.3615827770984003,0.2377131319379216,1,Recent Regular Customers
13351.0,0.2790514826837337,-0.9552142636712972,-0.5259477210517766,0,Low Value Customers
13352.0,0.2090430589164636,-0.9552142636712972,-0.4765591573484252,0,Low Value Customers
13354.0,0.3327587744728552,-0.9552142636712972,0.0192251513322535,2,Occasional Customers
13355.0,0.7323674405541809,-0.9552142636712972,-0.0578665649262671,2,Occasional Customers
13356.0,0.4206495661775393,-0.9552142636712972,0.0451729005623497,2,Occasional Customers
13357.0,1.2851407753342434,-0.9552142636712972,-0.1386384692196051,3,At-Risk Low Value Customers
13358.0,1.3190652197851211,-0.9552142636712972,-0.3987302042670221,3,At-Risk Low Value Customers
13359.0,0.2564373503073006,-0.9552142636712972,-0.3977735600828467,0,Low Value Customers
13362.0,-1.1403187642352035,0.3863044476016776,1.1507075072057136,1,Recent Regular Customers
13363.0,-0.6613614517492411,-0.3615827770984003,0.2484888815730167,1,Recent Regular Customers
13364.0,0.3327587744728552,-0.9552142636712972,-1.3321235480956053,0,Low Value Customers
13365.0,-0.2054954383991431,-0.3615827770984003,0.889749511831506,2,Occasional Customers
13366.0,0.0754356108856238,-0.9552142636712972,-2.020760031881846,0,Low Value Customers
13368.0,1.2851407753342434,-0.3615827770984003,-0.1206166641505529,2,Occasional Customers
13369.0,1.5481066068113414,-0.9552142636712972,-0.6789478719614087,3,At-Risk Low Value Customers
13370.0,1.5602075626728675,-0.9552142636712972,0.0312384571136422,3,At-Risk Low Value Customers
13372.0,0.5075160485126933,-0.9552142636712972,-0.5160474645425859,3,At-Risk Low Value Customers
13373.0,0.2211768101395232,0.0596054655268191,1.2056991102507908,5,High Value Customers
13375.0,0.4992705584450125,-0.9552142636712972,0.0558556970708304,2,Occasional Customers
13376.0,0.5778915507124864,0.0596054655268191,0.2700010952274028,2,Occasional Customers
13379.0,-0.3991450951625692,0.0596054655268191,-0.1881117913885305,0,Low Value Customers
13381.0,-0.2494027642928512,0.8789251688960832,1.2805141751326157,5,High Value Customers
13382.0,1.3515142129228124,-0.9552142636712972,-0.935363224310756,3,At-Risk Low Value Customers
13384.0,-0.2723648608903394,1.0744251947249353,1.38521576757362,5,High Value Customers
13385.0,1.4710653716164896,-0.9552142636712972,-0.2425752264446184,3,At-Risk Low Value Customers
13388.0,0.7850629230241704,-0.3615827770984003,-0.0550487955182468,2,Occasional Customers
13389.0,-1.0042687305257638,0.0596054655268191,0.075299327128002,1,Recent Regular Customers
13390.0,0.3731042355677808,-0.9552142636712972,-0.2285872486692719,2,Occasional Customers
13391.0,1.1135502505032524,-0.9552142636712972,-1.97169718030266,3,At-Risk Low Value Customers
13394.0,-2.038734417842785,1.2468684386726128,0.9885270928373152,1,Recent Regular Customers
13395.0,1.0409714714796316,-0.9552142636712972,-0.6803881552897215,3,At-Risk Low Value Customers
13396.0,-0.3205241028950956,-0.3615827770984003,0.4992000571515027,2,Occasional Customers
13397.0,0.3532041426862792,0.6532369520997158,0.5994638252306488,5,High Value Customers
13398.0,1.068539064558348,-0.9552142636712972,-0.3663304652077242,3,At-Risk Low Value Customers
13402.0,0.7621008264266822,-0.3615827770984003,-0.1233834201568066,2,Occasional Customers
13403.0,-0.6613614517492411,-0.9552142636712972,-1.7943588530109995,0,Low Value Customers
13404.0,-2.341296235524383,-0.3615827770984003,-0.8370371745504014,1,Recent Regular Customers
13405.0,0.3632205247355723,0.0596054655268191,-0.1882628366757081,2,Occasional Customers
13408.0,-2.038734417842785,4.095827600438109,2.9052094927405694,4,High Value Loyal Customers
13410.0,-0.4565741366045358,0.6532369520997158,0.2568915338912968,5,High Value Customers
13411.0,0.6353205921544528,-0.9552142636712972,-0.9695830771596776,3,At-Risk Low Value Customers
13414.0,0.8018323761266101,0.0596054655268191,0.5162353889744687,2,Occasional Customers
13416.0,-0.0179622852134984,-0.3615827770984003,-0.0146069645413779,2,Occasional Customers
13417.0,-1.5215015741842748,-0.3615827770984003,-0.0987360008195621,1,Recent Regular Customers
13418.0,-0.9445401209818785,2.340846655976633,1.6944637195821426,4,High Value Loyal Customers
13419.0,0.2564373503073006,-0.9552142636712972,-0.9422406315023092,0,Low Value Customers
13420.0,0.8854115876894589,-0.3615827770984003,-1.198520685049001,3,At-Risk Low Value Customers
13421.0,-0.0874272207859269,-0.3615827770984003,0.7359808372167871,2,Occasional Customers
13422.0,0.2564373503073006,-0.9552142636712972,1.021343873903129,2,Occasional Customers
13425.0,0.642198145526434,0.0596054655268191,0.6396206047370288,2,Occasional Customers
13426.0,-2.341296235524383,1.54066546553549,1.280952863466685,4,High Value Loyal Customers
13427.0,-0.6230859205766931,0.0596054655268191,-0.1743206738102954,1,Recent Regular Customers
13428.0,-1.0691974256329595,-0.9552142636712972,-1.0144225303872942,0,Low Value Customers
13429.0,-1.0042687305257638,0.3863044476016776,0.2598462966002091,1,Recent Regular Customers
13430.0,-0.6230859205766931,-0.3615827770984003,-0.0522993765060403,0,Low Value Customers
13431.0,0.2901066368625376,-0.3615827770984003,0.443687362005907,2,Occasional Customers
13434.0,0.3632205247355723,-0.3615827770984003,-0.2430650614274826,2,Occasional Customers
13435.0,-1.5215015741842748,1.0744251947249353,1.316907860737077,1,Recent Regular Customers
13436.0,-2.038734417842785,-0.9552142636712972,-1.0338220895114918,0,Low Value Customers
13437.0,-0.8377569465536066,1.0744251947249353,1.228354418535668,5,High Value Customers
13439.0,1.2793336700851932,-0.9552142636712972,-0.7447321576616523,3,At-Risk Low Value Customers
13441.0,0.5237386278211207,-0.9552142636712972,-0.7094354588360849,3,At-Risk Low Value Customers
13447.0,-0.4870358868672529,0.0596054655268191,0.35089964760457,1,Recent Regular Customers
13448.0,-0.7017069128441668,0.8789251688960832,1.257339624517953,5,High Value Customers
13449.0,-0.4565741366045358,-0.9552142636712972,-0.7222478447356111,0,Low Value Customers
13450.0,-0.3720072223713004,0.8789251688960832,0.8221089821381644,5,High Value Customers
13451.0,-0.3991450951625692,0.6532369520997158,1.0996236068141036,5,High Value Customers
13452.0,1.290903037624323,-0.3615827770984003,-0.164306947163443,2,Occasional Customers
13453.0,0.9605652887470136,-0.3615827770984003,-0.5627347804592849,3,At-Risk Low Value Customers
13455.0,-0.4273072773233673,-0.3615827770984003,0.299484394336968,2,Occasional Customers
13456.0,-0.6613614517492411,0.8789251688960832,0.7064202703779414,5,High Value Customers
13458.0,-1.3068305482073614,1.9947556633726904,2.0550852285628625,4,High Value Loyal Customers
13460.0,-0.3205241028950956,-0.3615827770984003,-1.0897606675420255,0,Low Value Customers
13461.0,-0.1058530769181821,0.0596054655268191,0.5467678849665133,2,Occasional Customers
13462.0,1.273481018447474,-0.9552142636712972,-1.2408857490699254,3,At-Risk Low Value Customers
13464.0,0.1841671134665053,-0.9552142636712972,-0.0578900883629799,2,Occasional Customers
13466.0,1.0369487703169469,-0.9552142636712972,-0.6799249223548669,3,At-Risk Low Value Customers
13467.0,-1.0042687305257638,-0.3615827770984003,0.3096000922370131,1,Recent Regular Customers
13468.0,-2.038734417842785,3.3556663851747497,1.6376998240561509,4,High Value Loyal Customers
13470.0,0.5778915507124864,-0.3615827770984003,-1.173474421469204,3,At-Risk Low Value Customers
13471.0,-2.341296235524383,0.3863044476016776,0.9827752566466188,1,Recent Regular Customers
13473.0,0.2211768101395232,-0.3615827770984003,-0.4288971626834628,2,Occasional Customers
13474.0,1.2217880243366328,-0.9552142636712972,-0.9218193024284168,3,At-Risk Low Value Customers
13475.0,1.0646626441082796,0.3863044476016776,0.5394687012610144,2,Occasional Customers
13476.0,1.0165034021035235,-0.3615827770984003,0.4242866569862337,2,Occasional Customers
13477.0,-0.1247454596417701,0.8789251688960832,0.5520157275698462,5,High Value Customers
13479.0,1.1025494233790782,-0.3615827770984003,-0.6980098689246164,3,At-Risk Low Value Customers
13481.0,0.0144867079241929,0.6532369520997158,0.7232527685896761,5,High Value Customers
13482.0,1.2090862834765006,-0.9552142636712972,-1.0846067743328025,3,At-Risk Low Value Customers
13483.0,0.2790514826837337,-0.9552142636712972,-1.30128207102777,0,Low Value Customers
13484.0,1.237367071575486,-0.9552142636712972,-0.6648887434202781,3,At-Risk Low Value Customers
13485.0,1.2122820453568492,-0.9552142636712972,-0.3717238951276519,3,At-Risk Low Value Customers
13486.0,0.4019933629965244,0.0596054655268191,0.346152886010097,2,Occasional Customers
13487.0,0.1841671134665053,0.0596054655268191,-0.1841863838547406,2,Occasional Customers
13488.0,-0.7017069128441668,1.8937448980941995,1.9971517201084488,4,High Value Loyal Customers
13489.0,0.6213723494390907,0.3863044476016776,-0.3800067691329713,2,Occasional Customers
13491.0,0.10413950578058,1.54066546553549,0.4096295202632201,5,High Value Customers
13492.0,0.8128062394661227,0.0596054655268191,0.4441502603048259,2,Occasional Customers
13493.0,1.3354660834710603,-0.3615827770984003,-0.1267111618390353,2,Occasional Customers
13494.0,1.4293409429987136,-0.9552142636712972,-0.6587024964226303,3,At-Risk Low Value Customers
13495.0,-1.2189397565026774,0.6532369520997158,0.8225558304919631,1,Recent Regular Customers
13496.0,-1.0042687305257638,-0.3615827770984003,-0.0834070254881344,1,Recent Regular Customers
13497.0,1.356787798536271,-0.3615827770984003,-0.5828111404812142,3,At-Risk Low Value Customers
13499.0,-0.6613614517492411,0.6532369520997158,0.3717002975586479,1,Recent Regular Customers
13500.0,-0.4870358868672529,0.0596054655268191,0.376930494120447,1,Recent Regular Customers
13501.0,1.3698109782739254,-0.9552142636712972,0.4870465575160637,2,Occasional Customers
13502.0,-0.7017069128441668,0.0596054655268191,-0.7219222923800372,0,Low Value Customers
13503.0,0.3327587744728552,-0.9552142636712972,-0.9574524026624476,0,Low Value Customers
13504.0,0.2564373503073006,-0.9552142636712972,-0.7113334921272977,0,Low Value Customers
13505.0,0.3532041426862792,0.3863044476016776,1.4301728944269798,5,High Value Customers
13506.0,1.438816743455106,-0.3615827770984003,-0.3642870620247249,3,At-Risk Low Value Customers
13507.0,-1.824063391865872,0.3863044476016776,0.9755408415374144,1,Recent Regular Customers
13508.0,1.2465607310954292,-0.9552142636712972,-1.4864038054859925,3,At-Risk Low Value Customers
13509.0,-1.1403187642352035,1.0744251947249353,0.2381994913996052,1,Recent Regular Customers
13510.0,-2.341296235524383,0.3863044476016776,0.7175100456824292,1,Recent Regular Customers
13512.0,1.2966211442140112,-0.9552142636712972,-0.8410603243756022,3,At-Risk Low Value Customers
13513.0,0.7621008264266822,-0.9552142636712972,-1.0015162818755676,3,At-Risk Low Value Customers
13514.0,0.3632205247355723,-0.9552142636712972,-1.2372461661088463,3,At-Risk Low Value Customers
13515.0,0.3532041426862792,0.3863044476016776,0.1629496461539669,2,Occasional Customers
13516.0,-0.5519645819744484,0.0596054655268191,0.5156126132044551,1,Recent Regular Customers
13517.0,0.2090430589164636,0.0596054655268191,0.8543660048121883,2,Occasional Customers
13518.0,0.473972906706051,-0.9552142636712972,-0.115845340534111,2,Occasional Customers
13519.0,0.4019933629965244,-0.9552142636712972,-1.406905283137447,3,At-Risk Low Value Customers
13520.0,0.196708740763415,0.8789251688960832,1.2772414811411763,5,High Value Customers
13521.0,-2.341296235524383,0.0596054655268191,0.3094667511743018,1,Recent Regular Customers
13522.0,-0.2960560335189878,-0.9552142636712972,-1.3875555424706292,0,Low Value Customers
13523.0,-0.2271262067959733,0.6532369520997158,1.3485896861779985,5,High Value Customers
13524.0,-0.0694454046897029,0.6532369520997158,-0.051447234345088,2,Occasional Customers
13525.0,-0.7895977045488505,-0.3615827770984003,-0.1137984077093287,0,Low Value Customers
13527.0,-0.2054954383991431,1.0744251947249353,0.895791257558373,5,High Value Customers
13529.0,0.4113797667403285,-0.3615827770984003,-0.680285191300776,0,Low Value Customers
13531.0,1.1171814462747254,-0.3615827770984003,-0.3217262481070527,2,Occasional Customers
13532.0,-0.2054954383991431,-0.9552142636712972,-0.9816760980480644,0,Low Value Customers
13533.0,1.0329042657894636,0.0596054655268191,-0.7866269209407195,3,At-Risk Low Value Customers
13534.0,-2.038734417842785,2.8000649690066,1.6603699106514125,4,High Value Loyal Customers
13536.0,-2.341296235524383,1.0744251947249353,1.2367789375477467,4,High Value Loyal Customers
13538.0,-0.0347317383159377,1.0744251947249353,0.4510057770790627,5,High Value Customers
13539.0,0.473972906706051,0.0596054655268191,-0.110574458620723,2,Occasional Customers
13544.0,-0.0874272207859269,-0.3615827770984003,-0.7663781750252355,0,Low Value Customers
13546.0,-0.9445401209818785,0.0596054655268191,-0.1235622517389222,1,Recent Regular Customers
13548.0,0.5551626080798789,-0.3615827770984003,-0.0538074543283566,2,Occasional Customers
13549.0,-0.3991450951625692,1.0744251947249353,0.186714442703342,5,High Value Customers
13551.0,1.4458454540573504,-0.9552142636712972,-1.63564119227793,3,At-Risk Low Value Customers
13552.0,0.2790514826837337,1.7852452398084837,1.302212481418634,5,High Value Customers
13555.0,0.3632205247355723,0.3863044476016776,1.3749984289677937,5,High Value Customers
13557.0,-0.3458217546340572,-0.3615827770984003,-0.1723349759630309,0,Low Value Customers
13558.0,-1.4064729096883222,0.3863044476016776,-0.1582519529085529,1,Recent Regular Customers
13560.0,-1.3068305482073614,-0.9552142636712972,-1.143318029754615,0,Low Value Customers
13561.0,1.1560001359755845,-0.9552142636712972,-1.2927810337964576,3,At-Risk Low Value Customers
13562.0,0.4388506943278125,0.0596054655268191,0.7209474137461429,2,Occasional Customers
13563.0,0.4566184208346949,-0.3615827770984003,0.0547132167327855,2,Occasional Customers
13564.0,0.8551557166551218,0.0596054655268191,0.687287045913635,2,Occasional Customers
13565.0,-0.6230859205766931,-0.3615827770984003,-0.8764675773457568,0,Low Value Customers
13566.0,-0.0694454046897029,-0.3615827770984003,0.1318097963109694,2,Occasional Customers
13568.0,0.991205750364562,-0.9552142636712972,-1.0743559249977306,3,At-Risk Low Value Customers
13569.0,-0.7017069128441668,-0.3615827770984003,-0.6045770057536596,0,Low Value Customers
13570.0,1.2435087462334855,-0.9552142636712972,-0.8788762944321337,3,At-Risk Low Value Customers
13571.0,-0.8892400660298114,1.7852452398084837,0.8394932471957269,5,High Value Customers
13572.0,1.120795057494147,-0.9552142636712972,0.5126577852575862,2,Occasional Customers
13573.0,0.0754356108856238,-0.3615827770984003,-0.7266831905144134,0,Low Value Customers
13575.0,-0.4870358868672529,0.6532369520997158,0.006897376133282,1,Recent Regular Customers
13576.0,-1.0691974256329595,2.340846655976633,1.7675011684364654,4,High Value Loyal Customers
13577.0,-0.4273072773233673,0.3863044476016776,0.6700290622753688,5,High Value Customers
13579.0,-0.7895977045488505,-0.3615827770984003,-0.3496868870638643,0,Low Value Customers
13581.0,1.4221542814287025,-0.9552142636712972,-1.43801084650238,3,At-Risk Low Value Customers
13583.0,0.9144883541766984,-0.9552142636712972,0.0582780281854777,2,Occasional Customers
13584.0,1.417324431178634,-0.9552142636712972,-1.289782686945805,3,At-Risk Low Value Customers
13587.0,0.2564373503073006,-0.9552142636712972,-0.0147183567270769,2,Occasional Customers
13588.0,-0.7443590504544844,1.4011241767997944,0.9754735475519632,5,High Value Customers
13589.0,-0.7895977045488505,-0.3615827770984003,-0.5139359668371861,0,Low Value Customers
13590.0,-1.0042687305257638,0.8789251688960832,0.7977185115782113,1,Recent Regular Customers
13591.0,0.2678300793656594,0.0596054655268191,0.3424088803604325,2,Occasional Customers
13592.0,-0.164028700972232,0.3863044476016776,-0.8513678078092168,0,Low Value Customers
13593.0,0.642198145526434,0.6532369520997158,0.809636266983983,5,High Value Customers
13594.0,0.1180877484959417,-0.9552142636712972,-0.478573525258025,0,Low Value Customers
13596.0,-1.4064729096883222,-0.3615827770984003,-0.0704206773512676,1,Recent Regular Customers
13598.0,0.030196956791258,-0.9552142636712972,-1.1975824872076604,0,Low Value Customers
13599.0,-2.341296235524383,2.555485194733606,1.5563692699527891,4,High Value Loyal Customers
13600.0,1.4293409429987136,-0.9552142636712972,-0.9477713168595662,3,At-Risk Low Value Customers
13601.0,-0.0015614215275583,-0.3615827770984003,-0.0362628829790449,2,Occasional Customers
13602.0,0.2678300793656594,-0.9552142636712972,-0.4172581202316251,0,Low Value Customers
13603.0,-0.3991450951625692,-0.9552142636712972,-1.1766404797483854,0,Low Value Customers
13606.0,-0.3205241028950956,0.0596054655268191,-0.7644014179713182,0,Low Value Customers
13607.0,-0.0874272207859269,-0.9552142636712972,-0.0569144504018582,0,Low Value Customers
13610.0,-0.9445401209818785,1.0744251947249353,0.3172811718096884,1,Recent Regular Customers
13611.0,0.4992705584450125,0.0596054655268191,0.3684671680004636,2,Occasional Customers
13614.0,-0.4565741366045358,0.3863044476016776,0.6204423037647333,5,High Value Customers
13615.0,1.4458454540573504,-0.9552142636712972,-0.4382377931863422,3,At-Risk Low Value Customers
13617.0,-0.0874272207859269,0.0596054655268191,-0.2284414618753332,2,Occasional Customers
13618.0,0.9954820328900365,-0.9552142636712972,-1.116489235794217,3,At-Risk Low Value Customers
13621.0,0.7013999571250162,-0.9552142636712972,-0.9684726053242696,3,At-Risk Low Value Customers
13623.0,-0.2723648608903394,0.6532369520997158,0.0021892672200651,5,High Value Customers
13626.0,1.273481018447474,-0.9552142636712972,-0.8223138245988225,3,At-Risk Low Value Customers
13627.0,0.196708740763415,0.6532369520997158,0.6465633292321961,5,High Value Customers
13629.0,-0.4870358868672529,1.668056681297832,1.8854633642184315,5,High Value Customers
13630.0,-1.5215015741842748,1.0744251947249353,0.8174546233201985,1,Recent Regular Customers
13631.0,0.5853165797205673,1.668056681297832,1.1454670389130956,5,High Value Customers
13632.0,-0.4273072773233673,0.6532369520997158,0.8508162962849507,5,High Value Customers
13634.0,-0.2271262067959733,0.6532369520997158,0.6011234206464973,5,High Value Customers
13635.0,0.3010003961540392,-0.9552142636712972,0.3089479898182049,2,Occasional Customers
13636.0,-0.1441286080907301,0.6532369520997158,0.2130076586014396,5,High Value Customers
13637.0,0.10413950578058,0.0596054655268191,0.0815808511737998,2,Occasional Customers
13638.0,-0.7443590504544844,-0.9552142636712972,-1.407612021776791,0,Low Value Customers
13639.0,0.3632205247355723,-0.9552142636712972,0.2805042894111758,2,Occasional Customers
13642.0,1.1560001359755845,-0.9552142636712972,-0.6687353496825562,3,At-Risk Low Value Customers
13643.0,-0.2723648608903394,0.0596054655268191,-0.2653497279450069,0,Low Value Customers
13644.0,-0.7443590504544844,0.3863044476016776,1.0207265580500755,5,High Value Customers
13645.0,0.7201342279169752,-0.9552142636712972,-0.8382608220948992,3,At-Risk Low Value Customers
13647.0,-1.0691974256329595,0.3863044476016776,0.651227421044279,1,Recent Regular Customers
13649.0,1.2851407753342434,-0.3615827770984003,-0.5861194204153253,3,At-Risk Low Value Customers
13650.0,-0.7017069128441668,0.8789251688960832,0.7371192388221566,5,High Value Customers
13651.0,-0.1844740691856557,-0.3615827770984003,-1.6153491737940402,0,Low Value Customers
13652.0,0.0144867079241929,0.0596054655268191,0.3265799194814927,2,Occasional Customers
13654.0,-0.0347317383159377,0.8789251688960832,1.045484125204229,5,High Value Customers
13655.0,0.68218320610311,-0.3615827770984003,0.1993828697054469,2,Occasional Customers
13656.0,0.9560835379863236,-0.3615827770984003,-0.5139359668371861,3,At-Risk Low Value Customers
13657.0,-1.0042687305257638,-0.3615827770984003,-0.508754232056788,0,Low Value Customers
13658.0,-1.0691974256329595,0.6532369520997158,1.025227394413082,1,Recent Regular Customers
13659.0,1.120795057494147,-0.3615827770984003,0.6091106994115904,2,Occasional Customers
13662.0,0.473972906706051,0.0596054655268191,0.1541171590022718,2,Occasional Customers
13663.0,1.0165034021035235,-0.9552142636712972,-1.064193889334469,3,At-Risk Low Value Customers
13666.0,0.2090430589164636,0.0596054655268191,-1.6993603926887637,0,Low Value Customers
13667.0,0.8804533683940834,-0.9552142636712972,-0.7030264382076223,3,At-Risk Low Value Customers
13668.0,-1.824063391865872,2.555485194733606,1.7177719702698122,4,High Value Loyal Customers
13669.0,0.0899255663351436,-0.3615827770984003,-0.9512747911685988,0,Low Value Customers
13670.0,0.3731042355677808,-0.9552142636712972,-0.5790632222709577,0,Low Value Customers
13672.0,1.4026444313479698,-0.3615827770984003,-1.0771500903595037,3,At-Risk Low Value Customers
13673.0,-0.6230859205766931,-0.3615827770984003,-0.4978360583082418,0,Low Value Customers
13675.0,0.8903370792262918,-0.3615827770984003,-0.3167909498264378,2,Occasional Customers
13678.0,0.895230272225732,-0.9552142636712972,-0.9019776395747704,3,At-Risk Low Value Customers
13680.0,-2.341296235524383,0.3863044476016776,1.297749497396704,1,Recent Regular Customers
13681.0,-0.6613614517492411,0.3863044476016776,0.1044691547153486,1,Recent Regular Customers
13682.0,1.048952395241215,-0.9552142636712972,-1.975628239666015,3,At-Risk Low Value Customers
13684.0,1.3646289487086452,-0.9552142636712972,-1.90491406861158,3,At-Risk Low Value Customers
13685.0,-1.824063391865872,1.0744251947249353,1.1580507724985487,1,Recent Regular Customers
13686.0,1.0329042657894636,-0.9552142636712972,-1.8263656301039148,3,At-Risk Low Value Customers
13689.0,0.2448679827681711,-0.9552142636712972,0.1795930248297692,2,Occasional Customers
13690.0,0.196708740763415,-0.9552142636712972,-1.1395015277025935,0,Low Value Customers
13692.0,-0.4273072773233673,0.0596054655268191,0.5702270629625188,1,Recent Regular Customers
13694.0,-1.6575516078937147,3.786455156566632,3.571668518430981,4,High Value Loyal Customers
13695.0,-0.2723648608903394,2.089244923923052,0.9835020685926884,5,High Value Customers
13697.0,-0.1058530769181821,-0.9552142636712972,-1.2419286987571,0,Low Value Customers
13699.0,0.9097202276752518,-0.9552142636712972,-0.6781773639856262,3,At-Risk Low Value Customers
13700.0,-0.3991450951625692,1.54066546553549,0.8980093550648969,5,High Value Customers
13703.0,1.4435098989158772,-0.9552142636712972,-1.5722925950305504,3,At-Risk Low Value Customers
13704.0,-1.5215015741842748,1.4011241767997944,0.9187316827969072,1,Recent Regular Customers
13705.0,-1.2189397565026774,0.0596054655268191,-0.0153201444743218,1,Recent Regular Customers
13706.0,1.4075699228848029,-0.9552142636712972,-0.6231141107202913,3,At-Risk Low Value Customers
13707.0,1.3135171700007555,-0.3615827770984003,0.0836604266488622,2,Occasional Customers
13708.0,1.3245723241795595,-0.9552142636712972,-0.740222974133453,3,At-Risk Low Value Customers
13709.0,-1.6575516078937147,1.8937448980941995,1.717497393810096,4,High Value Loyal Customers
13710.0,-0.2494027642928512,-0.9552142636712972,-1.102618367873036,0,Low Value Customers
13711.0,1.166245732973242,-0.3615827770984003,-0.838386431001051,3,At-Risk Low Value Customers
13712.0,1.2556424974565452,-0.9552142636712972,-0.9148735533787842,3,At-Risk Low Value Customers
13715.0,1.3515142129228124,0.6532369520997158,0.3136489151630618,2,Occasional Customers
13716.0,1.3190652197851211,-0.9552142636712972,-1.312950292513532,3,At-Risk Low Value Customers
13717.0,-0.2494027642928512,0.8789251688960832,0.5467733809886401,5,High Value Customers
13718.0,1.252627506451775,-0.3615827770984003,-0.6834057688286255,3,At-Risk Low Value Customers
13719.0,-0.7895977045488505,0.6532369520997158,0.2868865711115895,1,Recent Regular Customers
13720.0,0.7013999571250162,0.3863044476016776,0.0772267110215478,2,Occasional Customers
13721.0,-0.164028700972232,-0.9552142636712972,-0.2582048999416531,0,Low Value Customers
13722.0,0.7906947177453308,0.0596054655268191,0.9415804417024484,2,Occasional Customers
13723.0,1.159430989184945,-0.9552142636712972,-1.022022737788292,3,At-Risk Low Value Customers
13725.0,0.0754356108856238,1.2468684386726128,0.7971732549457702,5,High Value Customers
13726.0,-0.1058530769181821,-0.3615827770984003,0.3153200503361394,2,Occasional Customers
13727.0,-0.3205241028950956,-0.3615827770984003,-0.6166968062671851,0,Low Value Customers
13728.0,-0.1441286080907301,0.8789251688960832,0.2671776821569672,5,High Value Customers
13730.0,0.8128062394661227,-0.3615827770984003,0.0288481705985862,2,Occasional Customers
13731.0,1.166245732973242,-0.3615827770984003,-0.1370906233607039,2,Occasional Customers
13732.0,-0.3458217546340572,-0.9552142636712972,-0.3086222054765994,0,Low Value Customers
13735.0,-0.4273072773233673,0.3863044476016776,1.095578371931151,5,High Value Customers
13736.0,-1.5215015741842748,-0.3615827770984003,0.004432631341754,1,Recent Regular Customers
13737.0,1.0988461440238422,-0.9552142636712972,-0.6022870597494896,3,At-Risk Low Value Customers
13739.0,-0.6613614517492411,-0.9552142636712972,-0.9572700211246266,0,Low Value Customers
13740.0,1.237367071575486,-0.9552142636712972,-0.576687353393635,3,At-Risk Low Value Customers
13741.0,0.343051479153905,0.0596054655268191,-0.065275481257647,2,Occasional Customers
13742.0,-0.7017069128441668,1.7852452398084837,1.155098596961018,5,High Value Customers
13743.0,-1.824063391865872,1.0744251947249353,0.4878045915394409,1,Recent Regular Customers
13744.0,0.5474298004497687,-0.3615827770984003,0.3159522509179142,2,Occasional Customers
13745.0,0.9424744813034064,-0.9552142636712972,-0.7004085906855877,3,At-Risk Low Value Customers
13747.0,1.5641979960247516,-0.9552142636712972,-1.747656442927518,3,At-Risk Low Value Customers
13748.0,0.5551626080798789,0.6532369520997158,0.2122796140237756,2,Occasional Customers
13750.0,0.1317800456562198,0.6532369520997158,0.6508128702758469,5,High Value Customers
13751.0,1.3698109782739254,-0.9552142636712972,-0.7104774793372037,3,At-Risk Low Value Customers
13752.0,0.7444033346846438,0.8789251688960832,0.382768546254818,2,Occasional Customers
13753.0,1.3698109782739254,-0.9552142636712972,0.0167984025180331,3,At-Risk Low Value Customers
13754.0,0.895230272225732,-0.3615827770984003,-0.7478366207172088,3,At-Risk Low Value Customers
13755.0,-1.6575516078937147,1.4011241767997944,0.8467308255382222,1,Recent Regular Customers
13756.0,-2.038734417842785,1.9947556633726904,1.5624557269080694,4,High Value Loyal Customers
13758.0,-0.9445401209818785,1.0744251947249353,1.175958109792281,5,High Value Customers
13759.0,-0.2271262067959733,-0.3615827770984003,-0.0760565562930054,0,Low Value Customers
13760.0,0.1317800456562198,-0.3615827770984003,-0.7361809455656618,0,Low Value Customers
13761.0,0.0754356108856238,-0.3615827770984003,0.3086662346390374,2,Occasional Customers
13762.0,1.166245732973242,-0.9552142636712972,-0.6829666000522363,3,At-Risk Low Value Customers
13763.0,0.2448679827681711,-0.9552142636712972,0.682802644649058,2,Occasional Customers
13764.0,0.3327587744728552,0.0596054655268191,0.5866516753586897,2,Occasional Customers
13767.0,-2.038734417842785,3.3556663851747497,2.5155856584235843,4,High Value Loyal Customers
13769.0,-2.038734417842785,1.54066546553549,1.0712313324160492,4,High Value Loyal Customers
13771.0,0.2564373503073006,0.3863044476016776,1.0238053378489669,5,High Value Customers
13772.0,-0.2054954383991431,0.0596054655268191,0.3463085041219455,2,Occasional Customers
13774.0,0.4388506943278125,-0.9552142636712972,-0.5897859899989345,0,Low Value Customers
13777.0,-2.341296235524383,3.192823669993736,2.8423026920850267,4,High Value Loyal Customers
13778.0,0.6071584099936543,-0.9552142636712972,-1.1104517279017465,3,At-Risk Low Value Customers
13780.0,-1.3068305482073614,-0.3615827770984003,-0.5560363876452608,0,Low Value Customers
13781.0,1.2675821003089165,-0.9552142636712972,-1.3748714663327943,3,At-Risk Low Value Customers
13782.0,-0.8892400660298114,0.8789251688960832,0.1785979021705836,1,Recent Regular Customers
13784.0,-1.0691974256329595,1.668056681297832,0.970277949518717,5,High Value Customers
13786.0,1.5501371094479746,-0.9552142636712972,-0.9094976982856452,3,At-Risk Low Value Customers
13787.0,0.3828587438616125,-0.3615827770984003,-0.6769973674101675,0,Low Value Customers
13790.0,-1.6575516078937147,-0.9552142636712972,-0.5811053498551676,0,Low Value Customers
13791.0,0.7679079316757323,-0.3615827770984003,0.5848620187677166,2,Occasional Customers
13792.0,0.2790514826837337,-0.3615827770984003,-1.0392218411118108,0,Low Value Customers
13798.0,-2.341296235524383,3.9747606942536606,3.126686511118019,4,High Value Loyal Customers
13799.0,0.7013999571250162,-0.3615827770984003,-0.0413843225730474,2,Occasional Customers
13800.0,1.4245575339360348,-0.9552142636712972,-0.2080918710996875,3,At-Risk Low Value Customers
13801.0,0.2901066368625376,-0.9552142636712972,-0.6375928883187969,0,Low Value Customers
13802.0,0.8289702489178785,0.0596054655268191,1.466543014654887,2,Occasional Customers
13803.0,1.2793336700851932,-0.9552142636712972,-0.7634863273185164,3,At-Risk Low Value Customers
13804.0,-0.2723648608903394,1.0744251947249353,1.0097930047879893,5,High Value Customers
13805.0,0.10413950578058,-0.3615827770984003,0.1922286195351593,2,Occasional Customers
13806.0,0.2564373503073006,-0.9552142636712972,-0.8249340958401769,0,Low Value Customers
13807.0,1.5501371094479746,-0.9552142636712972,-1.4749179833405095,3,At-Risk Low Value Customers
13808.0,-1.4064729096883222,0.6532369520997158,0.6978047877482623,1,Recent Regular Customers
13809.0,1.412463115884243,-0.9552142636712972,-1.2225975799384774,3,At-Risk Low Value Customers
13810.0,-0.3205241028950956,0.0596054655268191,0.5759110615162265,1,Recent Regular Customers
13811.0,1.0369487703169469,0.0596054655268191,0.0915837238308412,2,Occasional Customers
13812.0,-0.0518867296643757,0.0596054655268191,-0.2360286270711186,2,Occasional Customers
13813.0,-0.0874272207859269,0.3863044476016776,0.5026178697744145,5,High Value Customers
13814.0,0.5237386278211207,-0.3615827770984003,0.617259956005184,2,Occasional Customers
13815.0,-0.5187942651860693,0.3863044476016776,1.361012527684638,5,High Value Customers
13816.0,-0.4565741366045358,-0.3615827770984003,-0.1893459375188499,0,Low Value Customers
13817.0,-0.3205241028950956,-0.3615827770984003,-0.5070137705728709,0,Low Value Customers
13819.0,1.4051112410606752,0.0596054655268191,0.3587438099252699,2,Occasional Customers
13821.0,0.8602843228124161,-0.3615827770984003,-0.5015273215516195,2,Occasional Customers
13822.0,-1.4064729096883222,-0.3615827770984003,-0.1097454004561779,1,Recent Regular Customers
13823.0,-0.6230859205766931,-0.3615827770984003,0.2201190266399225,1,Recent Regular Customers
13824.0,-0.2271262067959733,0.6532369520997158,0.675348311293476,5,High Value Customers
13826.0,1.0039617748066132,-0.9552142636712972,-1.064068725534293,3,At-Risk Low Value Customers
13827.0,0.1841671134665053,0.0596054655268191,-0.453356937399672,2,Occasional Customers
13828.0,-0.5187942651860693,-0.9552142636712972,-0.9847660810256584,0,Low Value Customers
13831.0,-0.7443590504544844,0.8789251688960832,0.8800815499971867,5,High Value Customers
13832.0,-0.6230859205766931,-0.9552142636712972,-2.0778182564865486,0,Low Value Customers
13833.0,0.9286126103988396,-0.9552142636712972,-0.5052151590163452,3,At-Risk Low Value Customers
13835.0,-0.4273072773233673,0.3863044476016776,0.1109056999571659,1,Recent Regular Customers
13837.0,1.1421167725593575,-0.3615827770984003,-0.7940173136898474,3,At-Risk Low Value Customers
13838.0,-1.4064729096883222,0.3863044476016776,-0.0577254389259727,1,Recent Regular Customers
13841.0,1.273481018447474,-0.9552142636712972,-1.6961194369399697,3,At-Risk Low Value Customers
13842.0,0.196708740763415,1.4011241767997944,1.2231058632810148,5,High Value Customers
13844.0,-1.0042687305257638,-0.9552142636712972,-0.5525000128049401,0,Low Value Customers
13845.0,0.2678300793656594,-0.9552142636712972,-0.6669615732127142,0,Low Value Customers
13846.0,-0.4273072773233673,0.0596054655268191,0.1393887857548628,1,Recent Regular Customers
13848.0,0.5237386278211207,0.0596054655268191,0.4348153658092639,2,Occasional Customers
13849.0,0.10413950578058,-0.3615827770984003,0.5962788087474782,2,Occasional Customers
13850.0,0.7736701939658116,-0.9552142636712972,0.6254459773068627,2,Occasional Customers
13851.0,0.5551626080798789,0.0596054655268191,1.0289182698814323,2,Occasional Customers
13853.0,0.1714110890244534,-0.9552142636712972,0.3229900101347885,2,Occasional Customers
13854.0,-1.1403187642352035,2.8000649690066,1.91716496291974,4,High Value Loyal Customers
13856.0,0.973851264493206,0.0596054655268191,-0.4956703084515314,2,Occasional Customers
13858.0,0.1714110890244534,-0.9552142636712972,-0.9599369558898944,0,Low Value Customers
13859.0,1.4619928068665424,-0.9552142636712972,-1.0168561327210703,3,At-Risk Low Value Customers
13860.0,-2.341296235524383,0.6532369520997158,0.4290364273381999,1,Recent Regular Customers
13862.0,-0.6613614517492411,1.2468684386726128,0.8840139168040045,5,High Value Customers
13863.0,1.2586453556679202,-0.9552142636712972,-0.6853979897264562,3,At-Risk Low Value Customers
13865.0,0.1841671134665053,0.3863044476016776,-0.2931330627413783,2,Occasional Customers
13866.0,0.3632205247355723,-0.9552142636712972,-1.271863776506325,3,At-Risk Low Value Customers
13867.0,-0.2723648608903394,0.0596054655268191,0.2584966852183156,2,Occasional Customers
13868.0,-1.3068305482073614,-0.3615827770984003,1.1764534850715227,1,Recent Regular Customers
13869.0,0.7384096537980341,0.3863044476016776,1.1488829395254951,5,High Value Customers
13870.0,-2.038734417842785,1.2468684386726128,1.0639339058578752,4,High Value Loyal Customers
13871.0,-0.4870358868672529,1.8937448980941995,1.729450195408911,4,High Value Loyal Customers
13873.0,0.7201342279169752,0.0596054655268191,-0.4934290550693479,2,Occasional Customers
13874.0,1.531660558029954,-0.9552142636712972,-0.2338974963956107,3,At-Risk Low Value Customers
13875.0,0.1317800456562198,0.6532369520997158,0.7153924579355554,5,High Value Customers
13876.0,0.2564373503073006,-0.9552142636712972,-1.4072264500634457,0,Low Value Customers
13877.0,0.473972906706051,-0.9552142636712972,-1.4431026944396197,3,At-Risk Low Value Customers
13878.0,0.1452256212872108,-0.9552142636712972,0.4452313906529226,2,Occasional Customers
13880.0,-0.5519645819744484,1.8937448980941995,1.1832010732363305,5,High Value Customers
13881.0,-1.6575516078937147,2.487376384667096,2.512773056293573,4,High Value Loyal Customers
13882.0,-1.824063391865872,0.6532369520997158,0.3933381814901725,1,Recent Regular Customers
13883.0,-1.0042687305257638,0.6532369520997158,1.0357857428582873,1,Recent Regular Customers
13884.0,-1.3068305482073614,0.6532369520997158,0.0649268129940134,1,Recent Regular Customers
13885.0,1.0568488631984492,-0.3615827770984003,-0.2848896451737998,2,Occasional Customers
13886.0,0.3327587744728552,-0.9552142636712972,-0.8655390424653289,0,Low Value Customers
13887.0,1.1135502505032524,-0.9552142636712972,-0.5794032126708244,3,At-Risk Low Value Customers
13888.0,0.7201342279169752,-0.3615827770984003,-0.156718746015073,2,Occasional Customers
13889.0,0.5317195515827039,-0.9552142636712972,-0.4397387313978841,3,At-Risk Low Value Customers
13890.0,-2.341296235524383,1.54066546553549,0.7573912655967633,4,High Value Loyal Customers
13892.0,-0.3720072223713004,0.3863044476016776,-0.1085285036523697,1,Recent Regular Customers
13893.0,1.3951946930149468,-0.9552142636712972,0.0979897206724266,3,At-Risk Low Value Customers
13894.0,-0.4565741366045358,0.0596054655268191,-0.1991903547631241,0,Low Value Customers
13895.0,-0.3458217546340572,0.3863044476016776,1.011228079403501,5,High Value Customers
13897.0,0.0754356108856238,-0.9552142636712972,-0.6715816524604878,0,Low Value Customers
13898.0,1.4619928068665424,-0.9552142636712972,-1.218128527060902,3,At-Risk Low Value Customers
13899.0,-0.7443590504544844,-0.3615827770984003,-0.4956295019229316,0,Low Value Customers
13900.0,1.0329042657894636,0.0596054655268191,0.0164664204624895,2,Occasional Customers
13901.0,0.343051479153905,0.6532369520997158,1.0910636943862573,5,High Value Customers
13904.0,-0.1441286080907301,-0.3615827770984003,-0.6186951643217304,0,Low Value Customers
13908.0,0.4206495661775393,0.3863044476016776,0.9396182992810048,5,High Value Customers
13911.0,0.1714110890244534,1.4011241767997944,1.007493944125657,5,High Value Customers
13914.0,-0.9445401209818785,-0.3615827770984003,-0.1167441174137368,1,Recent Regular Customers
13917.0,0.0754356108856238,-0.3615827770984003,-0.777993741701043,0,Low Value Customers
13918.0,0.0754356108856238,-0.3615827770984003,0.4076808402517529,2,Occasional Customers
13919.0,0.196708740763415,-0.3615827770984003,-0.5032351968013824,0,Low Value Customers
13922.0,1.5190836997772748,-0.9552142636712972,-1.1395015277025935,3,At-Risk Low Value Customers
13923.0,0.1317800456562198,-0.9552142636712972,-0.5758292625332174,0,Low Value Customers
13924.0,-2.038734417842785,0.8789251688960832,0.7382041794720553,1,Recent Regular Customers
13925.0,0.5317195515827039,0.3863044476016776,-0.0537021466828209,2,Occasional Customers
13926.0,-0.4870358868672529,-0.9552142636712972,-0.9323177447309436,0,Low Value Customers
13927.0,0.3731042355677808,-0.9552142636712972,-0.5806737968528426,0,Low Value Customers
13928.0,-1.0042687305257638,0.3863044476016776,-0.3538920297303369,1,Recent Regular Customers
13929.0,0.973851264493206,-0.3615827770984003,0.1185538319985711,2,Occasional Customers
13930.0,0.1841671134665053,-0.3615827770984003,-0.6075779275472493,0,Low Value Customers
13931.0,0.5551626080798789,-0.3615827770984003,0.4236837159607716,2,Occasional Customers
13932.0,1.3876698300033006,-0.9552142636712972,-0.6812123477904195,3,At-Risk Low Value Customers
13933.0,0.6490128893147309,-0.3615827770984003,-0.1394330730835982,2,Occasional Customers
13934.0,1.305116977069759,-0.9552142636712972,0.1900791955290635,2,Occasional Customers
13936.0,1.02063753599374,-0.9552142636712972,-0.5203715520913278,3,At-Risk Low Value Customers
13937.0,0.973851264493206,-0.9552142636712972,-1.203476906585054,3,At-Risk Low Value Customers
13938.0,-0.1844740691856557,-0.9552142636712972,-1.830075747595564,0,Low Value Customers
13939.0,-0.4870358868672529,0.0596054655268191,-0.1936875811869026,1,Recent Regular Customers
13940.0,-0.7017069128441668,0.3863044476016776,0.1152404761376324,1,Recent Regular Customers
13941.0,-0.5187942651860693,0.6532369520997158,1.5506462109213706,5,High Value Customers
13946.0,0.4113797667403285,0.0596054655268191,-0.203487370204273,2,Occasional Customers
13947.0,0.2678300793656594,-0.9552142636712972,-1.645984863858336,0,Low Value Customers
13948.0,1.5378703796522508,-0.9552142636712972,-1.5527651372495304,3,At-Risk Low Value Customers
13949.0,-1.824063391865872,0.8789251688960832,0.9587534825366976,1,Recent Regular Customers
13950.0,-1.0042687305257638,0.3863044476016776,0.020856630913905,1,Recent Regular Customers
13951.0,1.0039617748066132,0.0596054655268191,-0.0581606579420823,2,Occasional Customers
13952.0,1.1628461404940136,-0.3615827770984003,1.1908873305910002,2,Occasional Customers
13953.0,-1.3068305482073614,1.0744251947249353,1.2530551620548822,5,High Value Customers
13954.0,-2.038734417842785,-0.3615827770984003,-0.3971244201522041,1,Recent Regular Customers
13955.0,0.9049214377701916,-0.3615827770984003,-0.6420939428507919,3,At-Risk Low Value Customers
13956.0,-1.5215015741842748,0.6532369520997158,0.2696195070040155,1,Recent Regular Customers
13959.0,0.4113797667403285,0.0596054655268191,-0.158892776123682,2,Occasional Customers
13960.0,-0.5519645819744484,-0.3615827770984003,-0.9101161365969206,0,Low Value Customers
13962.0,-0.5187942651860693,-0.3615827770984003,-1.1519844159753083,0,Low Value Customers
13963.0,1.419743263956323,0.3863044476016776,-0.0699070443788863,2,Occasional Customers
13967.0,0.8653779211463577,-0.9552142636712972,-1.7368836309952946,3,At-Risk Low Value Customers
13969.0,-1.3068305482073614,2.340846655976633,2.002085858067262,4,High Value Loyal Customers
13971.0,-0.6230859205766931,1.2468684386726128,1.0602901529810589,5,High Value Customers
13972.0,0.3327587744728552,-0.3615827770984003,-1.0609460199544647,0,Low Value Customers
13973.0,1.3672244617898772,-0.9552142636712972,-0.7996504264561644,3,At-Risk Low Value Customers
13974.0,0.0606587070539751,-0.9552142636712972,-0.4460584758860795,0,Low Value Customers
13975.0,-0.2723648608903394,0.8789251688960832,0.9697778194994586,5,High Value Customers
13976.0,1.1243912536521652,-0.9552142636712972,-0.5605178421003109,3,At-Risk Low Value Customers
13978.0,-0.7895977045488505,-0.3615827770984003,-1.0342237916771253,0,Low Value Customers
13979.0,0.3532041426862792,-0.9552142636712972,0.1437904015660845,2,Occasional Customers
13980.0,0.2090430589164636,-0.9552142636712972,-1.020876087230933,0,Low Value Customers
13982.0,-0.1058530769181821,0.3863044476016776,0.7523153063506597,5,High Value Customers
13983.0,-0.2960560335189878,1.7852452398084837,1.0143956809395884,5,High Value Customers
13984.0,-0.3720072223713004,0.6532369520997158,0.1887091312731102,5,High Value Customers
13985.0,-1.6575516078937147,2.089244923923052,1.8070499862549,4,High Value Loyal Customers
13986.0,-0.7017069128441668,-0.9552142636712972,-0.648250643310903,0,Low Value Customers
13988.0,-0.5866782483482139,0.8789251688960832,1.38445568315806,5,High Value Customers
13989.0,0.2790514826837337,-0.3615827770984003,0.4417954360667609,2,Occasional Customers
13990.0,1.1456119042818538,-0.9552142636712972,-0.6712253066304156,3,At-Risk Low Value Customers
13991.0,-0.9445401209818785,0.8789251688960832,0.1281326450210769,1,Recent Regular Customers
13992.0,-0.2960560335189878,-0.9552142636712972,-1.7757557983383605,0,Low Value Customers
13993.0,-0.0347317383159377,1.4011241767997944,1.2418305372752076,5,High Value Customers
13994.0,-1.6575516078937147,0.8789251688960832,0.9069705683610906,1,Recent Regular Customers
13995.0,-0.7895977045488505,0.6532369520997158,0.5180552088607716,1,Recent Regular Customers
13999.0,-1.0691974256329595,1.7852452398084837,1.3358494359294424,4,High Value Loyal Customers
14000.0,1.1386051930976016,-0.9552142636712972,-0.1051635267561431,3,At-Risk Low Value Customers
14001.0,0.0144867079241929,0.0596054655268191,0.8218601924519009,2,Occasional Customers
14002.0,0.8018323761266101,-0.3615827770984003,-0.2497899085172011,2,Occasional Customers
14004.0,-0.0347317383159377,1.0744251947249353,1.4636389519446722,5,High Value Customers
14005.0,-1.0691974256329595,0.6532369520997158,1.0931446267712033,1,Recent Regular Customers
14006.0,0.6950492016983384,0.0596054655268191,0.2238655442743356,2,Occasional Customers
14009.0,1.0913839892534942,-0.3615827770984003,-0.0336460327733851,2,Occasional Customers
14012.0,1.3435332891612286,-0.9552142636712972,-0.6278950553816307,3,At-Risk Low Value Customers
14013.0,0.6557659603678762,0.0596054655268191,-0.3395972227776504,2,Occasional Customers
14014.0,0.3924873840167408,-0.9552142636712972,-0.2874290635498807,0,Low Value Customers
14015.0,0.1180877484959417,-0.9552142636712972,0.1859705506075933,2,Occasional Customers
14016.0,0.9424744813034064,0.3863044476016776,1.4206362386223823,5,High Value Customers
14019.0,0.030196956791258,0.0596054655268191,0.5338075388028959,2,Occasional Customers
14020.0,-0.7017069128441668,-0.3615827770984003,-0.0963004408309623,0,Low Value Customers
14021.0,0.9097202276752518,0.0596054655268191,-0.1098709597498375,2,Occasional Customers
14022.0,1.1863243234655771,-0.9552142636712972,-0.396980238811539,3,At-Risk Low Value Customers
14023.0,-1.3068305482073614,-0.3615827770984003,-0.172321392386034,1,Recent Regular Customers
14024.0,0.7323674405541809,-0.3615827770984003,-0.6305501840542602,3,At-Risk Low Value Customers
14027.0,0.2211768101395232,-0.9552142636712972,-1.5312991096885018,0,Low Value Customers
14029.0,0.2448679827681711,-0.3615827770984003,-0.3486348295183338,2,Occasional Customers
14030.0,-0.6613614517492411,1.2468684386726128,0.9360196333874568,5,High Value Customers
14031.0,-1.3068305482073614,2.41594390599791,2.518648575947111,4,High Value Loyal Customers
14032.0,-2.038734417842785,1.668056681297832,1.12054307540272,4,High Value Loyal Customers
14034.0,-0.5187942651860693,0.0596054655268191,-0.0888180818173069,1,Recent Regular Customers
14035.0,-0.3205241028950956,0.6532369520997158,0.5373803811140581,5,High Value Customers
14036.0,1.362024376226567,-0.9552142636712972,-0.1164908379764662,3,At-Risk Low Value Customers
14037.0,1.0039617748066132,-0.3615827770984003,-1.2636164535497614,3,At-Risk Low Value Customers
14038.0,0.4019933629965244,0.0596054655268191,0.6077782619720616,2,Occasional Customers
14039.0,-0.2271262067959733,-0.9552142636712972,-1.237246166108847,0,Low Value Customers
14040.0,-0.0694454046897029,1.7852452398084837,1.2630797758198606,5,High Value Customers
14041.0,1.3107275994304497,-0.9552142636712972,-1.2952883264878812,3,At-Risk Low Value Customers
14044.0,-0.3720072223713004,0.3863044476016776,-0.091844312116034,1,Recent Regular Customers
14045.0,0.6490128893147309,0.3863044476016776,0.6568123651153189,2,Occasional Customers
14046.0,1.3594106808800466,-0.9552142636712972,-1.2229032052008912,3,At-Risk Low Value Customers
14047.0,-1.1403187642352035,0.6532369520997158,0.468032843389782,1,Recent Regular Customers
14048.0,1.412463115884243,-0.9552142636712972,-0.4531054811256019,3,At-Risk Low Value Customers
14049.0,-0.7017069128441668,0.3863044476016776,1.61991827262682,5,High Value Customers
14050.0,-0.2494027642928512,-0.3615827770984003,0.0222402283918986,2,Occasional Customers
14051.0,-2.341296235524383,2.6828764104959486,2.4375833898226804,4,High Value Loyal Customers
14052.0,-0.5866782483482139,-0.9552142636712972,-0.9269985227421572,0,Low Value Customers
14053.0,0.7444033346846438,-0.3615827770984003,-0.813073414063077,3,At-Risk Low Value Customers
14054.0,0.2678300793656594,-0.9552142636712972,-1.630009039623681,0,Low Value Customers
14055.0,0.6283790606233428,-0.9552142636712972,-0.0001041942925907,2,Occasional Customers
14056.0,-2.341296235524383,2.6828764104959486,1.9213858038033684,4,High Value Loyal Customers
14057.0,-0.4565741366045358,2.2616881678707283,1.7053121844712378,4,High Value Loyal Customers
14059.0,1.3135171700007555,-0.9552142636712972,-1.0890715475789958,3,At-Risk Low Value Customers
14060.0,-1.5215015741842748,2.41594390599791,1.696146464636057,4,High Value Loyal Customers
14062.0,-1.0691974256329595,1.7852452398084837,2.1197851947165933,4,High Value Loyal Customers
14064.0,-0.3205241028950956,0.6532369520997158,0.4834955061000995,5,High Value Customers
14066.0,1.3135171700007555,-0.9552142636712972,-1.2354326061260856,3,At-Risk Low Value Customers
14067.0,0.2564373503073006,-0.3615827770984003,-0.5243384459197944,0,Low Value Customers
14068.0,1.4481737219634514,-0.9552142636712972,-0.7962181173760744,3,At-Risk Low Value Customers
14071.0,-1.6575516078937147,1.2468684386726128,0.5426737990284175,1,Recent Regular Customers
14073.0,-0.2494027642928512,-0.9552142636712972,-1.2432865827857305,0,Low Value Customers
14075.0,-1.5215015741842748,0.0596054655268191,0.2072487989617507,1,Recent Regular Customers
14076.0,0.7736701939658116,-0.9552142636712972,-1.433548879304314,3,At-Risk Low Value Customers
14077.0,-0.0694454046897029,0.6532369520997158,-0.2965243956345572,2,Occasional Customers
14078.0,0.5999486026162144,0.8789251688960832,0.2927263573947839,2,Occasional Customers
14079.0,0.7503492566504052,-0.9552142636712972,-0.5234927660873284,3,At-Risk Low Value Customers
14080.0,-0.2271262067959733,-0.9552142636712972,-2.183086162918538,0,Low Value Customers
14081.0,1.4051112410606752,-0.3615827770984003,0.1896658400564759,2,Occasional Customers
14082.0,1.5460705639150825,-0.9552142636712972,-1.094904832918326,3,At-Risk Low Value Customers
14083.0,-1.6575516078937147,1.4011241767997944,0.2567648815596969,1,Recent Regular Customers
14085.0,-2.038734417842785,2.340846655976633,1.435159269732687,4,High Value Loyal Customers
14087.0,-1.824063391865872,-0.9552142636712972,-1.0558924867790132,0,Low Value Customers
14088.0,-1.0691974256329595,1.8937448980941995,3.3704585651567345,4,High Value Loyal Customers
14089.0,0.1714110890244534,-0.9552142636712972,-1.203974232976483,0,Low Value Customers
14090.0,1.4597073249619177,-0.9552142636712972,-1.7806741897822131,3,At-Risk Low Value Customers
14092.0,-1.2189397565026774,1.9947556633726904,1.3707282762182995,4,High Value Loyal Customers
14093.0,-0.9445401209818785,-0.9552142636712972,-0.4081229033438779,0,Low Value Customers
14096.0,-1.6575516078937147,2.2616881678707283,3.573196493555589,4,High Value Loyal Customers
14098.0,-0.1441286080907301,-0.9552142636712972,-1.2628124802413692,0,Low Value Customers
14099.0,-0.7443590504544844,1.668056681297832,1.1541521942106316,5,High Value Customers
14100.0,0.8236210556992557,-0.9552142636712972,-1.0539129869084636,3,At-Risk Low Value Customers
14101.0,0.3632205247355723,0.8789251688960832,1.6746848064131383,5,High Value Customers
14102.0,-1.5215015741842748,0.6532369520997158,0.3343722772889602,1,Recent Regular Customers
14104.0,0.9097202276752518,-0.3615827770984003,-0.9597905904863648,3,At-Risk Low Value Customers
14105.0,1.231174428080437,-0.9552142636712972,0.4418895122707567,2,Occasional Customers
14107.0,0.10413950578058,1.0744251947249353,1.0442801169093543,5,High Value Customers
14108.0,-0.2723648608903394,-0.3615827770984003,-0.1537407908978385,0,Low Value Customers
14109.0,0.3532041426862792,-0.9552142636712972,-1.279869117055889,0,Low Value Customers
14110.0,-1.6575516078937147,1.7852452398084837,1.634654908585354,4,High Value Loyal Customers
14111.0,-0.8377569465536066,0.3863044476016776,-0.0368010331503209,1,Recent Regular Customers
14112.0,-0.4870358868672529,1.0744251947249353,1.1042399575170307,5,High Value Customers
14113.0,-1.6575516078937147,0.3863044476016776,0.7388820554905662,1,Recent Regular Customers
14114.0,1.3327575169453991,-0.3615827770984003,-0.4997000540808208,3,At-Risk Low Value Customers
14116.0,-0.5866782483482139,0.6532369520997158,0.5117910152686851,5,High Value Customers
14117.0,0.8551557166551218,-0.9552142636712972,-1.6512076266697098,3,At-Risk Low Value Customers
14121.0,-1.6575516078937147,0.3863044476016776,1.066570076863357,1,Recent Regular Customers
14124.0,0.4566184208346949,-0.9552142636712972,-0.4346584025158604,0,Low Value Customers
14125.0,-1.0042687305257638,0.0596054655268191,1.0493773021412538,1,Recent Regular Customers
14126.0,-1.2189397565026774,0.0596054655268191,-0.0217340115642287,1,Recent Regular Customers
14127.0,0.7384096537980341,0.0596054655268191,-0.0177206804878798,2,Occasional Customers
14128.0,0.2211768101395232,-0.3615827770984003,-0.1028700111150906,2,Occasional Customers
14129.0,-2.038734417842785,0.6532369520997158,0.3471779898488242,1,Recent Regular Customers
14130.0,1.4458454540573504,-0.9552142636712972,-0.3264779719016686,3,At-Risk Low Value Customers
14132.0,-2.038734417842785,1.668056681297832,1.2687964890059402,4,High Value Loyal Customers
14133.0,0.7793883005555002,0.0596054655268191,-0.1435490474850238,2,Occasional Customers
14135.0,-2.038734417842785,2.089244923923052,1.482091269020855,4,High Value Loyal Customers
14138.0,-2.038734417842785,-0.3615827770984003,0.2269043441349734,1,Recent Regular Customers
14139.0,0.0144867079241929,-0.9552142636712972,-0.4417952443131622,0,Low Value Customers
14140.0,-1.6575516078937147,-0.3615827770984003,0.2011508015785228,1,Recent Regular Customers
14141.0,-1.824063391865872,0.3863044476016776,0.1840557210057995,1,Recent Regular Customers
14142.0,1.5622054467539612,-0.9552142636712972,-0.6699285392160788,3,At-Risk Low Value Customers
14143.0,0.8018323761266101,-0.9552142636712972,-1.4528407984851726,3,At-Risk Low Value Customers
14145.0,0.030196956791258,0.3863044476016776,1.3026648354149557,5,High Value Customers
14146.0,-1.1403187642352035,0.6532369520997158,1.3926574674222654,5,High Value Customers
14147.0,0.4019933629965244,-0.3615827770984003,-0.3223822345640819,2,Occasional Customers
14148.0,1.2154641792133722,-0.9552142636712972,-1.2117228567045948,3,At-Risk Low Value Customers
14149.0,1.172998804026387,-0.9552142636712972,-0.3851389710111933,3,At-Risk Low Value Customers
14150.0,-0.164028700972232,-0.3615827770984003,-0.0769837034177846,2,Occasional Customers
14152.0,0.3731042355677808,-0.3615827770984003,-0.1233067903671834,2,Occasional Customers
14154.0,1.231174428080437,-0.3615827770984003,0.4901806017735829,2,Occasional Customers
14155.0,1.3107275994304497,-0.9552142636712972,-1.4330177774233372,3,At-Risk Low Value Customers
14156.0,-1.0691974256329595,3.9233843564904327,4.039734762880841,4,High Value Loyal Customers
14157.0,-0.5866782483482139,-0.3615827770984003,-0.4246874439846203,0,Low Value Customers
14158.0,-0.0874272207859269,-0.9552142636712972,-0.2835448488138972,0,Low Value Customers
14159.0,-0.5866782483482139,1.668056681297832,1.471868323890555,5,High Value Customers
14161.0,1.1560001359755845,0.0596054655268191,0.3284194500524867,2,Occasional Customers
14162.0,0.9954820328900365,-0.3615827770984003,-0.7291154322895494,3,At-Risk Low Value Customers
14163.0,0.4825011053425735,0.3863044476016776,0.9648143480610682,5,High Value Customers
14164.0,0.3327587744728552,-0.3615827770984003,0.6433088723404496,2,Occasional Customers
14165.0,1.3381648540746935,-0.9552142636712972,-1.421880404094534,3,At-Risk Low Value Customers
14167.0,-0.1058530769181821,0.3863044476016776,-0.2020477482674525,2,Occasional Customers
14171.0,0.5703918970472569,-0.9552142636712972,-0.5477583570836844,3,At-Risk Low Value Customers
14173.0,-1.0042687305257638,0.3863044476016776,-0.3776816636073216,1,Recent Regular Customers
14174.0,-0.2271262067959733,-0.9552142636712972,-1.335051587468375,0,Low Value Customers
14175.0,0.2090430589164636,0.0596054655268191,1.1838251076737762,5,High Value Customers
14176.0,1.3926948271642658,0.3863044476016776,-0.1821209034902419,2,Occasional Customers
14177.0,0.473972906706051,0.3863044476016776,-0.220781657678463,2,Occasional Customers
14178.0,-1.1403187642352035,1.0744251947249353,0.6278219056229748,1,Recent Regular Customers
14179.0,-0.0694454046897029,-0.3615827770984003,-0.0268754888384459,2,Occasional Customers
14180.0,-1.0042687305257638,2.8000649690066,1.4918916100479145,4,High Value Loyal Customers
14184.0,0.2901066368625376,-0.9552142636712972,-0.3740841361884457,0,Low Value Customers
14185.0,1.4733163816448338,-0.9552142636712972,-1.0307757704733251,3,At-Risk Low Value Customers
14188.0,-0.2723648608903394,0.8789251688960832,0.8262337407223869,5,High Value Customers
14189.0,-2.038734417842785,2.089244923923052,1.475929933303865,4,High Value Loyal Customers
14191.0,-2.038734417842785,1.8937448980941995,1.481150519212217,4,High Value Loyal Customers
14193.0,0.3010003961540392,-0.3615827770984003,0.1286071731241305,2,Occasional Customers
14194.0,-1.5215015741842748,2.555485194733606,2.184274142091127,4,High Value Loyal Customers
14195.0,1.1062344148605143,-0.3615827770984003,0.2639363523887763,2,Occasional Customers
14196.0,0.6353205921544528,-0.9552142636712972,-0.6118644688837352,3,At-Risk Low Value Customers
14198.0,-0.6613614517492411,0.3863044476016776,-0.0270678113560024,1,Recent Regular Customers
14199.0,1.1628461404940136,-0.9552142636712972,-1.0813598450977342,3,At-Risk Low Value Customers
14201.0,0.2090430589164636,1.0744251947249353,0.0233878495986415,5,High Value Customers
14204.0,-2.038734417842785,-0.9552142636712972,-1.2455374181151295,0,Low Value Customers
14205.0,-0.7017069128441668,-0.3615827770984003,-0.3502644136803697,0,Low Value Customers
14206.0,1.231174428080437,-0.9552142636712972,-0.6294387781883864,3,At-Risk Low Value Customers
14208.0,0.5474298004497687,-0.9552142636712972,-1.2396360134473237,3,At-Risk Low Value Customers
14209.0,-1.0042687305257638,0.8789251688960832,0.8335733691551725,1,Recent Regular Customers
14210.0,0.6283790606233428,0.8789251688960832,0.7666263188769948,5,High Value Customers
14211.0,0.1180877484959417,1.4011241767997944,0.8953447674609136,5,High Value Customers
14212.0,0.5075160485126933,-0.9552142636712972,0.3085401539221696,2,Occasional Customers
14214.0,-0.2723648608903394,0.6532369520997158,0.2579356461949073,5,High Value Customers
14215.0,-0.9445401209818785,0.8789251688960832,0.7166938667535973,1,Recent Regular Customers
14216.0,-1.824063391865872,0.3863044476016776,0.7383985342663919,1,Recent Regular Customers
14217.0,-2.038734417842785,2.2616881678707283,0.8069073212300285,4,High Value Loyal Customers
14218.0,-0.0347317383159377,-0.9552142636712972,-1.1523106683819069,0,Low Value Customers
14219.0,-1.6575516078937147,-0.9552142636712972,-1.6517317956768849,0,Low Value Customers
14220.0,1.2556424974565452,-0.3615827770984003,-0.1092433615591483,2,Occasional Customers
14221.0,-0.0518867296643757,1.4011241767997944,1.2341010347738903,5,High Value Customers
14222.0,1.008165781748852,-0.9552142636712972,-0.0479664577444624,2,Occasional Customers
14223.0,0.5237386278211207,0.0596054655268191,0.2473922251839246,2,Occasional Customers
14224.0,0.6557659603678762,0.3863044476016776,0.2621534739518442,2,Occasional Customers
14226.0,-0.3205241028950956,0.6532369520997158,0.8859638609984991,5,High Value Customers
14227.0,-0.3991450951625692,1.54066546553549,1.2149304020672669,5,High Value Customers
14229.0,0.10413950578058,0.0596054655268191,0.6010412931193554,2,Occasional Customers
14231.0,1.0369487703169469,0.0596054655268191,0.1931811033887199,2,Occasional Customers
14232.0,-0.0347317383159377,0.6532369520997158,0.8237979139754267,5,High Value Customers
14233.0,0.0606587070539751,0.3863044476016776,0.5564476797519727,5,High Value Customers
14234.0,-0.5187942651860693,0.3863044476016776,0.0304495098543923,1,Recent Regular Customers
14235.0,0.3731042355677808,0.6532369520997158,1.16449862372686,5,High Value Customers
14236.0,0.429805622872584,-0.3615827770984003,-0.3102363248623397,2,Occasional Customers
14237.0,1.5622054467539612,-0.9552142636712972,-1.192858981192199,3,At-Risk Low Value Customers
14238.0,1.4619928068665424,-0.9552142636712972,-1.26549556026308,3,At-Risk Low Value Customers
14239.0,-0.0347317383159377,1.668056681297832,0.9433976268677868,5,High Value Customers
14240.0,-0.2960560335189878,-0.3615827770984003,0.1622544945647788,2,Occasional Customers
14241.0,1.0369487703169469,-0.9552142636712972,-0.9690276472843716,3,At-Risk Low Value Customers
14242.0,1.2186328007835272,-0.3615827770984003,-0.7536021647959393,3,At-Risk Low Value Customers
14243.0,-1.1403187642352035,1.54066546553549,1.0099096246524537,5,High Value Customers
14245.0,1.169629907746531,-0.3615827770984003,0.672777564832053,2,Occasional Customers
14246.0,0.6624584649457211,0.0596054655268191,0.5625810106717075,2,Occasional Customers
14247.0,1.3435332891612286,-0.9552142636712972,-1.3216133531859162,3,At-Risk Low Value Customers
14248.0,1.4435098989158772,-0.9552142636712972,-0.6937312732103585,3,At-Risk Low Value Customers
14250.0,-1.3068305482073614,0.0596054655268191,0.7658799372055878,1,Recent Regular Customers
14251.0,-2.038734417842785,0.6532369520997158,1.0945196981434322,1,Recent Regular Customers
14256.0,1.2937675680461596,-0.3615827770984003,0.2295138579783545,2,Occasional Customers
14257.0,0.2564373503073006,0.6532369520997158,1.1530124581879782,5,High Value Customers
14258.0,-1.1403187642352035,1.4011241767997944,2.271734529822121,4,High Value Loyal Customers
14259.0,0.844791532568056,-0.9552142636712972,-1.424765080755613,3,At-Risk Low Value Customers
14261.0,0.0899255663351436,-0.3615827770984003,0.3746678454507719,2,Occasional Customers
14262.0,-1.2189397565026774,1.2468684386726128,1.0188990365089574,5,High Value Customers
14264.0,0.9097202276752518,-0.3615827770984003,-0.6155334137274862,3,At-Risk Low Value Customers
14265.0,0.6490128893147309,-0.3615827770984003,-0.249116353474282,2,Occasional Customers
14267.0,0.947038466531095,0.0596054655268191,0.5849877402741329,2,Occasional Customers
14270.0,1.4755606217079846,-0.9552142636712972,-0.3073493650658868,3,At-Risk Low Value Customers
14271.0,1.1896188509298031,-0.9552142636712972,-1.4768792368770294,3,At-Risk Low Value Customers
14272.0,0.3632205247355723,-0.3615827770984003,-0.40066505880673,2,Occasional Customers
14273.0,0.0899255663351436,0.3863044476016776,-0.2057508676065511,2,Occasional Customers
14276.0,0.5778915507124864,0.0596054655268191,0.3442618149558249,2,Occasional Customers
14277.0,-0.7895977045488505,0.0596054655268191,1.3920885179545328,5,High Value Customers
14280.0,1.087624740705768,-0.9552142636712972,-1.3375195049412842,3,At-Risk Low Value Customers
14282.0,-1.824063391865872,2.089244923923052,1.293963523389397,4,High Value Loyal Customers
14284.0,-0.2723648608903394,-0.3615827770984003,-0.1572783570263234,0,Low Value Customers
14285.0,-0.5519645819744484,0.3863044476016776,0.7683623824683962,5,High Value Customers
14286.0,-0.4565741366045358,0.0596054655268191,1.4715937206385097,5,High Value Customers
14287.0,-1.2189397565026774,0.0596054655268191,-1.1196594878212018,0,Low Value Customers
14288.0,1.1456119042818538,-0.9552142636712972,-0.421502905384889,3,At-Risk Low Value Customers
14289.0,-1.1403187642352035,0.8789251688960832,0.1806914494859841,1,Recent Regular Customers
14290.0,-1.0042687305257638,0.6532369520997158,0.920996585064604,1,Recent Regular Customers
14291.0,-2.038734417842785,1.668056681297832,1.3320610559211217,4,High Value Loyal Customers
14292.0,-1.2189397565026774,1.4011241767997944,1.5122778328146065,4,High Value Loyal Customers
14293.0,-1.824063391865872,0.3863044476016776,0.2905974153003013,1,Recent Regular Customers
14295.0,-0.0874272207859269,-0.9552142636712972,-1.167750068646397,0,Low Value Customers
14297.0,-0.6613614517492411,0.3863044476016776,0.466039901868138,1,Recent Regular Customers
14298.0,-1.2189397565026774,3.6032068791437033,3.386591710323247,4,High Value Loyal Customers
14299.0,-1.2189397565026774,1.4011241767997944,1.348737961850714,4,High Value Loyal Customers
14300.0,-0.6230859205766931,-0.9552142636712972,-2.225107979669442,0,Low Value Customers
14301.0,0.7013999571250162,-0.9552142636712972,-0.0995908330614575,2,Occasional Customers
14304.0,1.1796913086042322,-0.9552142636712972,-0.5060416013604889,3,At-Risk Low Value Customers
14305.0,0.3327587744728552,0.0596054655268191,0.7468436114285034,2,Occasional Customers
14306.0,0.0899255663351436,-0.3615827770984003,0.8411570577284136,2,Occasional Customers
14307.0,0.4992705584450125,0.8789251688960832,1.1258995447956333,5,High Value Customers
14309.0,-1.2189397565026774,1.4011241767997944,0.933891757230472,5,High Value Customers
14311.0,1.2435087462334855,-0.9552142636712972,-0.6738762701811439,3,At-Risk Low Value Customers
14312.0,0.030196956791258,0.8789251688960832,0.6334253410144972,5,High Value Customers
14314.0,0.6353205921544528,-0.9552142636712972,-1.424765080755613,3,At-Risk Low Value Customers
14315.0,-0.0015614215275583,0.8789251688960832,0.9761718459127974,5,High Value Customers
14317.0,0.2678300793656594,-0.9552142636712972,-0.2821087442752413,0,Low Value Customers
14320.0,1.1243912536521652,-0.3615827770984003,-0.3316399551760177,2,Occasional Customers
14321.0,-1.0042687305257638,0.6532369520997158,0.5925519394155568,1,Recent Regular Customers
14323.0,0.6886439326829644,-0.3615827770984003,-0.1443092388146776,2,Occasional Customers
14326.0,1.240444227517647,-0.9552142636712972,-1.0879959924715796,3,At-Risk Low Value Customers
14327.0,0.947038466531095,-0.9552142636712972,-0.6703351404707862,3,At-Risk Low Value Customers
14329.0,-0.7017069128441668,1.0744251947249353,1.528950570565233,5,High Value Customers
14331.0,0.7444033346846438,-0.3615827770984003,-0.3571591040899259,2,Occasional Customers
14332.0,-0.4870358868672529,0.0596054655268191,0.1162519949655933,1,Recent Regular Customers
14333.0,0.3010003961540392,-0.9552142636712972,-0.4429782439301598,0,Low Value Customers
14334.0,-0.7017069128441668,1.2468684386726128,0.9986104445744964,5,High Value Customers
14335.0,-0.7443590504544844,-0.3615827770984003,-0.3706422769615901,0,Low Value Customers
14336.0,-0.7017069128441668,0.3863044476016776,0.6350598439650842,1,Recent Regular Customers
14338.0,0.9378824098360496,-0.3615827770984003,-0.1667041546455339,2,Occasional Customers
14339.0,1.2435087462334855,-0.9552142636712972,-0.6757679317426742,3,At-Risk Low Value Customers
14340.0,1.166245732973242,-0.9552142636712972,-1.3336447821783457,3,At-Risk Low Value Customers
14341.0,-0.0015614215275583,1.2468684386726128,0.8686283572575736,5,High Value Customers
14342.0,-0.5519645819744484,0.3863044476016776,-0.0651211640760276,1,Recent Regular Customers
14344.0,0.7621008264266822,1.2468684386726128,0.1618888504140602,5,High Value Customers
14345.0,-0.1058530769181821,-0.9552142636712972,-1.500655215265139,0,Low Value Customers
14346.0,0.7262759025749747,-0.3615827770984003,0.2714168209696418,2,Occasional Customers
14348.0,1.2937675680461596,-0.9552142636712972,-0.4538020165740233,3,At-Risk Low Value Customers
14349.0,-1.0691974256329595,-0.9552142636712972,-1.3407038445557902,0,Low Value Customers
14350.0,1.3327575169453991,-0.9552142636712972,-0.7469124048334508,3,At-Risk Low Value Customers
14351.0,0.9560835379863236,-0.9552142636712972,-2.0959497093962227,3,At-Risk Low Value Customers
14352.0,0.9192262066550354,0.3863044476016776,0.3148050969405758,2,Occasional Customers
14353.0,1.1525534358129637,-0.9552142636712972,-1.645984863858336,3,At-Risk Low Value Customers
14354.0,-1.4064729096883222,-0.3615827770984003,-1.1801088076816606,0,Low Value Customers
14355.0,1.5481066068113414,-0.9552142636712972,-1.1296998016937043,3,At-Risk Low Value Customers
14356.0,0.4206495661775393,-0.3615827770984003,-0.0272601804265003,2,Occasional Customers
14357.0,-0.0347317383159377,-0.9552142636712972,-0.9278415859904914,0,Low Value Customers
14359.0,-0.6230859205766931,0.0596054655268191,0.1814925159747954,1,Recent Regular Customers
14360.0,-0.2494027642928512,0.3863044476016776,0.8504788291686965,5,High Value Customers
14362.0,-0.5187942651860693,-0.9552142636712972,-1.2408857490699254,0,Low Value Customers
14364.0,0.6490128893147309,1.2468684386726128,1.2973712831172235,5,High Value Customers
14367.0,-1.2189397565026774,2.178003940795619,2.019819293922975,4,High Value Loyal Customers
14368.0,1.4481737219634514,-0.9552142636712972,-1.2228522594944362,3,At-Risk Low Value Customers
14371.0,1.3876698300033006,-0.9552142636712972,-1.5644239411701588,3,At-Risk Low Value Customers
14373.0,1.531660558029954,-0.9552142636712972,-1.7783136619805158,3,At-Risk Low Value Customers
14375.0,1.0409714714796316,-0.9552142636712972,-0.8919707286443378,3,At-Risk Low Value Customers
14377.0,1.0646626441082796,-0.3615827770984003,-0.1287402326929949,2,Occasional Customers
14379.0,-0.0179622852134984,-0.3615827770984003,-0.5826973071289364,0,Low Value Customers
14381.0,0.10413950578058,-0.9552142636712972,-1.010903089548116,0,Low Value Customers
14382.0,-0.3991450951625692,-0.9552142636712972,-0.1307487146118962,0,Low Value Customers
14383.0,-0.1247454596417701,0.0596054655268191,0.4301764884492819,2,Occasional Customers
14385.0,-1.1403187642352035,0.0596054655268191,-1.0131302583506163,0,Low Value Customers
14386.0,1.3926948271642658,-0.9552142636712972,-1.289782686945805,3,At-Risk Low Value Customers
14387.0,-0.2271262067959733,0.0596054655268191,0.6886352626267637,5,High Value Customers
14388.0,-1.0691974256329595,1.2468684386726128,1.181489247955847,5,High Value Customers
14389.0,0.2678300793656594,-0.3615827770984003,0.2882421250060485,2,Occasional Customers
14390.0,-1.0691974256329595,1.4011241767997944,1.4739624823847948,4,High Value Loyal Customers
14393.0,1.1628461404940136,-0.9552142636712972,-1.871726959451181,3,At-Risk Low Value Customers
14395.0,-2.038734417842785,1.4011241767997944,1.244930178457974,4,High Value Loyal Customers
14396.0,0.2678300793656594,-0.3615827770984003,-0.3148871370576873,2,Occasional Customers
14397.0,-1.824063391865872,2.41594390599791,1.017298400724105,4,High Value Loyal Customers
14400.0,0.8804533683940834,-0.9552142636712972,-0.1851521148707178,3,At-Risk Low Value Customers
14401.0,-1.6575516078937147,1.8937448980941995,1.36575680807488,4,High Value Loyal Customers
14403.0,0.7793883005555002,0.3863044476016776,0.563523310550212,2,Occasional Customers
14404.0,-0.2054954383991431,0.8789251688960832,0.5491386351263573,5,High Value Customers
14406.0,0.713941584421926,-0.9552142636712972,-1.213986680969379,3,At-Risk Low Value Customers
14407.0,0.6353205921544528,0.8789251688960832,0.8652302829633661,5,High Value Customers
14408.0,-1.0042687305257638,1.0744251947249353,1.013051909619446,5,High Value Customers
14409.0,0.3327587744728552,0.8789251688960832,0.8281994122569658,5,High Value Customers
14410.0,0.5237386278211207,1.4011241767997944,0.330334117621979,5,High Value Customers
14411.0,1.4269530713337628,-0.9552142636712972,0.30297270644672,2,Occasional Customers
14412.0,-0.0347317383159377,-0.3615827770984003,0.0470200610609168,2,Occasional Customers
14413.0,1.539928889257083,-0.9552142636712972,-1.4178984350755015,3,At-Risk Low Value Customers
14414.0,0.5237386278211207,1.0744251947249353,0.5748348089816114,5,High Value Customers
14415.0,-2.341296235524383,1.8937448980941995,1.658403361069989,4,High Value Loyal Customers
14416.0,-0.5187942651860693,-0.3615827770984003,-0.3112710843982864,0,Low Value Customers
14418.0,-1.6575516078937147,0.0596054655268191,0.7796106430620618,1,Recent Regular Customers
14419.0,-1.0042687305257638,0.8789251688960832,0.2945552639106003,1,Recent Regular Customers
14420.0,0.5778915507124864,-0.9552142636712972,-0.4976723994222504,3,At-Risk Low Value Customers
14421.0,0.1714110890244534,-0.3615827770984003,0.0902279742232408,2,Occasional Customers
14422.0,-2.341296235524383,0.8789251688960832,1.406310745538316,1,Recent Regular Customers
14423.0,1.1628461404940136,-0.9552142636712972,-0.79815629639101,3,At-Risk Low Value Customers
14424.0,-0.6613614517492411,-0.9552142636712972,-0.6442556659994837,0,Low Value Customers
14426.0,-0.4565741366045358,1.54066546553549,1.445936720664178,5,High Value Customers
14427.0,0.0754356108856238,-0.3615827770984003,-0.5487393273957356,0,Low Value Customers
14428.0,-1.3068305482073614,0.6532369520997158,0.4149930760874727,1,Recent Regular Customers
14431.0,1.4075699228848029,-0.9552142636712972,-0.3440694579745204,3,At-Risk Low Value Customers
14432.0,-1.0691974256329595,0.8789251688960832,0.8979634285941288,1,Recent Regular Customers
14434.0,-0.5187942651860693,0.8789251688960832,0.5060615418700898,5,High Value Customers
14436.0,0.5778915507124864,-0.9552142636712972,-1.6594595940459314,3,At-Risk Low Value Customers
14437.0,1.5481066068113414,-0.9552142636712972,-1.9309329862473348,3,At-Risk Low Value Customers
14438.0,1.4148977322642486,-0.9552142636712972,-1.3502145345455143,3,At-Risk Low Value Customers
14439.0,1.4481737219634514,-0.9552142636712972,1.0318431552704097,2,Occasional Customers
14440.0,-1.2189397565026774,0.6532369520997158,0.9356288820612988,1,Recent Regular Customers
14441.0,-2.341296235524383,0.3863044476016776,0.6818433687488272,1,Recent Regular Customers
14442.0,1.1171814462747254,-0.3615827770984003,0.6226234236423216,2,Occasional Customers
14443.0,0.1317800456562198,0.3863044476016776,0.5330194651032503,2,Occasional Customers
14446.0,-2.341296235524383,0.3863044476016776,0.2626408246945777,1,Recent Regular Customers
14447.0,-0.6230859205766931,0.6532369520997158,0.3745176830746748,1,Recent Regular Customers
14448.0,-1.1403187642352035,-0.3615827770984003,-0.522964672807502,0,Low Value Customers
14449.0,-0.6230859205766931,0.3863044476016776,0.1581962416642295,1,Recent Regular Customers
14450.0,1.0247488921712042,0.0596054655268191,-0.3226283691495109,2,Occasional Customers
14451.0,0.2090430589164636,-0.3615827770984003,-0.0949437239618137,2,Occasional Customers
14452.0,-1.0042687305257638,-0.3615827770984003,-0.8167322467565945,0,Low Value Customers
14453.0,1.060765981162014,-0.9552142636712972,-1.4252249735335425,3,At-Risk Low Value Customers
14456.0,-1.5215015741842748,1.4011241767997944,1.1315967681722516,4,High Value Loyal Customers
14457.0,1.4269530713337628,-0.9552142636712972,-1.4676754108749233,3,At-Risk Low Value Customers
14459.0,0.9097202276752518,-0.9552142636712972,0.7378023622152097,2,Occasional Customers
14460.0,0.6557659603678762,0.0596054655268191,-0.4072461640620541,2,Occasional Customers
14461.0,0.8754619835057548,0.0596054655268191,0.8448445086977991,2,Occasional Customers
14462.0,0.2790514826837337,1.668056681297832,0.7971772655512641,5,High Value Customers
14463.0,0.5703918970472569,0.0596054655268191,-0.2499546421687681,2,Occasional Customers
14465.0,1.2556424974565452,0.0596054655268191,0.2844132080657678,2,Occasional Customers
14466.0,-0.3205241028950956,1.0744251947249353,0.906362537652238,5,High Value Customers
14467.0,-0.6613614517492411,0.3863044476016776,-0.1559332907685624,1,Recent Regular Customers
14470.0,-0.9445401209818785,-0.3615827770984003,-0.3596827320568796,0,Low Value Customers
14472.0,0.6142992229409651,1.2468684386726128,0.7441514525141928,5,High Value Customers
14473.0,0.3632205247355723,-0.3615827770984003,-0.8960799457164107,0,Low Value Customers
14474.0,0.0144867079241929,-0.9552142636712972,-0.2233846689319918,0,Low Value Customers
14475.0,0.343051479153905,0.0596054655268191,0.193301155458112,2,Occasional Customers
14476.0,1.2851407753342434,-0.9552142636712972,-1.0495999440188135,3,At-Risk Low Value Customers
14477.0,-0.5866782483482139,0.3863044476016776,0.468633390910425,1,Recent Regular Customers
14479.0,1.2764130821748028,-0.3615827770984003,-0.6587275465415455,3,At-Risk Low Value Customers
14480.0,-1.0042687305257638,-0.9552142636712972,-0.7578475143547952,0,Low Value Customers
14481.0,0.9560835379863236,-0.3615827770984003,-0.104103199616687,2,Occasional Customers
14482.0,-0.6613614517492411,0.8789251688960832,0.8139399877665551,5,High Value Customers
14483.0,1.354155664383771,-0.9552142636712972,-1.319712021284732,3,At-Risk Low Value Customers
14484.0,0.0754356108856238,-0.9552142636712972,-0.6446493390961121,0,Low Value Customers
14485.0,-0.1058530769181821,-0.9552142636712972,-1.1840773719786006,0,Low Value Customers
14487.0,-0.3720072223713004,0.8789251688960832,0.3760520975127725,5,High Value Customers
14488.0,0.3010003961540392,-0.9552142636712972,0.3039281950470195,2,Occasional Customers
14489.0,1.1243912536521652,-0.9552142636712972,-0.3559259590766624,3,At-Risk Low Value Customers
14491.0,0.9997339490010838,-0.3615827770984003,-0.5991897923000815,3,At-Risk Low Value Customers
14493.0,-1.3068305482073614,0.6532369520997158,0.9441946739222472,1,Recent Regular Customers
14494.0,-0.3991450951625692,-0.9552142636712972,-1.3056800069557808,0,Low Value Customers
14495.0,0.0899255663351436,-0.3615827770984003,-1.4001905867860964,0,Low Value Customers
14496.0,1.4293409429987136,-0.3615827770984003,-0.2363083026355172,3,At-Risk Low Value Customers
14497.0,1.4221542814287025,-0.9552142636712972,-0.3356670182446776,3,At-Risk Low Value Customers
14498.0,-0.0347317383159377,0.6532369520997158,0.7877974960801235,5,High Value Customers
14499.0,-0.3991450951625692,0.0596054655268191,0.0856560326349106,1,Recent Regular Customers
14500.0,0.4909329380903411,0.0596054655268191,-0.5630234372138759,2,Occasional Customers
14501.0,1.0369487703169469,-0.3615827770984003,-0.8410603243756022,3,At-Risk Low Value Customers
14502.0,-0.5866782483482139,1.668056681297832,0.9595745176238278,5,High Value Customers
14503.0,-1.824063391865872,0.8789251688960832,1.2592635981079083,1,Recent Regular Customers
14504.0,0.030196956791258,0.3863044476016776,-0.0595620345735927,2,Occasional Customers
14505.0,-0.7017069128441668,1.2468684386726128,1.6589269845989796,5,High Value Customers
14506.0,-0.7017069128441668,0.6532369520997158,0.78914773262275,5,High Value Customers
14507.0,-0.4565741366045358,0.8789251688960832,0.503210269590293,5,High Value Customers
14508.0,-0.5187942651860693,-0.3615827770984003,-0.7896929804971939,0,Low Value Customers
14511.0,-1.0042687305257638,0.6532369520997158,0.4717863913588779,1,Recent Regular Customers
14512.0,1.0529110743320027,-0.3615827770984003,-0.7686187066972019,3,At-Risk Low Value Customers
14513.0,0.5926684545441344,0.0596054655268191,-0.3693706429356067,2,Occasional Customers
14514.0,0.2211768101395232,0.0596054655268191,0.2466469163614811,2,Occasional Customers
14515.0,-0.6613614517492411,0.8789251688960832,0.8348978132977273,5,High Value Customers
14517.0,-0.2271262067959733,-0.3615827770984003,-0.6239289210147336,0,Low Value Customers
14518.0,0.2564373503073006,-0.9552142636712972,-1.1298357416343217,0,Low Value Customers
14520.0,-2.038734417842785,-0.3615827770984003,-0.7821961885839605,1,Recent Regular Customers
14522.0,-0.4565741366045358,0.3863044476016776,0.2339907478606772,1,Recent Regular Customers
14523.0,0.642198145526434,-0.9552142636712972,-0.8736064169593207,3,At-Risk Low Value Customers
14524.0,-0.2494027642928512,1.4011241767997944,0.7403523961946575,5,High Value Customers
14525.0,-0.5866782483482139,1.4011241767997944,1.3973640934430798,5,High Value Customers
14527.0,-1.824063391865872,3.9233843564904327,1.9552007763423616,4,High Value Loyal Customers
14528.0,-0.1441286080907301,-0.9552142636712972,-0.5468221154295233,0,Low Value Customers
14529.0,0.2090430589164636,0.0596054655268191,-0.179772785383309,2,Occasional Customers
14530.0,-0.3991450951625692,0.8789251688960832,1.0896520924032425,5,High Value Customers
14532.0,1.2217880243366328,0.3863044476016776,0.1992807535423914,2,Occasional Customers
14533.0,-0.4273072773233673,1.0744251947249353,0.7847072555239948,5,High Value Customers
14534.0,-1.824063391865872,2.340846655976633,1.4308363024761614,4,High Value Loyal Customers
14535.0,0.2090430589164636,0.0596054655268191,1.0876315563317516,5,High Value Customers
14536.0,1.2937675680461596,-0.9552142636712972,-1.1454873370652312,3,At-Risk Low Value Customers
14537.0,0.1841671134665053,-0.9552142636712972,-0.5658934968451407,0,Low Value Customers
14538.0,0.2678300793656594,-0.3615827770984003,-0.496180566926568,0,Low Value Customers
14539.0,-0.7443590504544844,-0.3615827770984003,-0.2382687922520137,0,Low Value Customers
14540.0,-1.0691974256329595,0.0596054655268191,0.2159631878756717,1,Recent Regular Customers
14541.0,0.196708740763415,1.2468684386726128,0.5513438798334911,5,High Value Customers
14542.0,1.0449726030954505,-0.9552142636712972,-1.543178440211287,3,At-Risk Low Value Customers
14543.0,-0.3205241028950956,2.178003940795619,1.2718260227094744,5,High Value Customers
14544.0,-0.4565741366045358,-0.3615827770984003,0.8066378737032923,1,Recent Regular Customers
14546.0,-1.5215015741842748,0.6532369520997158,1.0053425484377314,1,Recent Regular Customers
14547.0,-1.6575516078937147,1.2468684386726128,1.350565090454725,4,High Value Loyal Customers
14548.0,0.8903370792262918,-0.3615827770984003,-0.0840510067793801,2,Occasional Customers
14549.0,1.4269530713337628,-0.9552142636712972,-0.7294439452315621,3,At-Risk Low Value Customers
14550.0,-1.0042687305257638,-0.3615827770984003,0.0338626391113881,1,Recent Regular Customers
14551.0,-0.6613614517492411,-0.3615827770984003,-1.0778289458148596,0,Low Value Customers
14552.0,0.895230272225732,-0.9552142636712972,-1.1772174842855188,3,At-Risk Low Value Customers
14553.0,-0.6230859205766931,0.6532369520997158,0.1340578354100849,1,Recent Regular Customers
14554.0,-1.0691974256329595,0.3863044476016776,0.9088371792729116,1,Recent Regular Customers
14555.0,0.1714110890244534,-0.3615827770984003,-0.6680760561877149,0,Low Value Customers
14557.0,0.4653461139941349,-0.9552142636712972,0.0657124852301507,2,Occasional Customers
14560.0,-1.3068305482073614,2.6205659263872656,0.894163548982984,4,High Value Loyal Customers
14561.0,0.3828587438616125,0.0596054655268191,0.316128589267272,2,Occasional Customers
14562.0,-1.6575516078937147,2.340846655976633,1.5339701654730915,4,High Value Loyal Customers
14565.0,0.5551626080798789,0.3863044476016776,1.152858660789551,5,High Value Customers
14566.0,0.6624584649457211,-0.9552142636712972,0.5395907204396035,2,Occasional Customers
14567.0,0.1714110890244534,-0.3615827770984003,0.5923495674829613,2,Occasional Customers
14569.0,-2.341296235524383,-0.9552142636712972,-0.9199031620478636,0,Low Value Customers
14570.0,1.3515142129228124,-0.3615827770984003,-0.9530504764485224,3,At-Risk Low Value Customers
14572.0,-1.824063391865872,1.0744251947249353,1.0735092583942605,1,Recent Regular Customers
14573.0,1.02063753599374,1.4011241767997944,0.6472174678905401,5,High Value Customers
14576.0,1.5602075626728675,-0.9552142636712972,-2.379409112871772,3,At-Risk Low Value Customers
14577.0,-0.8892400660298114,0.3863044476016776,0.1344642086724694,1,Recent Regular Customers
14578.0,-1.824063391865872,-0.9552142636712972,-1.156283029217274,0,Low Value Customers
14581.0,-0.7017069128441668,-0.9552142636712972,-1.3111264763428898,0,Low Value Customers
14582.0,-0.0694454046897029,-0.9552142636712972,-1.464423855110757,0,Low Value Customers
14583.0,-1.4064729096883222,0.6532369520997158,0.2440448836260276,1,Recent Regular Customers
14584.0,0.973851264493206,0.3863044476016776,0.2802891243418673,2,Occasional Customers
14585.0,0.0754356108856238,-0.9552142636712972,-1.2124767485058578,0,Low Value Customers
14586.0,1.3408538993577666,-0.9552142636712972,-0.8859464869387252,3,At-Risk Low Value Customers
14587.0,-0.6230859205766931,1.4011241767997944,0.6178481943375146,5,High Value Customers
14589.0,1.5602075626728675,-0.9552142636712972,-2.2896946525170114,3,At-Risk Low Value Customers
14591.0,-0.7895977045488505,0.3863044476016776,0.4750412280726735,1,Recent Regular Customers
14592.0,-0.1844740691856557,0.0596054655268191,-0.208631989640457,2,Occasional Customers
14593.0,-0.5187942651860693,0.0596054655268191,-0.1286116568073285,1,Recent Regular Customers
14594.0,-1.3068305482073614,-0.3615827770984003,-0.5487611404948785,0,Low Value Customers
14595.0,-0.5866782483482139,0.8789251688960832,0.6945896781929772,5,High Value Customers
14597.0,-1.0042687305257638,-0.3615827770984003,0.1404708588535834,1,Recent Regular Customers
14598.0,-0.0179622852134984,-0.9552142636712972,-0.9389904997078314,0,Low Value Customers
14600.0,1.4148977322642486,-0.9552142636712972,-0.4858758820069802,3,At-Risk Low Value Customers
14601.0,-1.0042687305257638,-0.9552142636712972,-0.968065820781606,0,Low Value Customers
14603.0,1.3354660834710603,-0.9552142636712972,-0.0753468760511069,3,At-Risk Low Value Customers
14606.0,-2.341296235524383,4.681692090595079,2.233588321292406,4,High Value Loyal Customers
14607.0,-0.7443590504544844,1.9947556633726904,2.4675115611829272,4,High Value Loyal Customers
14608.0,-1.6575516078937147,0.3863044476016776,0.7146630929940656,1,Recent Regular Customers
14609.0,0.343051479153905,0.3863044476016776,-0.1489120985917925,2,Occasional Customers
14616.0,1.2435087462334855,0.0596054655268191,-0.4605863765934288,2,Occasional Customers
14618.0,-1.1403187642352035,0.0596054655268191,-0.2150561995919829,1,Recent Regular Customers
14619.0,1.252627506451775,-0.9552142636712972,-0.4836419451426965,3,At-Risk Low Value Customers
14620.0,1.120795057494147,-0.3615827770984003,-0.4476126835920456,3,At-Risk Low Value Customers
14621.0,-2.341296235524383,0.6532369520997158,0.7160900648739279,1,Recent Regular Customers
14622.0,1.0409714714796316,-0.9552142636712972,-0.6479540293932138,3,At-Risk Low Value Customers
14623.0,-0.2494027642928512,0.6532369520997158,0.1590023897105995,5,High Value Customers
14624.0,0.1714110890244534,-0.3615827770984003,-0.925280040581376,0,Low Value Customers
14625.0,1.0838464579070546,-0.3615827770984003,0.1704946828054239,2,Occasional Customers
14626.0,-0.4565741366045358,0.3863044476016776,1.069741336899555,5,High Value Customers
14628.0,0.5156714221309526,-0.3615827770984003,-0.061095779815651,2,Occasional Customers
14629.0,-1.6575516078937147,-0.3615827770984003,0.2181269359908587,1,Recent Regular Customers
14631.0,0.0899255663351436,0.0596054655268191,0.2599882277225957,2,Occasional Customers
14632.0,1.302295766682681,-0.9552142636712972,-1.461323080410191,3,At-Risk Low Value Customers
14633.0,1.3107275994304497,-0.9552142636712972,-0.5900157132401841,3,At-Risk Low Value Customers
14636.0,-0.164028700972232,-0.3615827770984003,-0.1380527948489335,0,Low Value Customers
14638.0,0.0899255663351436,-0.9552142636712972,-0.3905190036479752,0,Low Value Customers
14639.0,0.10413950578058,0.8789251688960832,1.1229157642720875,5,High Value Customers
14640.0,-0.4565741366045358,0.8789251688960832,0.8464745493436449,5,High Value Customers
14641.0,-0.5187942651860693,-0.9552142636712972,-1.4900318926111242,0,Low Value Customers
14642.0,0.196708740763415,-0.9552142636712972,-1.5994805424732494,0,Low Value Customers
14643.0,0.978227870930976,-0.3615827770984003,-0.035702220529225,2,Occasional Customers
14644.0,0.3010003961540392,-0.3615827770984003,0.1072736448433329,2,Occasional Customers
14645.0,0.9192262066550354,-0.3615827770984003,-0.154829640840942,2,Occasional Customers
14646.0,-2.038734417842785,4.331441790106489,4.732381365127266,4,High Value Loyal Customers
14647.0,1.1025494233790782,-0.9552142636712972,-0.8903597938747045,3,At-Risk Low Value Customers
14649.0,-1.5215015741842748,0.3863044476016776,0.5231105278590855,1,Recent Regular Customers
14651.0,0.2901066368625376,-0.3615827770984003,-0.0828970710446603,2,Occasional Customers
14652.0,0.3924873840167408,-0.9552142636712972,-1.463940717067045,3,At-Risk Low Value Customers
14653.0,-2.341296235524383,1.0744251947249353,0.7752524687091079,1,Recent Regular Customers
14655.0,-1.2189397565026774,0.3863044476016776,0.7775496562948797,1,Recent Regular Customers
14656.0,0.973851264493206,-0.3615827770984003,-0.7245032404485912,3,At-Risk Low Value Customers
14657.0,-0.6613614517492411,0.3863044476016776,0.1237835878736503,1,Recent Regular Customers
14658.0,-1.5215015741842748,-0.3615827770984003,-0.8539576969010978,0,Low Value Customers
14659.0,-1.1403187642352035,1.4011241767997944,0.9916450018024688,5,High Value Customers
14660.0,0.4825011053425735,-0.3615827770984003,-0.7390858064223609,0,Low Value Customers
14661.0,-0.3720072223713004,-0.9552142636712972,-1.5081331800350288,0,Low Value Customers
14662.0,-0.3205241028950956,0.3863044476016776,0.0169161692752621,1,Recent Regular Customers
14664.0,-0.5866782483482139,-0.3615827770984003,-0.1044398561235346,0,Low Value Customers
14665.0,0.2211768101395232,0.6532369520997158,0.7368423634285367,5,High Value Customers
14666.0,-0.4565741366045358,-0.9552142636712972,-1.0404357836302829,0,Low Value Customers
14667.0,-1.0042687305257638,2.8000649690066,2.015261167977333,4,High Value Loyal Customers
14669.0,1.240444227517647,0.0596054655268191,0.4374936858351437,2,Occasional Customers
14670.0,1.3488633779556125,-0.3615827770984003,-0.4868236788367525,3,At-Risk Low Value Customers
14672.0,1.2186328007835272,-0.3615827770984003,0.0423889010713191,2,Occasional Customers
14673.0,-1.824063391865872,0.6532369520997158,0.692670817990988,1,Recent Regular Customers
14675.0,-0.7443590504544844,-0.9552142636712972,-0.1558002396645417,0,Low Value Customers
14676.0,-0.2723648608903394,0.8789251688960832,0.997373756708663,5,High Value Customers
14680.0,-0.4273072773233673,2.178003940795619,2.923014669922523,4,High Value Loyal Customers
14681.0,0.3327587744728552,0.0596054655268191,-0.2972711632802096,2,Occasional Customers
14682.0,1.0529110743320027,-0.3615827770984003,-2.0808115841215566,3,At-Risk Low Value Customers
14684.0,-0.3991450951625692,0.6532369520997158,0.4002280051052388,5,High Value Customers
14687.0,0.6353205921544528,-0.9552142636712972,-0.114303333262429,2,Occasional Customers
14688.0,-1.2189397565026774,2.555485194733606,1.6199723947306173,4,High Value Loyal Customers
14689.0,1.131532066599476,-0.9552142636712972,-1.4735200453414166,3,At-Risk Low Value Customers
14690.0,-0.0179622852134984,-0.3615827770984003,-0.5670310366451984,0,Low Value Customers
14691.0,-0.2723648608903394,0.6532369520997158,0.8490899568600637,5,High Value Customers
14692.0,0.8182332398125501,0.3863044476016776,-0.1622253648002664,2,Occasional Customers
14693.0,1.307927561403842,-0.9552142636712972,-1.136525445262178,3,At-Risk Low Value Customers
14696.0,-1.6575516078937147,1.0744251947249353,0.8356853081902422,1,Recent Regular Customers
14697.0,1.1628461404940136,-0.3615827770984003,-1.0677903261756518,3,At-Risk Low Value Customers
14698.0,-2.038734417842785,0.6532369520997158,0.4105759781601946,1,Recent Regular Customers
14699.0,1.1490907416248033,-0.9552142636712972,-1.499572037303307,3,At-Risk Low Value Customers
14700.0,-0.2494027642928512,0.0596054655268191,0.8788701713074548,5,High Value Customers
14701.0,-1.0042687305257638,1.4011241767997944,0.9904383025925104,5,High Value Customers
14702.0,-2.341296235524383,2.2616881678707283,1.1910630173916965,4,High Value Loyal Customers
14703.0,-0.7895977045488505,-0.9552142636712972,-0.6539323436232443,0,Low Value Customers
14704.0,-1.0042687305257638,1.4011241767997944,0.5732309826381401,5,High Value Customers
14705.0,1.0951243943709967,-0.9552142636712972,-1.1091260769729054,3,At-Risk Low Value Customers
14708.0,-1.824063391865872,0.0596054655268191,0.348949360419531,1,Recent Regular Customers
14709.0,-0.7895977045488505,1.8937448980941995,1.5202471062081568,4,High Value Loyal Customers
14710.0,-0.8377569465536066,0.3863044476016776,-0.1516601949910341,1,Recent Regular Customers
14711.0,-1.0691974256329595,1.668056681297832,1.0833847848081135,4,High Value Loyal Customers
14712.0,-0.3205241028950956,0.0596054655268191,0.1857368593955114,2,Occasional Customers
14713.0,-1.1403187642352035,1.668056681297832,1.032129681249082,4,High Value Loyal Customers
14714.0,-0.4565741366045358,-0.9552142636712972,-1.1968425862627086,0,Low Value Customers
14715.0,-0.4273072773233673,0.3863044476016776,0.141514854122727,1,Recent Regular Customers
14716.0,-0.0347317383159377,-0.3615827770984003,-0.6809289351981154,0,Low Value Customers
14719.0,-2.038734417842785,0.6532369520997158,0.6186268145568256,1,Recent Regular Customers
14720.0,-1.4064729096883222,0.0596054655268191,-0.0707792226296523,1,Recent Regular Customers
14722.0,0.8704369863447896,-0.9552142636712972,-1.1028811601204238,3,At-Risk Low Value Customers
14723.0,-1.0691974256329595,0.8789251688960832,0.3461175140072801,1,Recent Regular Customers
14725.0,-0.4273072773233673,-0.9552142636712972,-0.0806789377659748,0,Low Value Customers
14727.0,1.3327575169453991,-0.9552142636712972,-0.7881289913538111,3,At-Risk Low Value Customers
14729.0,1.5641979960247516,-0.9552142636712972,-0.6656717387314226,3,At-Risk Low Value Customers
14730.0,-2.341296235524383,1.2468684386726128,0.7631720749635506,1,Recent Regular Customers
14731.0,0.030196956791258,0.0596054655268191,-0.5131638497373131,2,Occasional Customers
14732.0,-1.2189397565026774,1.2468684386726128,1.0440626136403723,5,High Value Customers
14733.0,-0.7443590504544844,1.7852452398084837,2.0500725291957926,4,High Value Loyal Customers
14735.0,-1.6575516078937147,3.1491166813065026,1.686416747023174,4,High Value Loyal Customers
14737.0,-1.6575516078937147,0.0596054655268191,0.3754182320321221,1,Recent Regular Customers
14738.0,-0.0347317383159377,1.0744251947249353,0.4715689275438923,5,High Value Customers
14739.0,-1.6575516078937147,1.0744251947249353,1.3359451360681316,4,High Value Loyal Customers
14740.0,1.087624740705768,0.0596054655268191,0.548530158841653,2,Occasional Customers
14741.0,-0.9445401209818785,0.8789251688960832,0.5218355317874832,1,Recent Regular Customers
14744.0,-0.7443590504544844,1.0744251947249353,0.3301248126019978,5,High Value Customers
14745.0,0.6756660532493783,0.6532369520997158,0.4125240882937838,2,Occasional Customers
14747.0,1.2616361783431542,-0.9552142636712972,-0.6293422076131938,3,At-Risk Low Value Customers
14748.0,-0.3205241028950956,0.6532369520997158,0.5305271446006721,5,High Value Customers
14752.0,-0.0179622852134984,-0.9552142636712972,-0.493347673926727,0,Low Value Customers
14753.0,0.4825011053425735,-0.9552142636712972,-0.2012584750959444,2,Occasional Customers
14754.0,-0.0015614215275583,-0.3615827770984003,-0.1021857323343517,2,Occasional Customers
14755.0,-1.0691974256329595,1.668056681297832,1.5345270034579477,4,High Value Loyal Customers
14756.0,-0.7895977045488505,-0.9552142636712972,0.0143320010034206,0,Low Value Customers
14757.0,0.3731042355677808,-0.9552142636712972,-0.4329218700375453,0,Low Value Customers
14758.0,0.8602843228124161,0.3863044476016776,0.5679505941404125,2,Occasional Customers
14759.0,-1.5215015741842748,0.0596054655268191,0.6404807789095951,1,Recent Regular Customers
14760.0,1.3926948271642658,-0.9552142636712972,-1.6582251340544696,3,At-Risk Low Value Customers
14761.0,0.196708740763415,-0.3615827770984003,-0.8264176041765023,0,Low Value Customers
14762.0,1.305116977069759,-0.9552142636712972,-0.6991424286319402,3,At-Risk Low Value Customers
14764.0,0.030196956791258,-0.9552142636712972,-0.7599787238582487,0,Low Value Customers
14765.0,-0.3205241028950956,0.0596054655268191,-0.8319744023085742,0,Low Value Customers
14766.0,-1.2189397565026774,0.8789251688960832,0.9736833597600708,1,Recent Regular Customers
14768.0,-0.7017069128441668,-0.3615827770984003,-1.0512402491368706,0,Low Value Customers
14769.0,-1.824063391865872,1.2468684386726128,2.1161418329068225,4,High Value Loyal Customers
14770.0,1.2090862834765006,-0.3615827770984003,0.1497453515939463,2,Occasional Customers
14772.0,0.6690914798070661,-0.9552142636712972,-1.3073780224459173,3,At-Risk Low Value Customers
14775.0,0.1841671134665053,0.0596054655268191,0.2638578956487384,2,Occasional Customers
14776.0,0.0899255663351436,1.668056681297832,0.9942688968193328,5,High Value Customers
14778.0,0.7621008264266822,-0.3615827770984003,0.0055845208415712,2,Occasional Customers
14779.0,1.3515142129228124,0.0596054655268191,-0.5004797217947095,2,Occasional Customers
14780.0,0.1452256212872108,-0.3615827770984003,-0.3832592173725333,0,Low Value Customers
14782.0,1.4481737219634514,-0.9552142636712972,-1.0210341476028877,3,At-Risk Low Value Customers
14784.0,-0.3991450951625692,-0.3615827770984003,-0.7273929637216904,0,Low Value Customers
14785.0,-1.0691974256329595,-0.3615827770984003,-1.7696503069963698,0,Low Value Customers
14788.0,-1.3068305482073614,-0.3615827770984003,-0.052311056032638,1,Recent Regular Customers
14789.0,-0.3205241028950956,-0.9552142636712972,-1.0308157779010347,0,Low Value Customers
14790.0,-0.7017069128441668,0.3863044476016776,0.020856630913905,1,Recent Regular Customers
14792.0,0.2564373503073006,-0.9552142636712972,-3.6672553671978334,3,At-Risk Low Value Customers
14793.0,-0.5519645819744484,-0.9552142636712972,-0.9143550611692122,0,Low Value Customers
14794.0,-1.824063391865872,1.0744251947249353,0.4748607531015932,1,Recent Regular Customers
14795.0,0.9605652887470136,-0.9552142636712972,-1.3529100517058708,3,At-Risk Low Value Customers
14796.0,-2.341296235524383,2.2616881678707283,1.903922005037938,4,High Value Loyal Customers
14798.0,0.1180877484959417,0.0596054655268191,-1.132695864997619,0,Low Value Customers
14799.0,0.0899255663351436,-0.9552142636712972,-1.2092150365498595,0,Low Value Customers
14800.0,0.0455832598062495,1.7852452398084837,1.4189102820943007,5,High Value Customers
14801.0,0.2211768101395232,-0.9552142636712972,-1.0647364937051371,0,Low Value Customers
14803.0,0.9424744813034064,0.0596054655268191,0.1212809792587149,2,Occasional Customers
14804.0,-1.1403187642352035,-0.9552142636712972,-0.5710140808949868,0,Low Value Customers
14805.0,-0.7895977045488505,0.3863044476016776,-0.2252118629743607,1,Recent Regular Customers
14806.0,0.3731042355677808,-0.9552142636712972,-1.0480038995906635,0,Low Value Customers
14808.0,-0.0874272207859269,1.2468684386726128,1.048784312322255,5,High Value Customers
14810.0,-0.0694454046897029,1.668056681297832,0.8381193096096576,5,High Value Customers
14813.0,1.5561956752751516,-0.3615827770984003,-1.233726460392587,3,At-Risk Low Value Customers
14815.0,-0.1441286080907301,-0.3615827770984003,0.0557027815303078,2,Occasional Customers
14816.0,1.087624740705768,-0.9552142636712972,-0.7785469602620553,3,At-Risk Low Value Customers
14817.0,1.0988461440238422,-0.3615827770984003,0.3375680735927305,2,Occasional Customers
14818.0,0.3632205247355723,0.0596054655268191,-0.0779963717686901,2,Occasional Customers
14819.0,0.2564373503073006,-0.3615827770984003,-0.7779064265943757,0,Low Value Customers
14820.0,-0.5519645819744484,0.3863044476016776,-0.2841231451029486,1,Recent Regular Customers
14821.0,1.5501371094479746,-0.9552142636712972,-2.130304775590284,3,At-Risk Low Value Customers
14823.0,1.02063753599374,0.0596054655268191,-0.6458561774726271,2,Occasional Customers
14824.0,-1.0691974256329595,0.3863044476016776,0.349893418288906,1,Recent Regular Customers
14825.0,-1.6575516078937147,1.7852452398084837,0.888191635383467,4,High Value Loyal Customers
14828.0,1.087624740705768,0.0596054655268191,0.8585870126269713,2,Occasional Customers
14829.0,-0.3205241028950956,0.3863044476016776,-0.0314358598384079,1,Recent Regular Customers
14830.0,0.1180877484959417,-0.9552142636712972,-1.0666594585688636,0,Low Value Customers
14834.0,-0.6613614517492411,0.8789251688960832,0.6852719652813503,5,High Value Customers
14836.0,-1.0691974256329595,0.0596054655268191,-1.5493005892932856,0,Low Value Customers
14837.0,0.5075160485126933,0.3863044476016776,0.6518921788525054,2,Occasional Customers
14840.0,1.3162963510849115,-0.9552142636712972,-1.9327978151379568,3,At-Risk Low Value Customers
14841.0,0.1180877484959417,0.8789251688960832,1.201733886462597,5,High Value Customers
14842.0,-0.0179622852134984,0.3863044476016776,1.079196764829063,5,High Value Customers
14844.0,0.2564373503073006,0.3863044476016776,1.1757738211003743,5,High Value Customers
14847.0,0.8804533683940834,-0.9552142636712972,-0.6760751124000715,3,At-Risk Low Value Customers
14849.0,-0.5187942651860693,2.8000649690066,1.899430801748052,4,High Value Loyal Customers
14850.0,1.4293409429987136,-0.9552142636712972,-0.6352789148192185,3,At-Risk Low Value Customers
14851.0,-0.4870358868672529,-0.3615827770984003,-0.2778004243353338,0,Low Value Customers
14852.0,0.1841671134665053,0.8789251688960832,1.0825646281343717,5,High Value Customers
14853.0,-0.4565741366045358,-0.3615827770984003,-0.3349499732922826,0,Low Value Customers
14854.0,0.4019933629965244,1.0744251947249353,1.0550220902997904,5,High Value Customers
14855.0,0.713941584421926,-0.3615827770984003,-0.0927900728304417,2,Occasional Customers
14856.0,-0.164028700972232,0.0596054655268191,0.4569846833772215,2,Occasional Customers
14857.0,0.2090430589164636,-0.3615827770984003,0.3812402885981616,2,Occasional Customers
14859.0,-0.8892400660298114,0.3863044476016776,0.4949583486285456,1,Recent Regular Customers
14860.0,-0.6230859205766931,-0.9552142636712972,-1.148404451389888,0,Low Value Customers
14861.0,0.10413950578058,-0.9552142636712972,-1.3876182206162957,0,Low Value Customers
14862.0,-0.3991450951625692,-0.3615827770984003,0.1171867409428605,0,Low Value Customers
14863.0,-0.3205241028950956,-0.9552142636712972,-0.7935125833727549,0,Low Value Customers
14865.0,-1.3068305482073614,-0.3615827770984003,-2.0778182564865486,0,Low Value Customers
14866.0,-1.0042687305257638,1.7852452398084837,2.372888821367023,4,High Value Loyal Customers
14867.0,1.0449726030954505,0.0596054655268191,-0.0170835526228792,2,Occasional Customers
14868.0,-1.824063391865872,1.2468684386726128,1.114647423532344,4,High Value Loyal Customers
14869.0,-1.1403187642352035,-0.3615827770984003,-0.0047000685369326,1,Recent Regular Customers
14870.0,1.2994638495891662,-0.9552142636712972,-0.6316389349556657,3,At-Risk Low Value Customers
14871.0,-1.824063391865872,0.3863044476016776,-0.2935759665252218,1,Recent Regular Customers
14873.0,1.135077010361545,-0.9552142636712972,-0.2649833251964379,3,At-Risk Low Value Customers
14875.0,0.642198145526434,-0.3615827770984003,0.5578580988356825,2,Occasional Customers
14878.0,-0.8892400660298114,1.4011241767997944,0.5636739749017371,5,High Value Customers
14880.0,0.3924873840167408,0.0596054655268191,-0.0393938352213183,2,Occasional Customers
14881.0,-0.5866782483482139,-0.9552142636712972,-0.82796587575049,0,Low Value Customers
14882.0,-0.3720072223713004,-0.3615827770984003,-0.1647104645864652,0,Low Value Customers
14883.0,-0.6230859205766931,0.8789251688960832,0.0382726944142603,1,Recent Regular Customers
14885.0,0.7906947177453308,-0.9552142636712972,0.0421504107397028,2,Occasional Customers
14886.0,1.273481018447474,-0.9552142636712972,-0.5455610225064539,3,At-Risk Low Value Customers
14887.0,0.4113797667403285,-0.9552142636712972,0.7481414885378831,2,Occasional Customers
14888.0,1.1243912536521652,-0.9552142636712972,-0.5360587321034916,3,At-Risk Low Value Customers
14889.0,1.4844706888644472,-0.9552142636712972,-1.326647869359035,3,At-Risk Low Value Customers
14890.0,1.2764130821748028,-0.9552142636712972,-1.3884962340946465,3,At-Risk Low Value Customers
14891.0,0.8754619835057548,-0.3615827770984003,-0.2137099559248062,2,Occasional Customers
14893.0,-1.0691974256329595,-0.3615827770984003,0.4238890238397701,1,Recent Regular Customers
14894.0,0.4653461139941349,-0.9552142636712972,-0.0804731955932666,2,Occasional Customers
14895.0,-1.2189397565026774,2.487376384667096,2.1693751018246368,4,High Value Loyal Customers
14896.0,1.1171814462747254,-0.3615827770984003,-0.3467547788183362,2,Occasional Customers
14897.0,-1.2189397565026774,0.3863044476016776,0.5023389405201265,1,Recent Regular Customers
14898.0,-0.4870358868672529,0.8789251688960832,0.4438187524392387,5,High Value Customers
14901.0,-1.0042687305257638,1.4011241767997944,0.5336287537374849,5,High Value Customers
14902.0,-0.3991450951625692,-0.9552142636712972,-0.6186475259253384,0,Low Value Customers
14903.0,-0.5519645819744484,0.6532369520997158,1.0708960426973442,5,High Value Customers
14904.0,-2.038734417842785,-0.3615827770984003,0.2744110835560993,1,Recent Regular Customers
14905.0,0.9239341671206882,-0.3615827770984003,-0.1298983527049562,2,Occasional Customers
14907.0,-1.824063391865872,1.0744251947249353,1.249753407530544,1,Recent Regular Customers
14908.0,0.3632205247355723,-0.9552142636712972,-0.761402711961085,0,Low Value Customers
14910.0,-1.824063391865872,0.3863044476016776,-0.4072279089414581,1,Recent Regular Customers
14911.0,-2.341296235524383,5.801670110198668,4.20172890123101,4,High Value Loyal Customers
14912.0,-0.7017069128441668,-0.3615827770984003,0.1419448742771918,1,Recent Regular Customers
14913.0,-0.164028700972232,0.3863044476016776,0.4171762792141237,5,High Value Customers
14915.0,0.5156714221309526,-0.3615827770984003,-0.6810062195185936,2,Occasional Customers
14916.0,0.3327587744728552,0.3863044476016776,0.4436122720041912,2,Occasional Customers
14918.0,0.6950492016983384,-0.3615827770984003,0.6327153533947684,2,Occasional Customers
14920.0,1.1456119042818538,-0.3615827770984003,0.2366177336673991,2,Occasional Customers
14921.0,-0.2960560335189878,-0.3615827770984003,0.4725470464486513,2,Occasional Customers
14923.0,0.0899255663351436,-0.9552142636712972,0.0251485610492269,0,Low Value Customers
14924.0,1.252627506451775,-0.9552142636712972,-0.6744126356302744,3,At-Risk Low Value Customers
14929.0,-0.2494027642928512,-0.9552142636712972,-0.9322117174414036,0,Low Value Customers
14930.0,0.6490128893147309,0.0596054655268191,0.9374059233769684,2,Occasional Customers
14931.0,-1.5215015741842748,0.6532369520997158,0.4365093154440941,1,Recent Regular Customers
14932.0,1.5481066068113414,-0.9552142636712972,-0.5483249922263411,3,At-Risk Low Value Customers
14934.0,0.4388506943278125,-0.3615827770984003,0.7603919482715207,2,Occasional Customers
14935.0,1.3926948271642658,-0.9552142636712972,0.714467295777658,2,Occasional Customers
14936.0,-0.2054954383991431,1.2468684386726128,1.9198550542664672,5,High Value Customers
14937.0,0.1714110890244534,0.0596054655268191,0.6384804174248202,2,Occasional Customers
14944.0,-0.2960560335189878,1.7852452398084837,1.6644433578964255,5,High Value Customers
14946.0,-0.8377569465536066,-0.9552142636712972,-1.5612981650754556,0,Low Value Customers
14947.0,0.343051479153905,-0.3615827770984003,-0.7251293638849571,0,Low Value Customers
14948.0,-0.4870358868672529,0.8789251688960832,0.3315599706132483,5,High Value Customers
14950.0,-0.6230859205766931,-0.9552142636712972,-0.531776784527295,0,Low Value Customers
14951.0,0.4113797667403285,-0.9552142636712972,-0.6702334706529395,0,Low Value Customers
14952.0,0.2090430589164636,1.668056681297832,1.9161815425999384,5,High Value Customers
14953.0,-0.4273072773233673,-0.9552142636712972,-0.7392798418546205,0,Low Value Customers
14954.0,-0.9445401209818785,-0.9552142636712972,-0.7142293614247252,0,Low Value Customers
14957.0,1.273481018447474,-0.9552142636712972,-1.9890075842932664,3,At-Risk Low Value Customers
14958.0,0.8704369863447896,0.0596054655268191,-0.3218410066569201,2,Occasional Customers
14959.0,0.2564373503073006,0.3863044476016776,-0.033862823847482,2,Occasional Customers
14960.0,-1.2189397565026774,-0.3615827770984003,-0.9414894204770996,0,Low Value Customers
14961.0,-1.0042687305257638,1.4011241767997944,1.80530918936045,4,High Value Loyal Customers
14962.0,1.3245723241795595,-0.9552142636712972,-1.381934656227555,3,At-Risk Low Value Customers
14963.0,-1.0691974256329595,0.6532369520997158,0.5616537745186195,1,Recent Regular Customers
14964.0,1.2556424974565452,-0.9552142636712972,-0.9972475746162196,3,At-Risk Low Value Customers
14965.0,0.5551626080798789,-0.3615827770984003,-0.1561595287791945,2,Occasional Customers
14966.0,-0.7895977045488505,-0.9552142636712972,-1.0915724556033852,0,Low Value Customers
14967.0,0.0754356108856238,-0.9552142636712972,-0.3552075071239495,0,Low Value Customers
14968.0,-0.2960560335189878,-0.9552142636712972,-1.2615278122751177,0,Low Value Customers
14970.0,0.3010003961540392,0.3863044476016776,0.6237416755866597,2,Occasional Customers
14971.0,-0.1844740691856557,0.0596054655268191,0.3286798267540556,2,Occasional Customers
14972.0,0.7679079316757323,-0.9552142636712972,-1.4598801821191412,3,At-Risk Low Value Customers
14973.0,0.6353205921544528,0.0596054655268191,0.4715689275438923,2,Occasional Customers
14974.0,-0.1441286080907301,-0.9552142636712972,-1.6517317956768849,0,Low Value Customers
14975.0,0.1714110890244534,-0.9552142636712972,-0.7553258718629523,0,Low Value Customers
14976.0,0.1714110890244534,1.0744251947249353,0.068205371742038,5,High Value Customers
14978.0,0.343051479153905,0.6532369520997158,0.7730726545357403,5,High Value Customers
14981.0,1.252627506451775,-0.9552142636712972,-1.5518397800160468,3,At-Risk Low Value Customers
14984.0,-0.6230859205766931,-0.3615827770984003,-1.0121135825459142,0,Low Value Customers
14985.0,1.0913839892534942,-0.3615827770984003,-0.7218951690358064,3,At-Risk Low Value Customers
14987.0,-0.7443590504544844,-0.3615827770984003,-0.6336995428833238,0,Low Value Customers
14988.0,1.1421167725593575,-0.9552142636712972,-0.6141822189317762,3,At-Risk Low Value Customers
14995.0,-0.1058530769181821,-0.3615827770984003,-0.9040897376908807,0,Low Value Customers
14997.0,0.0144867079241929,0.0596054655268191,-0.2255022804990869,2,Occasional Customers
14998.0,0.978227870930976,-0.3615827770984003,-0.4436086238367743,2,Occasional Customers
15000.0,0.0455832598062495,-0.9552142636712972,-0.3107858731080637,0,Low Value Customers
15002.0,0.6950492016983384,0.3863044476016776,0.6481565475667942,2,Occasional Customers
15004.0,0.8704369863447896,-0.9552142636712972,0.4128558984272228,2,Occasional Customers
15005.0,-0.7443590504544844,2.959940965055545,1.7159489222691338,4,High Value Loyal Customers
15006.0,0.0899255663351436,-0.9552142636712972,-0.3273524866224969,0,Low Value Customers
15007.0,0.9286126103988396,-0.9552142636712972,-1.2131810266672771,3,At-Risk Low Value Customers
15009.0,-0.9445401209818785,0.0596054655268191,0.4376134938499362,1,Recent Regular Customers
15010.0,-0.164028700972232,-0.9552142636712972,-0.6772537394074772,0,Low Value Customers
15012.0,0.1317800456562198,-0.3615827770984003,-0.4626193289256109,0,Low Value Customers
15014.0,-0.0347317383159377,-0.3615827770984003,-0.8209608348314076,0,Low Value Customers
15016.0,0.991205750364562,-0.9552142636712972,-1.1497043915869514,3,At-Risk Low Value Customers
15017.0,-0.2054954383991431,-0.9552142636712972,-1.388935604862302,0,Low Value Customers
15018.0,-0.1058530769181821,0.0596054655268191,-0.301638684963485,2,Occasional Customers
15019.0,1.3135171700007555,-0.9552142636712972,-0.8360345613079335,3,At-Risk Low Value Customers
15021.0,-1.1403187642352035,1.4011241767997944,0.75229833215606,5,High Value Customers
15022.0,-0.9445401209818785,0.3863044476016776,0.1276764588185421,1,Recent Regular Customers
15023.0,-1.824063391865872,1.668056681297832,1.767864242692084,4,High Value Loyal Customers
15024.0,-1.0691974256329595,1.54066546553549,0.6455738303726154,5,High Value Customers
15025.0,-0.2271262067959733,-0.9552142636712972,-0.5517552089626337,0,Low Value Customers
15026.0,0.4206495661775393,0.0596054655268191,-0.3463657744032343,2,Occasional Customers
15027.0,-0.2723648608903394,0.3863044476016776,0.305322042343209,5,High Value Customers
15028.0,-1.2189397565026774,0.3863044476016776,-0.1158832964621713,1,Recent Regular Customers
15030.0,0.343051479153905,-0.3615827770984003,-0.267123059876076,2,Occasional Customers
15031.0,-1.6575516078937147,0.3863044476016776,-0.0835770830448915,1,Recent Regular Customers
15032.0,1.2822428716590402,0.0596054655268191,1.5263687519279974,2,Occasional Customers
15033.0,-1.5215015741842748,1.54066546553549,1.000155933044828,4,High Value Loyal Customers
15034.0,-0.7443590504544844,1.2468684386726128,1.4082687628290105,5,High Value Customers
15035.0,0.5075160485126933,-0.9552142636712972,-0.8362850960611822,3,At-Risk Low Value Customers
15036.0,0.343051479153905,0.0596054655268191,-0.4160204711770946,2,Occasional Customers
15038.0,0.196708740763415,0.8789251688960832,-0.0449867549340628,2,Occasional Customers
15039.0,-1.0691974256329595,3.697696139694065,2.625173226054278,4,High Value Loyal Customers
15041.0,0.978227870930976,-0.9552142636712972,-1.105030555653364,3,At-Risk Low Value Customers
15042.0,1.0951243943709967,-0.9552142636712972,-1.3264737333876475,3,At-Risk Low Value Customers
15043.0,-0.2723648608903394,-0.9552142636712972,-0.2389775267349857,0,Low Value Customers
15044.0,-0.6230859205766931,2.2616881678707283,1.86922426495131,4,High Value Loyal Customers
15045.0,0.895230272225732,-0.3615827770984003,0.0107798274270555,2,Occasional Customers
15046.0,-1.1403187642352035,2.089244923923052,1.5471356727445296,4,High Value Loyal Customers
15047.0,1.3218238523484769,-0.9552142636712972,-0.5929620505686327,3,At-Risk Low Value Customers
15048.0,0.2678300793656594,0.3863044476016776,-0.5111224001688263,2,Occasional Customers
15049.0,1.3327575169453991,-0.9552142636712972,-1.417117439961398,3,At-Risk Low Value Customers
15050.0,-0.4273072773233673,0.0596054655268191,0.6932606753211646,1,Recent Regular Customers
15051.0,-0.4870358868672529,0.0596054655268191,0.5121470219792317,1,Recent Regular Customers
15052.0,1.4458454540573504,-0.9552142636712972,-0.9914390866147116,3,At-Risk Low Value Customers
15053.0,-1.5215015741842748,0.0596054655268191,-0.035542103880255,1,Recent Regular Customers
15054.0,-0.9445401209818785,-0.3615827770984003,-0.6949888366785156,0,Low Value Customers
15057.0,1.3354660834710603,-0.3615827770984003,0.5708564825617898,2,Occasional Customers
15058.0,-0.4273072773233673,1.668056681297832,0.8446480744707625,5,High Value Customers
15059.0,-0.0694454046897029,1.4011241767997944,0.4855045713726356,5,High Value Customers
15060.0,-1.2189397565026774,0.3863044476016776,-0.7158427489811763,1,Recent Regular Customers
15061.0,-1.6575516078937147,3.72788433066158,3.4316639625494143,4,High Value Loyal Customers
15062.0,0.3327587744728552,0.3863044476016776,0.2447685254773141,2,Occasional Customers
15063.0,1.1456119042818538,-0.9552142636712972,-0.5326313303597043,3,At-Risk Low Value Customers
15065.0,-0.1247454596417701,0.3863044476016776,1.1678439264563332,5,High Value Customers
15066.0,0.1180877484959417,-0.9552142636712972,0.1651469566217923,2,Occasional Customers
15067.0,0.4019933629965244,0.0596054655268191,0.6964857073760964,2,Occasional Customers
15068.0,0.0144867079241929,-0.3615827770984003,-0.2151708788919754,2,Occasional Customers
15069.0,1.0165034021035235,-0.9552142636712972,0.3369886253423395,2,Occasional Customers
15070.0,1.5622054467539612,-0.9552142636712972,-1.5210020544031928,3,At-Risk Low Value Customers
15071.0,0.5396160195399382,-0.3615827770984003,0.2401015385922927,2,Occasional Customers
15073.0,-1.0691974256329595,0.0596054655268191,0.2882040791943072,1,Recent Regular Customers
15074.0,0.6213723494390907,-0.9552142636712972,0.010790615608218,2,Occasional Customers
15075.0,0.4019933629965244,-0.9552142636712972,0.0501062656599709,2,Occasional Customers
15076.0,0.991205750364562,-0.9552142636712972,0.1537477508583691,2,Occasional Customers
15078.0,-1.3068305482073614,3.1491166813065026,2.062998274910977,4,High Value Loyal Customers
15079.0,1.1456119042818538,0.3863044476016776,0.1669394424711042,2,Occasional Customers
15081.0,-0.5187942651860693,0.6532369520997158,-0.2880259063378207,1,Recent Regular Customers
15083.0,1.2851407753342434,-0.9552142636712972,-1.6670850646978703,3,At-Risk Low Value Customers
15087.0,1.354155664383771,-0.9552142636712972,-0.6823986240008215,3,At-Risk Low Value Customers
15088.0,-0.5519645819744484,-0.3615827770984003,0.3723576688001423,1,Recent Regular Customers
15089.0,-1.0691974256329595,0.8789251688960832,0.9566299082330064,1,Recent Regular Customers
15090.0,1.419743263956323,-0.9552142636712972,-0.5104569385033433,3,At-Risk Low Value Customers
15091.0,0.3010003961540392,-0.9552142636712972,-0.3268078644148915,0,Low Value Customers
15092.0,1.1525534358129637,-0.3615827770984003,-0.3655159376385056,3,At-Risk Low Value Customers
15093.0,-0.6613614517492411,0.8789251688960832,1.4661283038653514,5,High Value Customers
15095.0,0.6142992229409651,0.3863044476016776,0.5047878469776197,2,Occasional Customers
15096.0,-0.0347317383159377,-0.9552142636712972,-0.9482399593679138,0,Low Value Customers
15097.0,-1.6575516078937147,-0.9552142636712972,-0.850984837334742,0,Low Value Customers
15098.0,1.0288377202565722,0.0596054655268191,3.183684775959592,5,High Value Customers
15099.0,0.4566184208346949,-0.9552142636712972,-0.45204250714346,0,Low Value Customers
15100.0,1.480028953972913,0.0596054655268191,0.1493648434187602,2,Occasional Customers
15101.0,-1.1403187642352035,-0.3615827770984003,-0.655527531960114,0,Low Value Customers
15103.0,-0.2723648608903394,-0.3615827770984003,-0.0248532658739682,0,Low Value Customers
15104.0,1.087624740705768,-0.3615827770984003,0.2493203706022782,2,Occasional Customers
15105.0,-0.6613614517492411,1.0744251947249353,0.91558310924825,5,High Value Customers
15106.0,-0.6613614517492411,0.6532369520997158,0.534315739126094,1,Recent Regular Customers
15107.0,1.4269530713337628,0.8789251688960832,-0.6506275484588299,2,Occasional Customers
15108.0,0.844791532568056,0.3863044476016776,0.462943374782325,2,Occasional Customers
15109.0,1.252627506451775,-0.9552142636712972,-0.3198432975899408,3,At-Risk Low Value Customers
15110.0,-0.4565741366045358,0.3863044476016776,0.2513634141666109,1,Recent Regular Customers
15111.0,-0.3205241028950956,0.0596054655268191,0.6113839026502907,5,High Value Customers
15113.0,-1.0691974256329595,0.0596054655268191,1.2516414803330826,1,Recent Regular Customers
15114.0,-0.2960560335189878,1.54066546553549,1.06095232760916,5,High Value Customers
15115.0,-0.6613614517492411,-0.9552142636712972,-0.6010979584457828,0,Low Value Customers
15116.0,-0.6613614517492411,0.3863044476016776,0.4943773752395857,1,Recent Regular Customers
15117.0,-0.7895977045488505,0.6532369520997158,0.6033888444189517,1,Recent Regular Customers
15118.0,0.8018323761266101,-0.9552142636712972,-0.86151969235709,3,At-Risk Low Value Customers
15119.0,1.252627506451775,-0.9552142636712972,-0.7945818036443753,3,At-Risk Low Value Customers
15120.0,0.8018323761266101,-0.9552142636712972,-0.5586603812103572,3,At-Risk Low Value Customers
15121.0,0.0754356108856238,-0.3615827770984003,-0.3656718463924659,0,Low Value Customers
15122.0,0.68218320610311,0.0596054655268191,0.6442866095270858,2,Occasional Customers
15123.0,-1.3068305482073614,-0.3615827770984003,0.8803922331706385,1,Recent Regular Customers
15124.0,-0.4870358868672529,-0.3615827770984003,-1.08653556958642,0,Low Value Customers
15125.0,-0.4273072773233673,2.089244923923052,2.19670660208989,4,High Value Loyal Customers
15127.0,0.2790514826837337,-0.9552142636712972,-0.4597083430981773,0,Low Value Customers
15128.0,0.2090430589164636,0.3863044476016776,0.5609306423931489,2,Occasional Customers
15129.0,0.0754356108856238,1.668056681297832,1.2374729331786538,5,High Value Customers
15130.0,0.978227870930976,-0.9552142636712972,-0.6247445675671713,3,At-Risk Low Value Customers
15132.0,-0.6613614517492411,0.6532369520997158,0.2367476375422459,1,Recent Regular Customers
15133.0,0.7679079316757323,0.0596054655268191,0.2403844331349413,2,Occasional Customers
15134.0,-0.7895977045488505,1.2468684386726128,0.5148005579294063,5,High Value Customers
15135.0,1.231174428080437,-0.9552142636712972,-1.3085687956342626,3,At-Risk Low Value Customers
15136.0,-1.824063391865872,0.3863044476016776,0.4546244373003433,1,Recent Regular Customers
15139.0,1.2342771737504357,-0.3615827770984003,-1.1093027027203972,3,At-Risk Low Value Customers
15140.0,0.10413950578058,1.0744251947249353,0.934472345596296,5,High Value Customers
15142.0,0.0144867079241929,-0.9552142636712972,-0.2976050523607129,0,Low Value Customers
15143.0,1.1896188509298031,-0.9552142636712972,-0.8155107632537799,3,At-Risk Low Value Customers
15144.0,-1.2189397565026774,2.2616881678707283,1.7511396881643366,4,High Value Loyal Customers
15145.0,-1.6575516078937147,0.3863044476016776,0.3957344872525602,1,Recent Regular Customers
15146.0,0.9560835379863236,-0.3615827770984003,0.4792107998013102,2,Occasional Customers
15147.0,1.2342771737504357,-0.9552142636712972,-0.1204893957464749,3,At-Risk Low Value Customers
15148.0,-1.0042687305257638,-0.9552142636712972,-0.6971154978313716,0,Low Value Customers
15149.0,0.8018323761266101,-0.9552142636712972,-0.2632756757532995,3,At-Risk Low Value Customers
15150.0,-0.7017069128441668,1.54066546553549,1.577893085206214,5,High Value Customers
15152.0,-1.0691974256329595,1.8937448980941995,1.4914179307535012,4,High Value Loyal Customers
15153.0,-0.2723648608903394,-0.9552142636712972,-0.6268114179244234,0,Low Value Customers
15154.0,0.3731042355677808,-0.9552142636712972,-0.8314449887695826,0,Low Value Customers
15156.0,-2.341296235524383,0.0596054655268191,0.2232877646766853,1,Recent Regular Customers
15157.0,-1.6575516078937147,0.0596054655268191,0.7791266683012099,1,Recent Regular Customers
15158.0,-0.0015614215275583,-0.9552142636712972,-0.4697758966895339,0,Low Value Customers
15159.0,-2.038734417842785,3.057582165231702,2.5785814558799074,4,High Value Loyal Customers
15160.0,1.5295790803664373,-0.9552142636712972,-1.206914810493782,3,At-Risk Low Value Customers
15163.0,-0.6613614517492411,-0.3615827770984003,-0.6887988706609133,0,Low Value Customers
15164.0,0.3117374052593681,0.0596054655268191,0.1013467511369457,2,Occasional Customers
15165.0,1.5622054467539612,-0.9552142636712972,-0.3152772911175539,3,At-Risk Low Value Customers
15167.0,1.4504947479670136,-0.9552142636712972,-1.203725530878516,3,At-Risk Low Value Customers
15168.0,-0.3991450951625692,-0.9552142636712972,-1.5183376645251685,0,Low Value Customers
15171.0,1.4733163816448338,-0.9552142636712972,0.4563506323263703,2,Occasional Customers
15172.0,-1.1403187642352035,0.6532369520997158,0.6395423608994808,1,Recent Regular Customers
15174.0,1.4551152534945606,-0.9552142636712972,-1.3275191220107772,3,At-Risk Low Value Customers
15175.0,0.343051479153905,-0.9552142636712972,-0.9312934063203042,0,Low Value Customers
15178.0,1.2937675680461596,-0.9552142636712972,-2.275200739290009,3,At-Risk Low Value Customers
15179.0,-0.6613614517492411,0.6532369520997158,0.8831469366330399,5,High Value Customers
15180.0,1.5501371094479746,-0.9552142636712972,-1.6733463158045787,3,At-Risk Low Value Customers
15181.0,0.2790514826837337,0.0596054655268191,-0.0406703954063659,2,Occasional Customers
15182.0,0.9049214377701916,-0.3615827770984003,-0.1213170049147418,2,Occasional Customers
15184.0,-0.3205241028950956,-0.3615827770984003,-0.4681974899193101,0,Low Value Customers
15185.0,0.322322111219249,-0.9552142636712972,-0.6729576279098198,0,Low Value Customers
15186.0,-0.8377569465536066,-0.3615827770984003,-0.4502483430362359,0,Low Value Customers
15187.0,-2.038734417842785,2.178003940795619,1.4966728185688638,4,High Value Loyal Customers
15189.0,-2.341296235524383,3.5021961138652125,2.468290194506962,4,High Value Loyal Customers
15192.0,0.7201342279169752,0.0596054655268191,0.2888962280499011,2,Occasional Customers
15193.0,0.2211768101395232,-0.9552142636712972,-0.296683223611897,0,Low Value Customers
15194.0,-1.824063391865872,2.089244923923052,1.8673277460130773,4,High Value Loyal Customers
15195.0,-1.824063391865872,-0.9552142636712972,1.327495559955043,1,Recent Regular Customers
15197.0,-1.0042687305257638,0.0596054655268191,0.3152832790142916,1,Recent Regular Customers
15198.0,0.5237386278211207,-0.3615827770984003,-1.046982477519143,3,At-Risk Low Value Customers
15199.0,0.196708740763415,0.3863044476016776,0.4434370344040046,2,Occasional Customers
15201.0,0.4825011053425735,0.6532369520997158,0.4230482086334201,2,Occasional Customers
15203.0,-0.3991450951625692,0.8789251688960832,0.7334167148966373,5,High Value Customers
15204.0,1.5295790803664373,-0.9552142636712972,-0.6579013092360623,3,At-Risk Low Value Customers
15205.0,0.4653461139941349,-0.3615827770984003,-0.0835163440257657,2,Occasional Customers
15206.0,-1.0691974256329595,0.3863044476016776,-0.4332990544525841,1,Recent Regular Customers
15208.0,-2.341296235524383,0.6532369520997158,0.1440185106691864,1,Recent Regular Customers
15210.0,1.1863243234655771,-0.9552142636712972,-0.6221805029392277,3,At-Risk Low Value Customers
15211.0,0.2090430589164636,-0.3615827770984003,0.1658750869397725,2,Occasional Customers
15212.0,1.237367071575486,-0.9552142636712972,-1.5543097976922056,3,At-Risk Low Value Customers
15213.0,1.4458454540573504,-0.3615827770984003,-0.6289801724322753,3,At-Risk Low Value Customers
15214.0,-2.038734417842785,1.2468684386726128,0.6576206786160058,1,Recent Regular Customers
15215.0,0.030196956791258,0.0596054655268191,0.010002693269993,2,Occasional Customers
15216.0,0.4909329380903411,-0.9552142636712972,-1.5955624036532456,3,At-Risk Low Value Customers
15218.0,-1.0042687305257638,1.668056681297832,1.6448985400901508,4,High Value Loyal Customers
15219.0,1.0039617748066132,-0.9552142636712972,-0.6854757098915537,3,At-Risk Low Value Customers
15220.0,0.10413950578058,0.8789251688960832,0.7119041380206882,5,High Value Customers
15221.0,1.5481066068113414,-0.9552142636712972,-0.4661305770570629,3,At-Risk Low Value Customers
15222.0,1.4458454540573504,-0.9552142636712972,-0.1710591334696357,3,At-Risk Low Value Customers
15223.0,1.1896188509298031,-0.3615827770984003,0.0321631577268318,2,Occasional Customers
15224.0,1.531660558029954,-0.3615827770984003,-0.6442556659994837,3,At-Risk Low Value Customers
15225.0,1.2154641792133722,-0.9552142636712972,-0.4541311484181045,3,At-Risk Low Value Customers
15226.0,1.4269530713337628,-0.9552142636712972,-1.225863658062877,3,At-Risk Low Value Customers
15227.0,-0.1441286080907301,0.6532369520997158,0.4119642513638495,5,High Value Customers
15228.0,0.2790514826837337,0.3863044476016776,1.223361609025413,5,High Value Customers
15230.0,1.231174428080437,-0.3615827770984003,-0.4159466426157919,3,At-Risk Low Value Customers
15232.0,0.6756660532493783,-0.3615827770984003,-0.1351827312184483,2,Occasional Customers
15234.0,1.3408538993577666,-0.9552142636712972,-1.0333804515187048,3,At-Risk Low Value Customers
15235.0,1.1628461404940136,1.7852452398084837,0.897613593762816,5,High Value Customers
15236.0,1.3976862120525944,-0.9552142636712972,-0.646793356292987,3,At-Risk Low Value Customers
15237.0,-2.038734417842785,0.3863044476016776,0.5286007492656697,1,Recent Regular Customers
15238.0,-0.3205241028950956,0.0596054655268191,0.3096593477510959,2,Occasional Customers
15239.0,-1.0691974256329595,-0.3615827770984003,0.0578307582219829,1,Recent Regular Customers
15240.0,-0.0015614215275583,0.6532369520997158,0.6789073801281026,5,High Value Customers
15241.0,0.2901066368625376,1.2468684386726128,0.7017851205702377,5,High Value Customers
15243.0,0.3632205247355723,-0.9552142636712972,-0.65765110379132,0,Low Value Customers
15244.0,0.2678300793656594,-0.3615827770984003,-0.1102854462199119,2,Occasional Customers
15245.0,0.8018323761266101,0.0596054655268191,0.987208294017519,2,Occasional Customers
15246.0,1.228058727276131,-0.3615827770984003,-0.2734690517973526,2,Occasional Customers
15247.0,0.7323674405541809,-0.9552142636712972,-0.5649133966005939,3,At-Risk Low Value Customers
15249.0,-0.2494027642928512,1.8937448980941995,1.7640775244278444,5,High Value Customers
15251.0,-1.1403187642352035,1.668056681297832,2.1213130622201493,4,High Value Loyal Customers
15252.0,-0.164028700972232,-0.3615827770984003,0.0162843068923953,2,Occasional Customers
15253.0,-0.7443590504544844,0.6532369520997158,0.186714442703342,1,Recent Regular Customers
15254.0,0.7621008264266822,-0.9552142636712972,-0.6995642585503196,3,At-Risk Low Value Customers
15255.0,0.2901066368625376,-0.9552142636712972,0.162709085562161,2,Occasional Customers
15256.0,0.8804533683940834,-0.9552142636712972,-1.580639397686673,3,At-Risk Low Value Customers
15257.0,1.356787798536271,-0.9552142636712972,-0.6564761922099592,3,At-Risk Low Value Customers
15258.0,0.973851264493206,-0.3615827770984003,-0.1209221915000846,2,Occasional Customers
15260.0,0.5853165797205673,1.0744251947249353,0.7259814457735533,5,High Value Customers
15261.0,0.8073394805210485,-0.9552142636712972,-0.8297656577761455,3,At-Risk Low Value Customers
15262.0,1.45741482159648,-0.9552142636712972,-1.109346865291472,3,At-Risk Low Value Customers
15263.0,0.6353205921544528,-0.9552142636712972,-1.215196695866687,3,At-Risk Low Value Customers
15264.0,0.2564373503073006,-0.9552142636712972,-0.4850500026202927,0,Low Value Customers
15265.0,0.8903370792262918,-0.3615827770984003,0.579669145398595,2,Occasional Customers
15266.0,1.488886141147174,-0.9552142636712972,-1.4293760284874943,3,At-Risk Low Value Customers
15267.0,-0.5187942651860693,0.6532369520997158,0.6839134010285771,5,High Value Customers
15269.0,-0.4565741366045358,-0.9552142636712972,-0.45529388095553,0,Low Value Customers
15270.0,-0.7443590504544844,1.0744251947249353,0.9429437199673658,5,High Value Customers
15271.0,-1.3068305482073614,2.089244923923052,0.9800716555479256,4,High Value Loyal Customers
15272.0,0.1714110890244534,-0.3615827770984003,-0.0041612291742324,2,Occasional Customers
15274.0,-1.6575516078937147,-0.3615827770984003,-0.0100865010567274,1,Recent Regular Customers
15275.0,-0.1247454596417701,-0.9552142636712972,-0.1312000335788607,0,Low Value Customers
15276.0,0.2790514826837337,-0.9552142636712972,-1.3700133650627004,0,Low Value Customers
15277.0,0.030196956791258,-0.9552142636712972,-0.8264176041765023,0,Low Value Customers
15279.0,1.525398625407363,-0.9552142636712972,-0.7259740506418147,3,At-Risk Low Value Customers
15280.0,0.9869048205414844,-0.9552142636712972,-1.471288446689922,3,At-Risk Low Value Customers
15281.0,0.196708740763415,1.4011241767997944,0.926979977672404,5,High Value Customers
15286.0,0.0754356108856238,-0.9552142636712972,-0.8753810966964023,0,Low Value Customers
15287.0,-0.5187942651860693,-0.3615827770984003,-0.3170027663773612,0,Low Value Customers
15288.0,-0.0347317383159377,0.6532369520997158,0.9182014719184424,5,High Value Customers
15289.0,-0.3205241028950956,0.0596054655268191,0.205156565828367,2,Occasional Customers
15290.0,-1.5215015741842748,2.340846655976633,1.9007003028548957,4,High Value Loyal Customers
15291.0,-0.3991450951625692,2.089244923923052,1.4783539088362816,4,High Value Loyal Customers
15292.0,1.1025494233790782,-0.9552142636712972,-1.1118238942163177,3,At-Risk Low Value Customers
15296.0,0.0899255663351436,0.8789251688960832,1.2878050355376982,5,High Value Customers
15297.0,-1.0691974256329595,0.0596054655268191,-0.0973627623452961,1,Recent Regular Customers
15298.0,-2.038734417842785,1.7852452398084837,1.5004427513264749,4,High Value Loyal Customers
15299.0,0.2901066368625376,1.0744251947249353,1.4504165707713446,5,High Value Customers
15300.0,0.2564373503073006,-0.9552142636712972,-0.3012711439406155,0,Low Value Customers
15301.0,0.0899255663351436,1.7852452398084837,1.5407934086493478,5,High Value Customers
15303.0,1.3749572694199874,-0.9552142636712972,-0.1860913786277595,3,At-Risk Low Value Customers
15304.0,0.2211768101395232,1.2468684386726128,-0.0350276616047223,5,High Value Customers
15306.0,0.2564373503073006,0.0596054655268191,0.3820724039031569,2,Occasional Customers
15307.0,0.5551626080798789,-0.9552142636712972,-1.000745450052218,3,At-Risk Low Value Customers
15308.0,1.3327575169453991,-0.9552142636712972,-0.6733402664835032,3,At-Risk Low Value Customers
15311.0,-2.341296235524383,4.650205384783498,3.5159101721889154,4,High Value Loyal Customers
15312.0,0.3731042355677808,0.3863044476016776,0.1924432425475006,2,Occasional Customers
15313.0,0.6557659603678762,-0.9552142636712972,-2.0808115841215566,3,At-Risk Low Value Customers
15314.0,1.0951243943709967,-0.9552142636712972,-0.6298976487405052,3,At-Risk Low Value Customers
15315.0,0.2564373503073006,-0.3615827770984003,-0.190971275632507,2,Occasional Customers
15316.0,1.464271310189606,-0.9552142636712972,-1.173474421469204,3,At-Risk Low Value Customers
15318.0,-1.6575516078937147,-0.9552142636712972,-0.6678733066368817,0,Low Value Customers
15319.0,1.3594106808800466,-0.9552142636712972,-1.003833273451345,3,At-Risk Low Value Customers
15320.0,-0.0179622852134984,-0.9552142636712972,-0.7924151595009694,0,Low Value Customers
15321.0,0.3327587744728552,0.0596054655268191,1.057419154628265,2,Occasional Customers
15322.0,0.473972906706051,-0.9552142636712972,-0.0520307947575219,2,Occasional Customers
15325.0,0.6142992229409651,-0.9552142636712972,-1.1892370103654444,3,At-Risk Low Value Customers
15326.0,1.480028953972913,-0.9552142636712972,-0.6701826406210982,3,At-Risk Low Value Customers
15327.0,0.1180877484959417,-0.9552142636712972,-0.9875649530656976,0,Low Value Customers
15329.0,-0.1058530769181821,0.0596054655268191,0.2929760017120638,2,Occasional Customers
15330.0,-0.2494027642928512,-0.3615827770984003,-0.011871621548882,2,Occasional Customers
15332.0,1.5481066068113414,0.3863044476016776,0.6574389992841415,2,Occasional Customers
15333.0,1.1279702018006934,-0.9552142636712972,0.2768230989760881,2,Occasional Customers
15334.0,0.9192262066550354,0.0596054655268191,-0.5765292143925028,2,Occasional Customers
15335.0,0.1317800456562198,-0.9552142636712972,-1.1488684716912518,0,Low Value Customers
15339.0,0.2790514826837337,-0.3615827770984003,-0.1860222772923797,2,Occasional Customers
15341.0,0.429805622872584,-0.9552142636712972,0.8130402212316462,2,Occasional Customers
15342.0,0.7793883005555002,-0.9552142636712972,-0.460566854195217,3,At-Risk Low Value Customers
15343.0,0.4825011053425735,-0.9552142636712972,-0.5462130621007236,3,At-Risk Low Value Customers
15344.0,-2.341296235524383,0.0596054655268191,-0.2001463673542557,1,Recent Regular Customers
15345.0,0.0144867079241929,-0.9552142636712972,-0.4854527633969898,0,Low Value Customers
15346.0,1.4777981324055245,-0.9552142636712972,-0.8372566649083871,3,At-Risk Low Value Customers
15347.0,1.5481066068113414,-0.9552142636712972,-1.0151282927236882,3,At-Risk Low Value Customers
15348.0,0.343051479153905,-0.9552142636712972,-1.2075142279056563,0,Low Value Customers
15349.0,0.9239341671206882,-0.3615827770984003,-0.3550194484160933,2,Occasional Customers
15350.0,1.5622054467539612,-0.9552142636712972,-1.4538620805459184,3,At-Risk Low Value Customers
15351.0,-0.9445401209818785,1.0744251947249353,0.7785479727083935,5,High Value Customers
15353.0,1.2793336700851932,-0.3615827770984003,0.0471128217902399,2,Occasional Customers
15355.0,-0.3205241028950956,-0.3615827770984003,-0.763543489625063,0,Low Value Customers
15356.0,-0.2723648608903394,1.54066546553549,1.0486177281994993,5,High Value Customers
15358.0,-1.5215015741842748,2.6205659263872656,1.9401198434567644,4,High Value Loyal Customers
15360.0,-0.0874272207859269,-0.9552142636712972,-0.4190348342425499,0,Low Value Customers
15361.0,1.539928889257083,-0.9552142636712972,-0.4359065174217592,3,At-Risk Low Value Customers
15363.0,1.5622054467539612,-0.9552142636712972,-0.634671092573476,3,At-Risk Low Value Customers
15364.0,0.5551626080798789,-0.3615827770984003,0.1823710188557432,2,Occasional Customers
15365.0,-0.3991450951625692,1.0744251947249353,0.920883321497299,5,High Value Customers
15366.0,0.3731042355677808,-0.3615827770984003,-0.1476601126766578,2,Occasional Customers
15367.0,0.1714110890244534,0.3863044476016776,0.7547642741279491,5,High Value Customers
15368.0,-0.5519645819744484,-0.9552142636712972,-0.3845710295532333,0,Low Value Customers
15370.0,-0.0694454046897029,1.0744251947249353,0.9451307665373938,5,High Value Customers
15372.0,0.8182332398125501,-0.9552142636712972,0.8078654970370472,2,Occasional Customers
15373.0,-1.2189397565026774,1.7852452398084837,0.9550104783532898,4,High Value Loyal Customers
15374.0,0.7736701939658116,-0.9552142636712972,-1.159240114724307,3,At-Risk Low Value Customers
15376.0,-0.0874272207859269,0.0596054655268191,0.4133696054835038,2,Occasional Customers
15379.0,0.973851264493206,1.0744251947249353,1.2943605261135605,5,High Value Customers
15380.0,-1.1403187642352035,0.6532369520997158,0.6712799872917848,1,Recent Regular Customers
15381.0,1.1490907416248033,-0.3615827770984003,-0.1551486110467667,2,Occasional Customers
15382.0,-0.7895977045488505,0.8789251688960832,1.6718773366197035,5,High Value Customers
15384.0,0.978227870930976,-0.3615827770984003,-0.0967820153262439,2,Occasional Customers
15385.0,-0.0874272207859269,-0.9552142636712972,-0.6571509290957439,0,Low Value Customers
15386.0,1.0449726030954505,-0.9552142636712972,-0.4842450928967867,3,At-Risk Low Value Customers
15388.0,1.3218238523484769,-0.9552142636712972,-1.3001583045119496,3,At-Risk Low Value Customers
15389.0,0.9869048205414844,-0.9552142636712972,-0.2956038187954087,3,At-Risk Low Value Customers
15392.0,-1.5215015741842748,0.3863044476016776,0.5950281154820051,1,Recent Regular Customers
15393.0,-0.7443590504544844,-0.3615827770984003,-0.9044991800222292,0,Low Value Customers
15394.0,-1.0691974256329595,0.3863044476016776,0.8746757742443351,1,Recent Regular Customers
15395.0,1.4619928068665424,-0.9552142636712972,-1.5117887869753708,3,At-Risk Low Value Customers
15396.0,0.6756660532493783,-0.9552142636712972,-0.73235172245778,3,At-Risk Low Value Customers
15397.0,1.3749572694199874,-0.9552142636712972,-1.6170205257193395,3,At-Risk Low Value Customers
15398.0,-0.7443590504544844,-0.3615827770984003,0.4901274851782887,1,Recent Regular Customers
15399.0,-2.341296235524383,0.0596054655268191,0.0928204116203382,1,Recent Regular Customers
15400.0,0.5237386278211207,0.6532369520997158,-0.0104963914212021,2,Occasional Customers
15402.0,0.8804533683940834,-0.3615827770984003,-0.1163389090506902,2,Occasional Customers
15405.0,1.0568488631984492,-0.9552142636712972,-0.5804240574451897,3,At-Risk Low Value Customers
15406.0,-0.2723648608903394,-0.3615827770984003,-0.2787937756949479,0,Low Value Customers
15407.0,-0.2054954383991431,0.3863044476016776,0.2907339599086293,5,High Value Customers
15408.0,1.305116977069759,-0.9552142636712972,-0.7922669751393366,3,At-Risk Low Value Customers
15410.0,0.4566184208346949,1.2468684386726128,1.2382653296721446,5,High Value Customers
15411.0,-0.3991450951625692,0.3863044476016776,0.4921316499674891,5,High Value Customers
15412.0,0.982578957652646,-0.9552142636712972,-1.0597833481690608,3,At-Risk Low Value Customers
15414.0,-1.0691974256329595,0.0596054655268191,0.052023953858867,1,Recent Regular Customers
15415.0,1.4317211978352091,-0.9552142636712972,-0.2062610441912796,3,At-Risk Low Value Customers
15416.0,0.2678300793656594,0.3863044476016776,1.352475774896309,5,High Value Customers
15417.0,0.4653461139941349,-0.9552142636712972,-0.281765712112202,2,Occasional Customers
15419.0,-0.4273072773233673,-0.9552142636712972,-1.3268801100233316,0,Low Value Customers
15421.0,0.196708740763415,0.3863044476016776,0.214044179941321,2,Occasional Customers
15422.0,1.4551152534945606,-0.3615827770984003,-1.5866555319998632,3,At-Risk Low Value Customers
15423.0,-0.1247454596417701,-0.9552142636712972,-2.219732124576303,0,Low Value Customers
15424.0,1.2764130821748028,-0.3615827770984003,-0.5062690237536756,3,At-Risk Low Value Customers
15426.0,-0.6230859205766931,0.6532369520997158,0.5239480780639986,5,High Value Customers
15427.0,-0.2271262067959733,0.0596054655268191,0.5387806062014202,2,Occasional Customers
15428.0,-0.7895977045488505,-0.9552142636712972,-1.6188630817187455,0,Low Value Customers
15429.0,-0.3720072223713004,-0.3615827770984003,-0.477815045021439,0,Low Value Customers
15432.0,-0.4870358868672529,-0.9552142636712972,-1.1443788658480638,0,Low Value Customers
15433.0,1.1490907416248033,-0.3615827770984003,-0.2444620060710899,2,Occasional Customers
15434.0,-1.2189397565026774,0.6532369520997158,0.2867341170936714,1,Recent Regular Customers
15435.0,-0.5187942651860693,-0.9552142636712972,-1.2524870507599206,0,Low Value Customers
15436.0,-0.9445401209818785,0.0596054655268191,0.3065127013758932,1,Recent Regular Customers
15437.0,1.2994638495891662,-0.9552142636712972,-1.0207970688319048,3,At-Risk Low Value Customers
15438.0,0.7850629230241704,-0.9552142636712972,-1.2148435845064722,3,At-Risk Low Value Customers
15440.0,0.1452256212872108,0.0596054655268191,-0.5055662920073514,2,Occasional Customers
15442.0,1.2616361783431542,-0.9552142636712972,-0.1589462013899156,3,At-Risk Low Value Customers
15443.0,-2.038734417842785,1.0744251947249353,1.1816746884641456,1,Recent Regular Customers
15444.0,-1.1403187642352035,-0.3615827770984003,0.5279763371212711,1,Recent Regular Customers
15445.0,1.305116977069759,-0.9552142636712972,-1.468646536566676,3,At-Risk Low Value Customers
15447.0,1.4733163816448338,-0.9552142636712972,-1.2219866817871476,3,At-Risk Low Value Customers
15448.0,1.4317211978352091,-0.9552142636712972,-0.3041521024780599,3,At-Risk Low Value Customers
15449.0,-0.3991450951625692,0.0596054655268191,0.2339744546139785,1,Recent Regular Customers
15450.0,-0.2960560335189878,-0.9552142636712972,-0.4155038152189883,0,Low Value Customers
15452.0,-0.2960560335189878,0.0596054655268191,-0.2516638955476258,0,Low Value Customers
15453.0,-2.038734417842785,1.0744251947249353,0.5054654752033975,1,Recent Regular Customers
15454.0,1.539928889257083,-0.9552142636712972,-1.1086846842664366,3,At-Risk Low Value Customers
15456.0,1.356787798536271,0.0596054655268191,-0.4067899117975807,2,Occasional Customers
15457.0,1.2994638495891662,-0.9552142636712972,-0.8869139785629245,3,At-Risk Low Value Customers
15458.0,-0.4273072773233673,-0.9552142636712972,-1.1897255023272058,0,Low Value Customers
15460.0,1.5232995825084283,-0.9552142636712972,-0.9669574655079588,3,At-Risk Low Value Customers
15462.0,0.5396160195399382,0.0596054655268191,-0.8952024276318934,2,Occasional Customers
15463.0,-0.3205241028950956,-0.9552142636712972,-1.3854274214370308,0,Low Value Customers
15464.0,1.488886141147174,-0.9552142636712972,0.2891470782226685,2,Occasional Customers
15465.0,-0.5866782483482139,2.340846655976633,1.839522197447411,4,High Value Loyal Customers
15466.0,0.4653461139941349,-0.9552142636712972,-0.614205904316241,3,At-Risk Low Value Customers
15467.0,-1.1403187642352035,0.0596054655268191,-0.2570857994823293,1,Recent Regular Customers
15468.0,0.0899255663351436,-0.3615827770984003,-0.3488892318853608,0,Low Value Customers
15469.0,0.0754356108856238,-0.3615827770984003,-0.2366911761278907,2,Occasional Customers
15471.0,-2.038734417842785,-0.9552142636712972,-0.3713050295798839,1,Recent Regular Customers
15472.0,0.6756660532493783,-0.9552142636712972,-0.5310084781214527,3,At-Risk Low Value Customers
15473.0,-0.8377569465536066,1.0744251947249353,0.708431830703566,5,High Value Customers
15475.0,0.3924873840167408,-0.9552142636712972,-0.3719508728436648,0,Low Value Customers
15478.0,-0.0874272207859269,-0.3615827770984003,0.5215973058038288,2,Occasional Customers
15480.0,0.6950492016983384,-0.9552142636712972,0.1756576396612747,2,Occasional Customers
15482.0,-0.7443590504544844,1.7852452398084837,2.1506830225533937,4,High Value Loyal Customers
15483.0,0.9378824098360496,0.3863044476016776,-0.9273496904150388,3,At-Risk Low Value Customers
15484.0,-2.341296235524383,0.3863044476016776,1.2697663117223874,1,Recent Regular Customers
15485.0,-0.2960560335189878,0.0596054655268191,1.0024267265393938,5,High Value Customers
15488.0,0.5317195515827039,-0.9552142636712972,-1.6397625198247514,3,At-Risk Low Value Customers
15489.0,-0.4870358868672529,0.0596054655268191,0.3545059604331436,1,Recent Regular Customers
15491.0,0.5474298004497687,0.8789251688960832,1.1531072850830124,5,High Value Customers
15492.0,-0.3458217546340572,-0.3615827770984003,-0.0759963893160932,0,Low Value Customers
15493.0,-0.2271262067959733,0.6532369520997158,0.7862091494549569,5,High Value Customers
15494.0,-0.5519645819744484,-0.3615827770984003,0.4508383635443563,1,Recent Regular Customers
15497.0,-0.6613614517492411,-0.3615827770984003,0.4393581205906486,1,Recent Regular Customers
15498.0,-1.824063391865872,2.908564627292316,2.3112778769835187,4,High Value Loyal Customers
15500.0,-1.2189397565026774,0.3863044476016776,0.3525996002261539,1,Recent Regular Customers
15502.0,-0.7443590504544844,1.7852452398084837,2.1136931549371183,4,High Value Loyal Customers
15503.0,1.5419817358297152,-0.9552142636712972,-1.297355820658673,3,At-Risk Low Value Customers
15504.0,0.429805622872584,-0.9552142636712972,-2.068462297643581,3,At-Risk Low Value Customers
15505.0,0.1180877484959417,0.6532369520997158,1.2743007714012853,5,High Value Customers
15506.0,-0.4870358868672529,0.0596054655268191,0.231984168018924,1,Recent Regular Customers
15507.0,0.9869048205414844,-0.9552142636712972,-0.334849971922996,3,At-Risk Low Value Customers
15508.0,1.0568488631984492,0.8789251688960832,0.2546801359783524,2,Occasional Customers
15510.0,1.4733163816448338,-0.9552142636712972,-0.8448822761885718,3,At-Risk Low Value Customers
15511.0,-0.9445401209818785,0.6532369520997158,0.1712884578889607,1,Recent Regular Customers
15512.0,0.9144883541766984,-0.3615827770984003,-1.4182240763615857,3,At-Risk Low Value Customers
15513.0,-0.2271262067959733,2.41594390599791,2.392973104321205,4,High Value Loyal Customers
15514.0,-0.9445401209818785,1.668056681297832,1.3602940923853095,4,High Value Loyal Customers
15516.0,-0.0015614215275583,0.0596054655268191,-1.9380427362801609,0,Low Value Customers
15517.0,1.2122820453568492,-0.9552142636712972,-0.7927116111410708,3,At-Risk Low Value Customers
15518.0,0.2564373503073006,1.2468684386726128,0.7731470649050937,5,High Value Customers
15520.0,-2.038734417842785,-0.9552142636712972,-0.5932388305392389,0,Low Value Customers
15521.0,-0.0874272207859269,1.2468684386726128,1.1270867497184118,5,High Value Customers
15522.0,-0.2271262067959733,-0.3615827770984003,-0.4765392386159514,0,Low Value Customers
15523.0,0.4566184208346949,-0.9552142636712972,-0.4490929636838429,0,Low Value Customers
15524.0,-0.4273072773233673,-0.9552142636712972,-0.396980238811539,0,Low Value Customers
15525.0,-2.038734417842785,0.0596054655268191,0.00938692266451,1,Recent Regular Customers
15526.0,-0.2271262067959733,-0.3615827770984003,-1.2569945757079557,0,Low Value Customers
15527.0,-0.6230859205766931,1.2468684386726128,0.9591493862193738,5,High Value Customers
15528.0,1.2764130821748028,-0.9552142636712972,-0.9131810630144028,3,At-Risk Low Value Customers
15529.0,-0.4870358868672529,1.668056681297832,1.3481326628023442,5,High Value Customers
15530.0,-0.5187942651860693,0.3863044476016776,0.5750098655293806,1,Recent Regular Customers
15531.0,-1.2189397565026774,-0.3615827770984003,0.7938898084801514,1,Recent Regular Customers
15532.0,-0.4273072773233673,0.3863044476016776,0.6099892920041292,5,High Value Customers
15533.0,-0.6230859205766931,0.0596054655268191,0.0848013864547041,1,Recent Regular Customers
15535.0,0.991205750364562,0.3863044476016776,-0.2910168623101931,2,Occasional Customers
15537.0,0.947038466531095,-0.9552142636712972,-1.4867587688880108,3,At-Risk Low Value Customers
15539.0,-1.3068305482073614,-0.9552142636712972,-0.236823752247569,0,Low Value Customers
15540.0,-1.0042687305257638,-0.9552142636712972,-0.9705096571265592,0,Low Value Customers
15541.0,0.68218320610311,-0.9552142636712972,-1.6949190116703798,3,At-Risk Low Value Customers
15543.0,1.3698109782739254,-0.9552142636712972,-1.3747481093208949,3,At-Risk Low Value Customers
15544.0,-1.1403187642352035,1.4011241767997944,1.2600368135206612,5,High Value Customers
15545.0,0.1317800456562198,-0.3615827770984003,-0.7301835962314834,0,Low Value Customers
15547.0,-1.3068305482073614,1.9947556633726904,1.518559641807619,4,High Value Loyal Customers
15549.0,0.3924873840167408,0.0596054655268191,0.6671340485182436,2,Occasional Customers
15550.0,-1.6575516078937147,0.3863044476016776,-0.1838693282042109,1,Recent Regular Customers
15551.0,-0.1441286080907301,-0.9552142636712972,-0.4041124337710079,0,Low Value Customers
15552.0,1.159430989184945,-0.9552142636712972,-1.6501603246764114,3,At-Risk Low Value Customers
15553.0,0.2090430589164636,-0.9552142636712972,-0.4171841766110399,0,Low Value Customers
15554.0,1.3435332891612286,-0.9552142636712972,-0.9561766099717752,3,At-Risk Low Value Customers
15555.0,-0.9445401209818785,2.178003940795619,1.4996080055981276,4,High Value Loyal Customers
15556.0,-0.4565741366045358,-0.9552142636712972,-0.7558069161285396,0,Low Value Customers
15557.0,-0.3205241028950956,-0.9552142636712972,-0.3465179708465102,0,Low Value Customers
15561.0,-0.9445401209818785,0.3863044476016776,0.0779110984956796,1,Recent Regular Customers
15562.0,1.5190836997772748,-0.9552142636712972,-1.334523743610875,3,At-Risk Low Value Customers
15563.0,-0.5187942651860693,0.3863044476016776,0.5218922417360274,1,Recent Regular Customers
15565.0,0.0754356108856238,-0.3615827770984003,-1.1353381258298894,0,Low Value Customers
15567.0,-0.6230859205766931,-0.9552142636712972,-1.0787633199095863,0,Low Value Customers
15568.0,-1.824063391865872,0.0596054655268191,0.0348261611562764,1,Recent Regular Customers
15569.0,0.6142992229409651,0.6532369520997158,0.5077431631158246,2,Occasional Customers
15570.0,-1.3068305482073614,1.7852452398084837,1.3846203978976606,4,High Value Loyal Customers
15571.0,-0.9445401209818785,0.3863044476016776,-0.0869370979016041,1,Recent Regular Customers
15572.0,-1.5215015741842748,1.0744251947249353,0.9927401283307056,1,Recent Regular Customers
15573.0,-0.2494027642928512,-0.3615827770984003,-0.1627083432190427,0,Low Value Customers
15574.0,1.0123462367079263,0.3863044476016776,-0.0567617480680419,2,Occasional Customers
15576.0,-0.1247454596417701,-0.9552142636712972,0.1894504655686917,0,Low Value Customers
15577.0,0.8903370792262918,0.0596054655268191,-0.8172519462849968,3,At-Risk Low Value Customers
15578.0,0.9424744813034064,-0.9552142636712972,-1.37944918884575,3,At-Risk Low Value Customers
15579.0,0.3117374052593681,-0.3615827770984003,-0.6307919998320477,0,Low Value Customers
15581.0,0.7262759025749747,1.8937448980941995,1.2884342761019063,5,High Value Customers
15582.0,-0.4273072773233673,0.0596054655268191,-0.0482685295017508,1,Recent Regular Customers
15584.0,-0.4565741366045358,0.3863044476016776,-0.0053493602805985,1,Recent Regular Customers
15585.0,1.008165781748852,-0.9552142636712972,-0.3698755690418139,3,At-Risk Low Value Customers
15587.0,0.0754356108856238,0.3863044476016776,0.1827968736268605,2,Occasional Customers
15589.0,1.2822428716590402,0.0596054655268191,-0.3304126020954412,2,Occasional Customers
15592.0,0.030196956791258,-0.9552142636712972,-0.4955070949072764,0,Low Value Customers
15593.0,0.3327587744728552,-0.9552142636712972,-1.022220603480232,0,Low Value Customers
15594.0,-0.7443590504544844,0.6532369520997158,0.7086918840644892,5,High Value Customers
15596.0,0.5926684545441344,0.6532369520997158,0.5253721491964847,2,Occasional Customers
15597.0,-0.1844740691856557,-0.9552142636712972,-0.6381541279937512,0,Low Value Customers
15598.0,0.1180877484959417,-0.9552142636712972,-0.874953496656354,0,Low Value Customers
15599.0,-0.3720072223713004,-0.3615827770984003,0.0384290004365887,0,Low Value Customers
15601.0,-1.0042687305257638,1.9947556633726904,1.7744757410747007,4,High Value Loyal Customers
15602.0,-1.2189397565026774,1.4011241767997944,0.4614884787840896,1,Recent Regular Customers
15603.0,0.4113797667403285,-0.9552142636712972,-2.135427936265508,3,At-Risk Low Value Customers
15604.0,0.10413950578058,-0.9552142636712972,-0.9591322795487576,0,Low Value Customers
15605.0,-0.164028700972232,0.6532369520997158,0.3980573222031829,5,High Value Customers
15606.0,0.2211768101395232,1.4011241767997944,1.105604142729388,5,High Value Customers
15607.0,1.4866816808776484,-0.9552142636712972,-1.5317498484552308,3,At-Risk Low Value Customers
15608.0,-0.3458217546340572,0.3863044476016776,0.3255641818214537,1,Recent Regular Customers
15609.0,1.0369487703169469,-0.9552142636712972,-0.7045376047500931,3,At-Risk Low Value Customers
15610.0,0.10413950578058,-0.9552142636712972,-1.4758980051035588,0,Low Value Customers
15611.0,-1.0691974256329595,1.8937448980941995,0.6234373074886518,5,High Value Customers
15612.0,-0.164028700972232,-0.3615827770984003,-1.0408408435511656,0,Low Value Customers
15615.0,-1.0691974256329595,2.6828764104959486,2.11482560346986,4,High Value Loyal Customers
15618.0,-0.2271262067959733,0.3863044476016776,0.0540197875030089,2,Occasional Customers
15619.0,-1.0042687305257638,-0.9552142636712972,-0.6097889684108225,0,Low Value Customers
15620.0,0.1714110890244534,0.0596054655268191,0.6041050548895713,2,Occasional Customers
15621.0,-1.6575516078937147,0.3863044476016776,0.4585215415341304,1,Recent Regular Customers
15622.0,-0.0347317383159377,1.4011241767997944,1.2957045702711427,5,High Value Customers
15623.0,0.83955495487776,-0.9552142636712972,-0.6977993380985051,3,At-Risk Low Value Customers
15624.0,0.7013999571250162,0.3863044476016776,-0.1668255540250402,2,Occasional Customers
15625.0,0.6142992229409651,0.3863044476016776,0.5943709715737823,2,Occasional Customers
15626.0,0.3731042355677808,-0.3615827770984003,-0.0565738470037858,2,Occasional Customers
15628.0,-1.5215015741842748,1.4011241767997944,1.0919055786016305,4,High Value Loyal Customers
15630.0,-0.0015614215275583,-0.3615827770984003,0.3901452126168568,2,Occasional Customers
15632.0,-0.7443590504544844,1.2468684386726128,1.1992107749514571,5,High Value Customers
15634.0,-0.7017069128441668,-0.9552142636712972,-0.8655715393493707,0,Low Value Customers
15636.0,0.5075160485126933,-0.3615827770984003,-0.0010672352282015,2,Occasional Customers
15637.0,0.1180877484959417,-0.9552142636712972,-0.9340515291647636,0,Low Value Customers
15639.0,0.8018323761266101,-0.9552142636712972,-0.4238854518126082,3,At-Risk Low Value Customers
15640.0,-1.6575516078937147,2.089244923923052,2.255650055525092,4,High Value Loyal Customers
15641.0,0.6213723494390907,0.3863044476016776,0.7588193705375017,2,Occasional Customers
15643.0,1.068539064558348,0.0596054655268191,-0.0705521251720221,2,Occasional Customers
15644.0,0.9605652887470136,0.3863044476016776,0.0808304747624495,2,Occasional Customers
15645.0,-0.6230859205766931,-0.9552142636712972,-0.1352475503191533,0,Low Value Customers
15646.0,0.9239341671206882,0.0596054655268191,-0.3833300708070356,2,Occasional Customers
15648.0,1.1135502505032524,-0.3615827770984003,-0.1003845437332861,2,Occasional Customers
15649.0,1.4844706888644472,-0.3615827770984003,0.093044173027572,2,Occasional Customers
15651.0,-0.1441286080907301,0.0596054655268191,-0.0919916293830591,2,Occasional Customers
15652.0,0.5156714221309526,-0.9552142636712972,-0.6066389216513138,3,At-Risk Low Value Customers
15653.0,0.5317195515827039,-0.3615827770984003,0.1506686851053925,2,Occasional Customers
15654.0,-1.1403187642352035,-0.3615827770984003,0.1904493106594698,1,Recent Regular Customers
15655.0,1.2435087462334855,-0.9552142636712972,-0.2047597941450786,3,At-Risk Low Value Customers
15656.0,-0.0015614215275583,0.3863044476016776,0.0245126093901362,2,Occasional Customers
15657.0,-0.4870358868672529,-0.9552142636712972,-2.5070277103077743,0,Low Value Customers
15658.0,1.060765981162014,0.6532369520997158,0.2733729024188215,2,Occasional Customers
15659.0,-0.0179622852134984,-0.9552142636712972,-0.6836642168138528,0,Low Value Customers
15660.0,-0.4273072773233673,1.4011241767997944,0.6281196381675671,5,High Value Customers
15661.0,1.4411670107791992,-0.3615827770984003,-0.6750516382759161,3,At-Risk Low Value Customers
15663.0,0.6283790606233428,-0.9552142636712972,-1.3137495301116708,3,At-Risk Low Value Customers
15664.0,0.0899255663351436,-0.9552142636712972,-0.4999051556478646,0,Low Value Customers
15665.0,0.9694488372191374,-0.3615827770984003,0.8886207133954656,2,Occasional Customers
15667.0,-0.0874272207859269,-0.9552142636712972,-0.6970366310364245,0,Low Value Customers
15668.0,1.1628461404940136,-0.9552142636712972,-1.7806741897822131,3,At-Risk Low Value Customers
15669.0,-0.0874272207859269,0.3863044476016776,-0.0466085538856053,2,Occasional Customers
15670.0,1.3926948271642658,-0.9552142636712972,-1.1358402368154468,3,At-Risk Low Value Customers
15671.0,-0.6230859205766931,1.0744251947249353,1.030615296730404,5,High Value Customers
15673.0,0.4909329380903411,0.3863044476016776,1.0510108459773275,5,High Value Customers
15674.0,0.3532041426862792,0.6532369520997158,0.9650384203426464,5,High Value Customers
15675.0,0.429805622872584,0.0596054655268191,-0.6403051465672593,2,Occasional Customers
15676.0,-0.6230859205766931,0.0596054655268191,1.2347858097227578,5,High Value Customers
15677.0,0.0606587070539751,-0.9552142636712972,-0.0786842752035361,0,Low Value Customers
15678.0,0.1180877484959417,-0.9552142636712972,-0.5722937814472517,0,Low Value Customers
15679.0,-0.4565741366045358,0.3863044476016776,0.0585320467477626,1,Recent Regular Customers
15680.0,-1.1403187642352035,0.0596054655268191,0.4831026100228577,1,Recent Regular Customers
15681.0,-0.4273072773233673,0.6532369520997158,0.5363452968774637,5,High Value Customers
15683.0,0.7013999571250162,-0.9552142636712972,-1.0465334673619335,3,At-Risk Low Value Customers
15687.0,-1.1403187642352035,1.4011241767997944,1.1252044191509376,5,High Value Customers
15689.0,0.7201342279169752,-0.3615827770984003,-0.8320055552670681,3,At-Risk Low Value Customers
15690.0,-1.6575516078937147,-0.3615827770984003,-0.8779845481033766,0,Low Value Customers
15691.0,1.270537388363865,-0.9552142636712972,-1.3214403167413011,3,At-Risk Low Value Customers
15692.0,-0.3458217546340572,-0.9552142636712972,-1.0576699853507674,0,Low Value Customers
15694.0,-2.341296235524383,1.9947556633726904,1.738844196393445,4,High Value Loyal Customers
15695.0,1.3135171700007555,-0.3615827770984003,-0.4530087883552804,3,At-Risk Low Value Customers
15696.0,-0.2271262067959733,1.2468684386726128,1.0465925483642609,5,High Value Customers
15699.0,-0.6613614517492411,-0.9552142636712972,-0.6754352866288017,0,Low Value Customers
15700.0,0.9869048205414844,-0.3615827770984003,-0.0324262597809215,2,Occasional Customers
15701.0,-2.038734417842785,0.3863044476016776,0.5916434567767419,1,Recent Regular Customers
15703.0,1.307927561403842,-0.9552142636712972,-0.977213115735171,3,At-Risk Low Value Customers
15704.0,0.8342813692643014,0.3863044476016776,0.913746147997877,2,Occasional Customers
15705.0,1.1025494233790782,-0.9552142636712972,-1.285912701675545,3,At-Risk Low Value Customers
15706.0,0.2564373503073006,0.3863044476016776,0.3011481180391162,2,Occasional Customers
15707.0,-0.1844740691856557,0.3863044476016776,0.1856589470517972,2,Occasional Customers
15708.0,-0.0694454046897029,1.0744251947249353,1.1870116254742618,5,High Value Customers
15709.0,1.3594106808800466,-0.9552142636712972,-1.34218240786147,3,At-Risk Low Value Customers
15712.0,-1.1403187642352035,0.6532369520997158,0.3099333470480537,1,Recent Regular Customers
15713.0,0.8499916181313663,-0.3615827770984003,-0.5633566330321461,3,At-Risk Low Value Customers
15714.0,-0.9445401209818785,-0.3615827770984003,-0.6249366061212982,0,Low Value Customers
15716.0,0.8653779211463577,0.3863044476016776,0.3309400695433897,2,Occasional Customers
15717.0,1.2154641792133722,-0.9552142636712972,-1.2471640770287182,3,At-Risk Low Value Customers
15719.0,-0.2271262067959733,1.8937448980941995,1.537659273997367,5,High Value Customers
15720.0,-0.4565741366045358,-0.9552142636712972,-0.1526534307385433,0,Low Value Customers
15721.0,-0.9445401209818785,-0.9552142636712972,-0.3423179173624341,0,Low Value Customers
15722.0,-0.164028700972232,0.6532369520997158,0.884678799914394,5,High Value Customers
15723.0,1.5460705639150825,-0.9552142636712972,-1.0590782692767586,3,At-Risk Low Value Customers
15724.0,1.1025494233790782,-0.3615827770984003,-0.952361474402044,3,At-Risk Low Value Customers
15725.0,-0.7895977045488505,-0.9552142636712972,-0.4428827754277246,0,Low Value Customers
15727.0,-0.7017069128441668,1.0744251947249353,1.557778216859354,5,High Value Customers
15729.0,1.1456119042818538,-0.9552142636712972,-1.6961194369399697,3,At-Risk Low Value Customers
15730.0,0.2790514826837337,0.0596054655268191,0.3450697890952375,2,Occasional Customers
15732.0,1.1421167725593575,-0.3615827770984003,-0.7161927484149336,3,At-Risk Low Value Customers
15733.0,1.356787798536271,-0.9552142636712972,-1.1865069903416348,3,At-Risk Low Value Customers
15734.0,0.6886439326829644,-0.3615827770984003,0.4865309182251173,2,Occasional Customers
15737.0,-0.7895977045488505,1.2468684386726128,0.3913290424310795,5,High Value Customers
15738.0,-0.6230859205766931,2.178003940795619,1.5025125793579783,4,High Value Loyal Customers
15739.0,0.2790514826837337,-0.9552142636712972,-0.3807126916767817,0,Low Value Customers
15740.0,0.0606587070539751,-0.9552142636712972,-1.2234638236243218,0,Low Value Customers
15743.0,-0.7443590504544844,0.3863044476016776,0.053108934257957,1,Recent Regular Customers
15744.0,0.4019933629965244,-0.9552142636712972,-2.392618185054917,3,At-Risk Low Value Customers
15745.0,-0.6230859205766931,0.3863044476016776,0.3262245589529486,1,Recent Regular Customers
15746.0,0.8018323761266101,-0.9552142636712972,-1.0338622505923083,3,At-Risk Low Value Customers
15747.0,-0.8892400660298114,0.0596054655268191,0.2109305514436211,1,Recent Regular Customers
15748.0,-0.0874272207859269,-0.9552142636712972,-1.2789938663643732,0,Low Value Customers
15749.0,1.2186328007835272,0.0596054655268191,3.270681461903997,5,High Value Customers
15750.0,-1.824063391865872,1.2468684386726128,0.9703618114795596,1,Recent Regular Customers
15752.0,-0.0874272207859269,1.0744251947249353,1.0214346152167713,5,High Value Customers
15753.0,1.412463115884243,-0.9552142636712972,-1.751610319478879,3,At-Risk Low Value Customers
15754.0,0.0899255663351436,0.0596054655268191,-0.3642005930664781,2,Occasional Customers
15755.0,-1.0691974256329595,0.8789251688960832,0.9378394835537373,1,Recent Regular Customers
15756.0,0.2211768101395232,0.3863044476016776,-0.2523696593657162,2,Occasional Customers
15757.0,0.2790514826837337,-0.3615827770984003,-0.0124712567206,2,Occasional Customers
15758.0,-0.4273072773233673,-0.9552142636712972,-1.0009380879267693,0,Low Value Customers
15759.0,1.1628461404940136,0.0596054655268191,-0.8353147135243838,3,At-Risk Low Value Customers
15762.0,0.2678300793656594,-0.3615827770984003,-0.1727561820486574,2,Occasional Customers
15763.0,-0.2494027642928512,-0.3615827770984003,0.3206412684151467,2,Occasional Customers
15764.0,0.4909329380903411,0.8789251688960832,1.197918353724005,5,High Value Customers
15766.0,0.2564373503073006,-0.9552142636712972,-0.6617141625578237,0,Low Value Customers
15768.0,0.6950492016983384,0.0596054655268191,-0.1226174545560273,2,Occasional Customers
15769.0,-1.3068305482073614,2.855319654443625,3.456321900810522,4,High Value Loyal Customers
15773.0,-1.4064729096883222,-0.9552142636712972,-0.1051385616235742,0,Low Value Customers
15774.0,0.3117374052593681,-0.9552142636712972,-0.7816111848419992,0,Low Value Customers
15775.0,1.249600284212692,-0.9552142636712972,-1.5306985220554834,3,At-Risk Low Value Customers
15776.0,0.7962843263422448,-0.9552142636712972,-0.8718684467582666,3,At-Risk Low Value Customers
15777.0,1.237367071575486,0.3863044476016776,0.2910145612833985,2,Occasional Customers
15780.0,1.0369487703169469,0.0596054655268191,-0.335817179331108,2,Occasional Customers
15781.0,-0.4273072773233673,0.0596054655268191,-0.5887301175278705,0,Low Value Customers
15782.0,-1.0691974256329595,0.0596054655268191,1.0178393935494283,1,Recent Regular Customers
15783.0,-1.0042687305257638,-0.9552142636712972,-0.8566845879221533,0,Low Value Customers
15785.0,-0.2271262067959733,0.6532369520997158,0.9258960536073866,5,High Value Customers
15786.0,0.0144867079241929,0.0596054655268191,1.519917653326385,5,High Value Customers
15787.0,-0.3991450951625692,0.0596054655268191,0.1996295962762075,1,Recent Regular Customers
15789.0,1.531660558029954,-0.9552142636712972,-0.5754456795350215,3,At-Risk Low Value Customers
15790.0,-1.0691974256329595,-0.9552142636712972,-0.9505511602990554,0,Low Value Customers
15791.0,-0.0179622852134984,-0.3615827770984003,0.6339672656684018,2,Occasional Customers
15793.0,-0.7895977045488505,0.0596054655268191,0.2266823864943975,1,Recent Regular Customers
15795.0,0.8854115876894589,-0.9552142636712972,-0.1378446590423143,2,Occasional Customers
15796.0,-2.341296235524383,1.2468684386726128,1.0458596374025235,4,High Value Loyal Customers
15797.0,0.6756660532493783,0.3863044476016776,0.883308892726938,2,Occasional Customers
15799.0,0.3828587438616125,0.0596054655268191,0.156707197887457,2,Occasional Customers
15800.0,0.6353205921544528,-0.3615827770984003,-0.0321870846965487,2,Occasional Customers
15801.0,0.0144867079241929,0.0596054655268191,0.3036819680266553,2,Occasional Customers
15802.0,0.8499916181313663,-0.9552142636712972,-0.3766621735473808,3,At-Risk Low Value Customers
15803.0,0.0899255663351436,-0.9552142636712972,-0.4417952443131622,0,Low Value Customers
15804.0,-2.341296235524383,1.8937448980941995,1.3955697909706173,4,High Value Loyal Customers
15805.0,-0.4870358868672529,2.2616881678707283,1.606916757213493,4,High Value Loyal Customers
15806.0,0.0144867079241929,0.0596054655268191,0.0618775046072387,2,Occasional Customers
15807.0,0.0754356108856238,0.0596054655268191,0.1742536820519065,2,Occasional Customers
15808.0,1.4148977322642486,0.3863044476016776,1.2831209206165644,2,Occasional Customers
15809.0,-0.164028700972232,0.6532369520997158,-0.2709737814571484,2,Occasional Customers
15810.0,0.4113797667403285,0.3863044476016776,0.5170802123390923,2,Occasional Customers
15811.0,-0.5187942651860693,0.8789251688960832,0.8873363642231015,5,High Value Customers
15812.0,0.6353205921544528,0.6532369520997158,0.7217460085892029,5,High Value Customers
15813.0,1.1279702018006934,-0.3615827770984003,0.4651755514225337,2,Occasional Customers
15814.0,-0.7017069128441668,0.3863044476016776,0.7829167445428186,1,Recent Regular Customers
15815.0,0.2564373503073006,0.6532369520997158,0.843914794935877,5,High Value Customers
15819.0,0.0606587070539751,0.3863044476016776,0.7664637591217008,5,High Value Customers
15820.0,1.4481737219634514,-0.9552142636712972,-0.9942998113598492,3,At-Risk Low Value Customers
15821.0,-0.0179622852134984,-0.3615827770984003,-0.1903318572154173,2,Occasional Customers
15822.0,-1.824063391865872,-0.3615827770984003,0.157900449039615,1,Recent Regular Customers
15823.0,1.5602075626728675,-0.9552142636712972,-3.032659304068139,3,At-Risk Low Value Customers
15825.0,0.9869048205414844,-0.9552142636712972,-0.2449976571007381,3,At-Risk Low Value Customers
15826.0,0.1584332095908674,0.0596054655268191,0.6542048599814274,2,Occasional Customers
15827.0,0.3532041426862792,1.9947556633726904,0.7370110958518464,5,High Value Customers
15829.0,0.5778915507124864,-0.3615827770984003,-0.1045645799185099,2,Occasional Customers
15830.0,-0.1247454596417701,-0.9552142636712972,-0.1833595474206268,0,Low Value Customers
15831.0,0.1841671134665053,0.0596054655268191,0.0719900341762664,2,Occasional Customers
15832.0,1.2764130821748028,-0.9552142636712972,0.1130143868992352,2,Occasional Customers
15834.0,0.322322111219249,0.3863044476016776,0.8896709765029247,5,High Value Customers
15835.0,-0.0179622852134984,0.3863044476016776,0.21715397829416,2,Occasional Customers
15836.0,0.0754356108856238,-0.9552142636712972,-1.318159762406297,0,Low Value Customers
15837.0,0.2678300793656594,-0.9552142636712972,-0.4886013224071102,0,Low Value Customers
15838.0,-1.0042687305257638,2.41594390599791,3.0478040779778754,4,High Value Loyal Customers
15839.0,-0.2271262067959733,0.0596054655268191,0.2920602555758032,2,Occasional Customers
15840.0,0.196708740763415,-0.3615827770984003,-0.5658934968451407,0,Low Value Customers
15841.0,0.3532041426862792,0.3863044476016776,0.4149930760874727,2,Occasional Customers
15843.0,1.410020530205643,-0.9552142636712972,-1.4316915734483786,3,At-Risk Low Value Customers
15844.0,0.0144867079241929,-0.9552142636712972,-1.3571816586343384,0,Low Value Customers
15845.0,-0.6613614517492411,1.2468684386726128,1.296177767052645,5,High Value Customers
15847.0,-0.1247454596417701,-0.3615827770984003,-0.4941007676625075,0,Low Value Customers
15850.0,-0.6230859205766931,-0.3615827770984003,-0.8942584904999697,0,Low Value Customers
15852.0,1.048952395241215,-0.3615827770984003,-1.1942829165074584,3,At-Risk Low Value Customers
15853.0,0.10413950578058,-0.9552142636712972,-1.4876113284701156,0,Low Value Customers
15854.0,-1.6575516078937147,1.7852452398084837,1.1188137530508149,4,High Value Loyal Customers
15855.0,0.8182332398125501,0.6532369520997158,-0.0148966167059701,2,Occasional Customers
15856.0,-1.6575516078937147,2.908564627292316,2.464276166214918,4,High Value Loyal Customers
15857.0,-0.6230859205766931,-0.9552142636712972,-0.7084748049110248,0,Low Value Customers
15858.0,-0.7443590504544844,0.6532369520997158,0.5371300811064559,1,Recent Regular Customers
15860.0,-0.0694454046897029,1.2468684386726128,0.2263123192821912,5,High Value Customers
15861.0,-0.9445401209818785,1.2468684386726128,1.1650188639660966,5,High Value Customers
15862.0,-1.2189397565026774,0.3863044476016776,0.1092966790051426,1,Recent Regular Customers
15863.0,-0.3991450951625692,-0.3615827770984003,-1.861534334440169,0,Low Value Customers
15864.0,-0.5187942651860693,0.8789251688960832,0.7792292299365479,5,High Value Customers
15865.0,-0.0694454046897029,0.0596054655268191,0.1665138712985427,2,Occasional Customers
15866.0,0.5926684545441344,-0.9552142636712972,-0.9757558937488012,3,At-Risk Low Value Customers
15867.0,-1.5215015741842748,2.089244923923052,1.3169599943253634,4,High Value Loyal Customers
15869.0,1.3408538993577666,-0.3615827770984003,-1.250638416412597,3,At-Risk Low Value Customers
15870.0,-0.2271262067959733,-0.9552142636712972,-0.5751299266101891,0,Low Value Customers
15872.0,-0.7895977045488505,-0.3615827770984003,-0.6587275465415455,0,Low Value Customers
15874.0,0.2564373503073006,1.0744251947249353,1.4323851099999798,5,High Value Customers
15877.0,-2.038734417842785,-0.3615827770984003,-0.3110931391932633,1,Recent Regular Customers
15880.0,1.5541816139754578,-0.9552142636712972,-0.6273410116329563,3,At-Risk Low Value Customers
15881.0,1.4293409429987136,0.6532369520997158,-0.2934019391717983,2,Occasional Customers
15882.0,1.0951243943709967,0.3863044476016776,-0.2700669529076621,2,Occasional Customers
15883.0,-2.038734417842785,-0.3615827770984003,-0.4795526353153879,1,Recent Regular Customers
15885.0,0.5317195515827039,0.0596054655268191,-0.5145625588913808,2,Occasional Customers
15886.0,0.2090430589164636,-0.9552142636712972,-1.0999515677580003,0,Low Value Customers
15888.0,0.429805622872584,-0.9552142636712972,-1.1577836658537497,3,At-Risk Low Value Customers
15889.0,0.9192262066550354,-0.3615827770984003,-0.433733037952668,2,Occasional Customers
15891.0,1.1928988969078893,-0.9552142636712972,-0.2772887122883525,3,At-Risk Low Value Customers
15894.0,1.273481018447474,-0.3615827770984003,-0.8191808604327426,3,At-Risk Low Value Customers
15895.0,0.8854115876894589,-0.9552142636712972,-1.1083758551714251,3,At-Risk Low Value Customers
15897.0,1.0762320116474091,-0.3615827770984003,-0.9881714128061544,3,At-Risk Low Value Customers
15898.0,-2.341296235524383,0.6532369520997158,0.5124167918043019,1,Recent Regular Customers
15899.0,1.5541816139754578,-0.9552142636712972,-2.0195096954770784,3,At-Risk Low Value Customers
15900.0,-0.4565741366045358,-0.9552142636712972,-0.6077188741730633,0,Low Value Customers
15901.0,-0.7017069128441668,0.0596054655268191,-0.5744762657857421,0,Low Value Customers
15903.0,-1.0691974256329595,1.0744251947249353,1.5527878915753448,5,High Value Customers
15904.0,-1.2189397565026774,-0.9552142636712972,-1.1750079049118458,0,Low Value Customers
15906.0,-0.5866782483482139,1.0744251947249353,0.6114902996802503,5,High Value Customers
15907.0,-1.6575516078937147,0.0596054655268191,0.1554312197320676,1,Recent Regular Customers
15909.0,0.9954820328900365,-0.9552142636712972,-1.0539541762395035,3,At-Risk Low Value Customers
15910.0,-2.341296235524383,1.2468684386726128,0.4181137973282847,1,Recent Regular Customers
15912.0,1.0123462367079263,-0.3615827770984003,-0.7998897481616747,3,At-Risk Low Value Customers
15916.0,-0.7443590504544844,1.2468684386726128,0.5779482353842926,5,High Value Customers
15917.0,1.2586453556679202,-0.9552142636712972,-1.4046607414667318,3,At-Risk Low Value Customers
15918.0,1.0646626441082796,-0.3615827770984003,-0.6149167942922916,3,At-Risk Low Value Customers
15919.0,-0.5866782483482139,-0.3615827770984003,-0.2558626419904713,0,Low Value Customers
15920.0,0.9049214377701916,0.3863044476016776,-1.1615948647361252,3,At-Risk Low Value Customers
15921.0,0.991205750364562,-0.9552142636712972,-0.6419222398043062,3,At-Risk Low Value Customers
15922.0,1.5622054467539612,-0.9552142636712972,-0.5354149673476999,3,At-Risk Low Value Customers
15923.0,1.5622054467539612,-0.9552142636712972,-1.3795732777752818,3,At-Risk Low Value Customers
15925.0,1.0762320116474091,-0.9552142636712972,-0.9936504773026904,3,At-Risk Low Value Customers
15930.0,0.2901066368625376,-0.9552142636712972,-0.4214471500291675,0,Low Value Customers
15932.0,-1.6575516078937147,1.2468684386726128,0.9808773362816766,1,Recent Regular Customers
15933.0,-0.5519645819744484,0.0596054655268191,0.3355058908544296,1,Recent Regular Customers
15935.0,1.231174428080437,-0.3615827770984003,-0.4398148037199071,3,At-Risk Low Value Customers
15937.0,0.2564373503073006,-0.9552142636712972,-1.2735995823647803,0,Low Value Customers
15938.0,0.6690914798070661,0.6532369520997158,-0.4635201808292737,2,Occasional Customers
15939.0,0.5075160485126933,2.089244923923052,1.6928514744282608,5,High Value Customers
15940.0,1.4269530713337628,-0.9552142636712972,-2.3707234794505214,3,At-Risk Low Value Customers
15942.0,0.8018323761266101,-0.9552142636712972,-0.6073430720392995,3,At-Risk Low Value Customers
15944.0,1.3408538993577666,-0.9552142636712972,-0.6368614317116449,3,At-Risk Low Value Customers
15945.0,1.5460705639150825,-0.9552142636712972,-1.1003444677593075,3,At-Risk Low Value Customers
15947.0,0.4477874389688077,-0.9552142636712972,0.6796842422363979,2,Occasional Customers
15948.0,-1.2189397565026774,-0.3615827770984003,0.2181103142382296,1,Recent Regular Customers
15949.0,-0.7017069128441668,-0.3615827770984003,-0.5457348474300623,0,Low Value Customers
15950.0,-0.2494027642928512,0.3863044476016776,0.6964629454005496,5,High Value Customers
15951.0,-1.1403187642352035,-0.3615827770984003,-0.0193885718353541,1,Recent Regular Customers
15952.0,-0.2054954383991431,0.3863044476016776,0.0591718136540253,2,Occasional Customers
15953.0,-0.7895977045488505,1.2468684386726128,0.6556295030111047,5,High Value Customers
15955.0,-0.4565741366045358,1.9947556633726904,1.4342548164526605,5,High Value Customers
15957.0,-0.2494027642928512,-0.9552142636712972,-0.4172581202316251,0,Low Value Customers
15958.0,0.3632205247355723,-0.9552142636712972,-1.5348367576890052,3,At-Risk Low Value Customers
15963.0,-0.5866782483482139,-0.3615827770984003,-0.3433953315895675,0,Low Value Customers
15965.0,-0.7017069128441668,0.3863044476016776,0.0860781048181085,1,Recent Regular Customers
15967.0,-0.4870358868672529,-0.3615827770984003,-0.4771569515853481,0,Low Value Customers
15969.0,-1.824063391865872,0.0596054655268191,-0.0680464135400923,1,Recent Regular Customers
15970.0,1.410020530205643,-0.9552142636712972,-0.6641317398251129,3,At-Risk Low Value Customers
15971.0,-0.6613614517492411,1.7852452398084837,1.3943334991404022,5,High Value Customers
15973.0,1.5501371094479746,-0.9552142636712972,-0.6801307703253417,3,At-Risk Low Value Customers
15974.0,-0.1058530769181821,1.0744251947249353,1.236262082083657,5,High Value Customers
15975.0,0.4566184208346949,-0.9552142636712972,-0.532182579228572,0,Low Value Customers
15976.0,0.9560835379863236,-0.3615827770984003,-0.4195723320504956,2,Occasional Customers
15977.0,-0.7017069128441668,-0.3615827770984003,0.2967715108554284,1,Recent Regular Customers
15978.0,0.3924873840167408,-0.9552142636712972,0.3292581364068686,2,Occasional Customers
15980.0,0.4992705584450125,0.0596054655268191,0.949384234509844,2,Occasional Customers
15981.0,-0.4273072773233673,1.2468684386726128,1.2284523238263618,5,High Value Customers
15983.0,-0.5187942651860693,0.3863044476016776,0.5577496938829742,1,Recent Regular Customers
15984.0,-1.824063391865872,1.54066546553549,1.0667072274333165,4,High Value Loyal Customers
15985.0,0.7384096537980341,-0.3615827770984003,0.3601838555084857,2,Occasional Customers
15986.0,-0.2960560335189878,-0.9552142636712972,-1.1586760113899153,0,Low Value Customers
15987.0,-0.9445401209818785,1.0744251947249353,0.5400176400922743,1,Recent Regular Customers
15988.0,-0.6230859205766931,-0.9552142636712972,-1.2138355585626417,0,Low Value Customers
15990.0,-0.0179622852134984,-0.3615827770984003,0.0694589092101561,2,Occasional Customers
15992.0,-1.6575516078937147,-0.9552142636712972,-2.2471674377043427,0,Low Value Customers
15993.0,-1.1403187642352035,1.0744251947249353,1.0658610882814652,5,High Value Customers
15994.0,0.1452256212872108,-0.9552142636712972,-0.4447560517342979,0,Low Value Customers
15996.0,0.4909329380903411,0.8789251688960832,0.2799201343535855,5,High Value Customers
15998.0,-0.1441286080907301,0.6532369520997158,1.1479987445070003,5,High Value Customers
16000.0,-1.824063391865872,0.0596054655268191,2.2542144610090995,1,Recent Regular Customers
16003.0,-0.2960560335189878,0.6532369520997158,1.053669831467062,5,High Value Customers
16005.0,-0.9445401209818785,0.3863044476016776,-0.1796356830216594,1,Recent Regular Customers
16006.0,1.1386051930976016,-0.9552142636712972,-1.5574081546285927,3,At-Risk Low Value Customers
16007.0,0.0455832598062495,0.3863044476016776,0.6729463933776352,5,High Value Customers
16008.0,-0.4565741366045358,0.0596054655268191,-0.3299983837689566,0,Low Value Customers
16009.0,-0.5187942651860693,0.3863044476016776,0.2320086690454716,1,Recent Regular Customers
16010.0,1.252627506451775,0.0596054655268191,-0.4877524055940767,2,Occasional Customers
16011.0,-1.2189397565026774,2.178003940795619,1.2154044474308452,4,High Value Loyal Customers
16012.0,-0.1844740691856557,0.0596054655268191,0.5302690651700295,2,Occasional Customers
16013.0,-1.6575516078937147,3.697696139694065,3.1261890471502483,4,High Value Loyal Customers
16014.0,-0.1247454596417701,0.0596054655268191,-0.0913411840629382,2,Occasional Customers
16015.0,-1.6575516078937147,0.0596054655268191,-0.0235117249157818,1,Recent Regular Customers
16016.0,-1.824063391865872,1.2468684386726128,0.5579610698461054,1,Recent Regular Customers
16017.0,0.030196956791258,-0.9552142636712972,-0.9757932250566768,0,Low Value Customers
16018.0,-0.1058530769181821,-0.3615827770984003,-0.4550999740257972,0,Low Value Customers
16019.0,0.030196956791258,1.4011241767997944,1.3119604941616922,5,High Value Customers
16020.0,-0.7017069128441668,0.0596054655268191,0.1263902804967155,1,Recent Regular Customers
16022.0,1.2937675680461596,-0.9552142636712972,-0.1475021072986203,3,At-Risk Low Value Customers
16023.0,0.0144867079241929,0.0596054655268191,-0.0065061931977457,2,Occasional Customers
16024.0,-0.9445401209818785,-0.9552142636712972,-0.8416277167468486,0,Low Value Customers
16025.0,-0.2960560335189878,-0.9552142636712972,-0.3975931902430841,0,Low Value Customers
16026.0,-0.0347317383159377,-0.9552142636712972,-0.890192175805712,0,Low Value Customers
16027.0,0.5237386278211207,0.8789251688960832,0.2007856380064544,2,Occasional Customers
16029.0,-0.1058530769181821,4.118884382319284,3.74460627625712,4,High Value Loyal Customers
16030.0,1.4245575339360348,-0.9552142636712972,-0.6220369682684362,3,At-Risk Low Value Customers
16031.0,0.5237386278211207,-0.3615827770984003,-0.2230371077700388,2,Occasional Customers
16033.0,-1.4064729096883222,2.487376384667096,1.9801820269716284,4,High Value Loyal Customers
16034.0,1.0838464579070546,0.0596054655268191,-0.4011359226228145,2,Occasional Customers
16036.0,0.4825011053425735,-0.3615827770984003,0.0354852910773121,2,Occasional Customers
16037.0,1.3218238523484769,0.0596054655268191,0.1301219050243109,2,Occasional Customers
16038.0,-1.2189397565026774,0.0596054655268191,-0.3416788930827256,1,Recent Regular Customers
16040.0,0.2678300793656594,0.0596054655268191,0.4710250075281273,2,Occasional Customers
16041.0,-0.2723648608903394,0.0596054655268191,1.1699216532866612,5,High Value Customers
16042.0,-0.5187942651860693,0.6532369520997158,0.3841792356919721,5,High Value Customers
16043.0,-0.1247454596417701,0.3863044476016776,0.0510913253019946,2,Occasional Customers
16045.0,0.7201342279169752,0.3863044476016776,0.4872716743397138,2,Occasional Customers
16048.0,1.5622054467539612,-0.3615827770984003,-0.8247488518594845,3,At-Risk Low Value Customers
16049.0,-0.0874272207859269,0.0596054655268191,0.3117452868527064,2,Occasional Customers
16050.0,0.9954820328900365,-0.9552142636712972,-1.3151215244922478,3,At-Risk Low Value Customers
16052.0,0.1317800456562198,-0.9552142636712972,-0.5515362817836046,0,Low Value Customers
16053.0,-0.2271262067959733,-0.3615827770984003,0.5827374632572185,2,Occasional Customers
16054.0,0.8602843228124161,-0.9552142636712972,0.0611892885635847,2,Occasional Customers
16055.0,1.172998804026387,-0.9552142636712972,-1.3330593474943626,3,At-Risk Low Value Customers
16056.0,-0.0015614215275583,-0.9552142636712972,-0.0865468021322805,0,Low Value Customers
16057.0,-0.7443590504544844,1.0744251947249353,0.9031118271654164,5,High Value Customers
16059.0,0.2790514826837337,0.8789251688960832,0.5512400478134862,5,High Value Customers
16062.0,-1.0691974256329595,0.3863044476016776,0.3679304735037386,1,Recent Regular Customers
16063.0,1.2937675680461596,-0.9552142636712972,-0.612336930432379,3,At-Risk Low Value Customers
16065.0,1.5460705639150825,-0.9552142636712972,-0.5404933909219876,3,At-Risk Low Value Customers
16066.0,-0.7017069128441668,0.6532369520997158,0.5874980028362793,1,Recent Regular Customers
16070.0,-0.5187942651860693,-0.3615827770984003,0.1274529251039218,0,Low Value Customers
16071.0,-0.0015614215275583,-0.9552142636712972,-0.6340880202453633,0,Low Value Customers
16072.0,1.3698109782739254,-0.9552142636712972,-0.1719818783951184,3,At-Risk Low Value Customers
16073.0,1.3926948271642658,-0.9552142636712972,-1.4091561820052778,3,At-Risk Low Value Customers
16076.0,-1.824063391865872,1.54066546553549,0.8930836642511302,4,High Value Loyal Customers
16078.0,1.3594106808800466,-0.9552142636712972,-1.751610319478879,3,At-Risk Low Value Customers
16079.0,-0.7017069128441668,0.0596054655268191,0.493936960959781,1,Recent Regular Customers
16080.0,0.4388506943278125,-0.3615827770984003,-0.956322311236748,0,Low Value Customers
16081.0,0.1584332095908674,0.6532369520997158,1.0720575868964517,5,High Value Customers
16083.0,0.5926684545441344,-0.3615827770984003,0.4734817753740836,2,Occasional Customers
16084.0,1.3976862120525944,-0.9552142636712972,-0.4038942618587021,3,At-Risk Low Value Customers
16085.0,-0.4870358868672529,0.6532369520997158,0.2396486977629401,1,Recent Regular Customers
16086.0,0.196708740763415,0.6532369520997158,0.3454309854363518,5,High Value Customers
16091.0,0.9097202276752518,-0.3615827770984003,-0.6617141625578237,3,At-Risk Low Value Customers
16092.0,0.6886439326829644,0.0596054655268191,0.0948514106585232,2,Occasional Customers
16093.0,0.6353205921544528,-0.9552142636712972,-2.939053880995772,3,At-Risk Low Value Customers
16094.0,-0.9445401209818785,0.3863044476016776,0.3142677184497249,1,Recent Regular Customers
16096.0,1.305116977069759,-0.9552142636712972,-0.6478551826831903,3,At-Risk Low Value Customers
16097.0,1.2342771737504357,-0.9552142636712972,-1.0828534937674972,3,At-Risk Low Value Customers
16098.0,0.4909329380903411,1.0744251947249353,0.8071647959960481,5,High Value Customers
16099.0,0.0754356108856238,0.0596054655268191,0.0067130562854103,2,Occasional Customers
16101.0,0.3327587744728552,-0.9552142636712972,0.4570892839612052,2,Occasional Customers
16102.0,-0.0518867296643757,0.0596054655268191,0.7396240336269563,2,Occasional Customers
16103.0,-1.3068305482073614,0.8789251688960832,0.5382808089724652,1,Recent Regular Customers
16104.0,0.2331164129918942,-0.9552142636712972,-0.705254424648174,0,Low Value Customers
16105.0,1.2616361783431542,-0.9552142636712972,-0.6084710119768135,3,At-Risk Low Value Customers
16106.0,0.2790514826837337,-0.9552142636712972,-1.5050027509844524,0,Low Value Customers
16107.0,-0.6613614517492411,1.0744251947249353,1.1793399289599074,5,High Value Customers
16108.0,0.4653461139941349,-0.9552142636712972,0.1184125177912397,2,Occasional Customers
16109.0,1.166245732973242,-0.3615827770984003,-0.1354161047270875,2,Occasional Customers
16110.0,-0.0015614215275583,0.0596054655268191,0.4754862245167527,2,Occasional Customers
16112.0,0.8499916181313663,0.3863044476016776,-1.0384539688252783,3,At-Risk Low Value Customers
16113.0,1.0329042657894636,-0.9552142636712972,-1.1909969884292504,3,At-Risk Low Value Customers
16114.0,0.982578957652646,-0.9552142636712972,-1.3275191220107765,3,At-Risk Low Value Customers
16115.0,-1.0691974256329595,1.2468684386726128,0.6573529261548423,5,High Value Customers
16116.0,1.1421167725593575,-0.9552142636712972,-0.1342499218872525,3,At-Risk Low Value Customers
16117.0,1.060765981162014,-0.9552142636712972,-0.9033055623513356,3,At-Risk Low Value Customers
16119.0,-1.2189397565026774,-0.3615827770984003,-0.4275476250142424,1,Recent Regular Customers
16120.0,0.196708740763415,0.3863044476016776,0.4683544050700622,2,Occasional Customers
16121.0,0.1714110890244534,-0.3615827770984003,0.1297876113229845,2,Occasional Customers
16122.0,0.3532041426862792,0.3863044476016776,-0.0465157904494417,2,Occasional Customers
16123.0,0.10413950578058,-0.9552142636712972,-0.6802337143083315,0,Low Value Customers
16124.0,1.4411670107791992,-0.9552142636712972,-0.8480548454619524,3,At-Risk Low Value Customers
16125.0,1.5501371094479746,-0.9552142636712972,-0.7291428031819965,3,At-Risk Low Value Customers
16126.0,-0.3205241028950956,0.3863044476016776,1.7149890711914757,5,High Value Customers
16127.0,-0.1058530769181821,-0.9552142636712972,-0.0798683800788634,0,Low Value Customers
16128.0,-0.6613614517492411,0.6532369520997158,0.7558761036039118,5,High Value Customers
16131.0,0.10413950578058,0.8789251688960832,1.2509869426983238,5,High Value Customers
16133.0,-1.6575516078937147,3.192823669993736,2.3838107952397416,4,High Value Loyal Customers
16134.0,-0.5187942651860693,-0.3615827770984003,-0.1274040591893198,0,Low Value Customers
16135.0,1.302295766682681,-0.9552142636712972,-0.2682410680381126,3,At-Risk Low Value Customers
16136.0,0.2090430589164636,0.0596054655268191,-0.0180897775829431,2,Occasional Customers
16139.0,-0.6230859205766931,0.0596054655268191,-0.1054756571016009,1,Recent Regular Customers
16140.0,0.2790514826837337,-0.3615827770984003,-0.0006074564779934,2,Occasional Customers
16141.0,0.4909329380903411,-0.9552142636712972,-0.124444224354871,2,Occasional Customers
16142.0,1.2646150615747358,-0.9552142636712972,-0.241433450890915,3,At-Risk Low Value Customers
16143.0,-1.824063391865872,0.8789251688960832,0.957974186942818,1,Recent Regular Customers
16144.0,1.2556424974565452,-0.9552142636712972,-1.126083287841506,3,At-Risk Low Value Customers
16145.0,-1.1403187642352035,1.668056681297832,1.314736067543634,4,High Value Loyal Customers
16146.0,0.9192262066550354,0.0596054655268191,0.0091275080258018,2,Occasional Customers
16147.0,0.8018323761266101,-0.9552142636712972,-0.5237041016948945,3,At-Risk Low Value Customers
16148.0,1.3901865583873654,-0.9552142636712972,-1.7806741897822131,3,At-Risk Low Value Customers
16149.0,-1.5215015741842748,-0.3615827770984003,-0.7536868499201677,0,Low Value Customers
16150.0,-0.0347317383159377,0.6532369520997158,0.8257154460154056,5,High Value Customers
16152.0,1.3190652197851211,-0.9552142636712972,0.7339553895567561,2,Occasional Customers
16153.0,0.0754356108856238,0.6532369520997158,0.731863811254604,5,High Value Customers
16156.0,-1.1403187642352035,1.4011241767997944,1.15104160019756,5,High Value Customers
16157.0,-0.7443590504544844,0.0596054655268191,-0.079336522908223,1,Recent Regular Customers
16159.0,1.354155664383771,-0.9552142636712972,-0.582469689327705,3,At-Risk Low Value Customers
16160.0,0.2678300793656594,-0.3615827770984003,0.2744110835560993,2,Occasional Customers
16161.0,-2.038734417842785,2.41594390599791,1.6134756928560134,4,High Value Loyal Customers
16162.0,1.270537388363865,-0.9552142636712972,-2.3369001814580126,3,At-Risk Low Value Customers
16163.0,1.2090862834765006,-0.3615827770984003,0.1315874223280136,2,Occasional Customers
16164.0,-0.7017069128441668,0.0596054655268191,0.0993226540731016,1,Recent Regular Customers
16168.0,-1.0042687305257638,2.908564627292316,1.312245830038982,4,High Value Loyal Customers
16169.0,-1.2189397565026774,0.3863044476016776,0.7313150023377297,1,Recent Regular Customers
16170.0,0.0899255663351436,0.8789251688960832,0.7579139379815796,5,High Value Customers
16171.0,0.196708740763415,-0.9552142636712972,-1.813407828686704,0,Low Value Customers
16172.0,0.5474298004497687,0.6532369520997158,0.3586463212662216,2,Occasional Customers
16173.0,-0.7443590504544844,0.8789251688960832,0.5319674830664485,5,High Value Customers
16174.0,0.7562481747889629,0.0596054655268191,0.2620119290308628,2,Occasional Customers
16175.0,0.5396160195399382,0.3863044476016776,0.2837630553219595,2,Occasional Customers
16177.0,0.0754356108856238,-0.9552142636712972,-0.6203404401394707,0,Low Value Customers
16178.0,0.8236210556992557,-0.9552142636712972,-1.029776238776271,3,At-Risk Low Value Customers
16179.0,0.2211768101395232,-0.9552142636712972,-0.9611821513804544,0,Low Value Customers
16180.0,0.5853165797205673,1.2468684386726128,2.103624702543824,5,High Value Customers
16181.0,0.3532041426862792,-0.9552142636712972,-0.6860199639687825,0,Low Value Customers
16182.0,0.343051479153905,0.3863044476016776,1.7556202470657285,5,High Value Customers
16183.0,0.2901066368625376,-0.9552142636712972,-0.604366429215896,0,Low Value Customers
16184.0,0.2564373503073006,0.8789251688960832,0.371481052921521,5,High Value Customers
16185.0,-0.7017069128441668,-0.3615827770984003,-0.2502692285370498,0,Low Value Customers
16186.0,-0.4870358868672529,1.7852452398084837,1.3569737607277708,5,High Value Customers
16187.0,-0.2494027642928512,2.089244923923052,1.7901362699639485,4,High Value Loyal Customers
16188.0,-0.0015614215275583,0.3863044476016776,0.2399317535179267,2,Occasional Customers
16189.0,-0.7443590504544844,-0.3615827770984003,-0.9624660114443434,0,Low Value Customers
16190.0,-0.0874272207859269,-0.9552142636712972,-0.9639358242316518,0,Low Value Customers
16191.0,-1.824063391865872,1.8937448980941995,1.561076528655219,4,High Value Loyal Customers
16193.0,1.2249299626985986,-0.9552142636712972,-0.6632494793534106,3,At-Risk Low Value Customers
16198.0,0.3731042355677808,-0.9552142636712972,-0.4711971695687491,0,Low Value Customers
16200.0,-1.6575516078937147,-0.3615827770984003,0.3073451025828875,1,Recent Regular Customers
16201.0,-1.824063391865872,0.3863044476016776,0.7487683209767708,1,Recent Regular Customers
16202.0,1.5378703796522508,-0.9552142636712972,-0.5445405681819302,3,At-Risk Low Value Customers
16203.0,0.196708740763415,0.3863044476016776,-0.1604168053966044,2,Occasional Customers
16204.0,-0.4870358868672529,-0.9552142636712972,-0.5045339904729039,0,Low Value Customers
16205.0,-0.2723648608903394,0.3863044476016776,0.0341350572582452,2,Occasional Customers
16206.0,0.1452256212872108,0.3863044476016776,-0.2388889003518778,2,Occasional Customers
16207.0,-0.4273072773233673,-0.9552142636712972,-0.483762538079005,0,Low Value Customers
16208.0,-0.0015614215275583,-0.3615827770984003,-0.0702414653536426,2,Occasional Customers
16209.0,0.4992705584450125,0.6532369520997158,0.902936303051664,5,High Value Customers
16210.0,-2.038734417842785,2.340846655976633,2.6765342705525885,4,High Value Loyal Customers
16211.0,0.4992705584450125,-0.9552142636712972,-0.224312242496174,2,Occasional Customers
16212.0,-0.6230859205766931,-0.3615827770984003,-0.0396811699223608,0,Low Value Customers
16213.0,0.4113797667403285,-0.9552142636712972,-1.2027315000452723,3,At-Risk Low Value Customers
16214.0,0.982578957652646,0.0596054655268191,0.3027859534091861,2,Occasional Customers
16215.0,0.429805622872584,-0.9552142636712972,-0.8694808444532377,3,At-Risk Low Value Customers
16216.0,1.3135171700007555,-0.9552142636712972,0.1838822053893404,2,Occasional Customers
16217.0,1.2186328007835272,-0.3615827770984003,-0.6893714409649087,3,At-Risk Low Value Customers
16218.0,-0.2960560335189878,1.0744251947249353,1.1491482638700927,5,High Value Customers
16221.0,-0.1441286080907301,0.0596054655268191,0.1355253403715977,2,Occasional Customers
16222.0,1.4435098989158772,-0.9552142636712972,0.0506399911895117,3,At-Risk Low Value Customers
16224.0,0.1714110890244534,0.3863044476016776,0.4599144389601662,2,Occasional Customers
16225.0,-0.0015614215275583,0.6532369520997158,0.3274784899784104,5,High Value Customers
16226.0,1.1099012982026455,0.0596054655268191,-0.8288342271727082,3,At-Risk Low Value Customers
16227.0,1.1863243234655771,-0.9552142636712972,-0.6638291401714119,3,At-Risk Low Value Customers
16229.0,0.4825011053425735,-0.3615827770984003,0.2628372525725815,2,Occasional Customers
16230.0,1.060765981162014,-0.3615827770984003,-0.2315817867216785,2,Occasional Customers
16232.0,-0.0179622852134984,0.3863044476016776,0.2471919420321829,2,Occasional Customers
16233.0,0.3327587744728552,0.0596054655268191,-0.23945036777084,2,Occasional Customers
16235.0,-0.0694454046897029,0.6532369520997158,0.1414507886552459,5,High Value Customers
16236.0,0.4019933629965244,-0.9552142636712972,-0.4111624382541366,0,Low Value Customers
16239.0,0.1714110890244534,-0.3615827770984003,-0.4448900262992106,0,Low Value Customers
16240.0,-0.4565741366045358,-0.3615827770984003,1.2976811330015547,5,High Value Customers
16241.0,-1.0691974256329595,1.8937448980941995,1.010382066868863,4,High Value Loyal Customers
16242.0,-1.2189397565026774,1.0744251947249353,1.2674283122678565,5,High Value Customers
16243.0,-0.2054954383991431,-0.3615827770984003,-0.4547123020436864,0,Low Value Customers
16244.0,1.1421167725593575,-0.3615827770984003,0.5883903718105866,2,Occasional Customers
16245.0,-0.4565741366045358,0.0596054655268191,0.5293538910795739,1,Recent Regular Customers
16247.0,0.978227870930976,-0.9552142636712972,-1.461323080410191,3,At-Risk Low Value Customers
16248.0,0.2331164129918942,-0.9552142636712972,-1.2334166452184074,0,Low Value Customers
16249.0,0.1180877484959417,0.6532369520997158,0.7212740080669499,5,High Value Customers
16250.0,1.2966211442140112,-0.3615827770984003,-0.493754663000797,3,At-Risk Low Value Customers
16253.0,0.2901066368625376,-0.3615827770984003,1.2901809948171936,2,Occasional Customers
16255.0,-0.7017069128441668,1.2468684386726128,1.0194086192016567,5,High Value Customers
16256.0,1.3135171700007555,-0.9552142636712972,0.0286688726633629,3,At-Risk Low Value Customers
16257.0,1.008165781748852,-0.9552142636712972,-2.160390126828681,3,At-Risk Low Value Customers
16258.0,-0.0015614215275583,0.6532369520997158,1.5645948732314972,5,High Value Customers
16260.0,0.0899255663351436,-0.9552142636712972,0.2821238410853639,2,Occasional Customers
16261.0,-0.7017069128441668,0.3863044476016776,0.0030612288486066,1,Recent Regular Customers
16265.0,-1.1403187642352035,1.4011241767997944,1.600932209997749,4,High Value Loyal Customers
16266.0,0.3632205247355723,1.0744251947249353,0.1364745439910269,5,High Value Customers
16268.0,0.3327587744728552,-0.3615827770984003,-0.0662020141365728,2,Occasional Customers
16270.0,1.5211946184651242,-0.9552142636712972,0.3593632797540473,2,Occasional Customers
16271.0,-1.824063391865872,0.6532369520997158,0.5242704127825034,1,Recent Regular Customers
16272.0,0.7013999571250162,-0.9552142636712972,-0.4496896999503808,3,At-Risk Low Value Customers
16274.0,1.5622054467539612,-0.9552142636712972,-0.5744312055403612,3,At-Risk Low Value Customers
16275.0,1.087624740705768,-0.9552142636712972,-0.2058925504757078,3,At-Risk Low Value Customers
16276.0,1.008165781748852,-0.9552142636712972,0.0877739477001718,2,Occasional Customers
16278.0,0.5853165797205673,-0.9552142636712972,-0.1967212963186742,2,Occasional Customers
16279.0,-0.5519645819744484,0.0596054655268191,0.5779059575825475,1,Recent Regular Customers
16281.0,0.343051479153905,-0.9552142636712972,0.8292054673780432,2,Occasional Customers
16282.0,1.493275620030947,-0.9552142636712972,-1.157830606437182,3,At-Risk Low Value Customers
16283.0,-1.4064729096883222,0.6532369520997158,0.6130693799312776,1,Recent Regular Customers
16284.0,-0.2723648608903394,-0.3615827770984003,0.0898081008324427,2,Occasional Customers
16287.0,0.978227870930976,-0.9552142636712972,-1.2892286767821568,3,At-Risk Low Value Customers
16292.0,0.7323674405541809,-0.9552142636712972,-0.6945956342885854,3,At-Risk Low Value Customers
16293.0,-0.5187942651860693,1.54066546553549,0.8981365222113384,5,High Value Customers
16295.0,-1.0691974256329595,0.3863044476016776,0.4800420954594838,1,Recent Regular Customers
16297.0,1.3190652197851211,-0.9552142636712972,-0.6955134093362204,3,At-Risk Low Value Customers
16298.0,-0.4870358868672529,0.0596054655268191,-0.1533560666349652,1,Recent Regular Customers
16302.0,0.7621008264266822,-0.9552142636712972,-0.8998711397758221,3,At-Risk Low Value Customers
16303.0,-0.3991450951625692,0.0596054655268191,1.5882320381972663,5,High Value Customers
16305.0,0.8289702489178785,-0.9552142636712972,-0.5533771472105942,3,At-Risk Low Value Customers
16306.0,1.1490907416248033,0.8789251688960832,-0.1094064894165172,2,Occasional Customers
16308.0,-0.1247454596417701,0.3863044476016776,1.0010315154274907,5,High Value Customers
16309.0,0.6283790606233428,-0.3615827770984003,-0.0212396592178581,2,Occasional Customers
16311.0,-0.6613614517492411,-0.3615827770984003,-0.1297567141400322,0,Low Value Customers
16313.0,-1.824063391865872,-0.3615827770984003,-0.7718758504354918,1,Recent Regular Customers
16315.0,1.4733163816448338,-0.9552142636712972,-0.923460400295716,3,At-Risk Low Value Customers
16316.0,0.2564373503073006,1.2468684386726128,1.110688945453249,5,High Value Customers
16317.0,0.7201342279169752,0.0596054655268191,0.4878341875751043,2,Occasional Customers
16318.0,-0.1844740691856557,-0.9552142636712972,-0.6294629226658403,0,Low Value Customers
16319.0,1.1628461404940136,-0.9552142636712972,-0.4638729662516305,3,At-Risk Low Value Customers
16320.0,0.9869048205414844,-0.3615827770984003,0.2844284993745866,2,Occasional Customers
16321.0,0.343051479153905,0.6532369520997158,-0.5265626465451619,2,Occasional Customers
16322.0,-2.341296235524383,-0.3615827770984003,-0.632850410110338,1,Recent Regular Customers
16323.0,1.0838464579070546,-0.9552142636712972,-0.9923152813008848,3,At-Risk Low Value Customers
16324.0,0.7679079316757323,0.0596054655268191,-0.455701239572656,2,Occasional Customers
16325.0,0.030196956791258,0.0596054655268191,-0.1586257036516421,2,Occasional Customers
16326.0,-1.4064729096883222,1.9947556633726904,1.1373527799294874,4,High Value Loyal Customers
16327.0,-0.8377569465536066,0.8789251688960832,1.3190695756460868,5,High Value Customers
16330.0,-0.6613614517492411,0.0596054655268191,-0.8388576412926795,0,Low Value Customers
16332.0,-0.3458217546340572,1.0744251947249353,0.619108674489776,5,High Value Customers
16333.0,-1.2189397565026774,2.6205659263872656,2.861932142867106,4,High Value Loyal Customers
16337.0,-0.1441286080907301,-0.9552142636712972,-1.2432343135530783,0,Low Value Customers
16338.0,0.9192262066550354,-0.9552142636712972,-0.9649663129993512,3,At-Risk Low Value Customers
16339.0,1.3594106808800466,-0.9552142636712972,-1.616602358097185,3,At-Risk Low Value Customers
16340.0,0.6353205921544528,-0.9552142636712972,-0.2429611318054952,2,Occasional Customers
16341.0,-0.4273072773233673,0.3863044476016776,0.7936803654494704,5,High Value Customers
16342.0,0.3731042355677808,0.3863044476016776,-0.6434443305929789,2,Occasional Customers
16343.0,-0.7443590504544844,-0.3615827770984003,-0.6284253719424994,0,Low Value Customers
16344.0,0.9239341671206882,-0.9552142636712972,-1.5597398752672376,3,At-Risk Low Value Customers
16345.0,-0.0179622852134984,-0.9552142636712972,-0.1980109835835788,0,Low Value Customers
16347.0,-1.0042687305257638,-0.3615827770984003,0.1230626700821002,1,Recent Regular Customers
16348.0,-0.2494027642928512,1.0744251947249353,0.530471047505458,5,High Value Customers
16349.0,1.377517166470927,-0.9552142636712972,-2.0586317013856648,3,At-Risk Low Value Customers
16350.0,-0.5519645819744484,0.3863044476016776,0.3419396370283213,1,Recent Regular Customers
16351.0,1.4777981324055245,-0.9552142636712972,-1.2284759581124782,3,At-Risk Low Value Customers
16352.0,-0.6613614517492411,-0.3615827770984003,-0.3044728546104233,0,Low Value Customers
16353.0,-1.6575516078937147,2.6828764104959486,1.7625613415115926,4,High Value Loyal Customers
16354.0,0.2448679827681711,-0.3615827770984003,-0.4809134019578254,0,Low Value Customers
16356.0,1.0913839892534942,0.0596054655268191,-0.9762039852219702,3,At-Risk Low Value Customers
16357.0,-0.2271262067959733,0.0596054655268191,-0.0766946064529495,2,Occasional Customers
16358.0,-2.341296235524383,0.3863044476016776,0.8157795675925382,1,Recent Regular Customers
16359.0,-1.3068305482073614,1.4011241767997944,0.6992850067714258,1,Recent Regular Customers
16360.0,-1.5215015741842748,0.8789251688960832,1.238166323306766,1,Recent Regular Customers
16361.0,-1.0691974256329595,0.3863044476016776,0.1630298168391453,1,Recent Regular Customers
16362.0,-0.2494027642928512,0.6532369520997158,-0.0174076415680007,5,High Value Customers
16363.0,0.1180877484959417,-0.9552142636712972,-1.4979140264888562,0,Low Value Customers
16364.0,-0.9445401209818785,-0.3615827770984003,-0.0221162218326764,1,Recent Regular Customers
16365.0,-0.6613614517492411,1.4011241767997944,0.5975533163314402,5,High Value Customers
16366.0,-0.6230859205766931,-0.9552142636712972,-0.6315178889501664,0,Low Value Customers
16367.0,-0.1441286080907301,-0.3615827770984003,0.0779904096540174,2,Occasional Customers
16368.0,-2.038734417842785,-0.3615827770984003,-0.3281288055638943,1,Recent Regular Customers
16369.0,-0.6613614517492411,0.0596054655268191,0.6001219123451711,1,Recent Regular Customers
16370.0,0.4388506943278125,0.3863044476016776,0.4639565597691518,2,Occasional Customers
16372.0,-0.2271262067959733,-0.3615827770984003,-0.5655146784524965,0,Low Value Customers
16374.0,0.2790514826837337,-0.3615827770984003,-0.3502134385642519,2,Occasional Customers
16376.0,-1.1403187642352035,-0.3615827770984003,0.2343328289010378,1,Recent Regular Customers
16377.0,1.3135171700007555,-0.9552142636712972,-0.0561042886163775,3,At-Risk Low Value Customers
16378.0,1.2556424974565452,0.0596054655268191,-0.549590482219167,2,Occasional Customers
16379.0,-1.6575516078937147,0.3863044476016776,0.8651087855374333,1,Recent Regular Customers
16380.0,0.2211768101395232,-0.9552142636712972,0.6957524440871543,2,Occasional Customers
16383.0,0.3731042355677808,-0.3615827770984003,-0.0951162684419042,2,Occasional Customers
16384.0,0.5075160485126933,-0.3615827770984003,-0.1717375181011546,2,Occasional Customers
16385.0,0.2090430589164636,0.0596054655268191,-0.2130233909225428,2,Occasional Customers
16386.0,-0.3205241028950956,-0.3615827770984003,-0.6937574521627636,0,Low Value Customers
16387.0,1.4551152534945606,-0.9552142636712972,-1.614014618404747,3,At-Risk Low Value Customers
16389.0,0.1180877484959417,0.3863044476016776,0.5114061189676893,2,Occasional Customers
16392.0,1.3218238523484769,-0.9552142636712972,-0.953667458706188,3,At-Risk Low Value Customers
16393.0,-2.038734417842785,1.8937448980941995,1.13780749385459,4,High Value Loyal Customers
16394.0,0.1714110890244534,0.6532369520997158,0.6052088007447166,5,High Value Customers
16395.0,0.2211768101395232,0.6532369520997158,0.5668795758960711,5,High Value Customers
16398.0,0.9049214377701916,-0.3615827770984003,0.6785489302694155,2,Occasional Customers
16399.0,-0.6230859205766931,-0.3615827770984003,-0.4568079809399092,0,Low Value Customers
16400.0,0.5474298004497687,-0.9552142636712972,-0.6902050075797981,3,At-Risk Low Value Customers
16401.0,-2.341296235524383,1.7852452398084837,1.374889870223689,4,High Value Loyal Customers
16402.0,1.307927561403842,-0.3615827770984003,-0.7179990400718708,3,At-Risk Low Value Customers
16403.0,1.4293409429987136,-0.9552142636712972,-1.1157765555109962,3,At-Risk Low Value Customers
16404.0,0.322322111219249,-0.9552142636712972,-0.3915027434937508,0,Low Value Customers
16405.0,1.4051112410606752,-0.3615827770984003,-1.162774861311584,3,At-Risk Low Value Customers
16406.0,-0.6230859205766931,-0.9552142636712972,-1.2261705421756754,0,Low Value Customers
16407.0,-0.8892400660298114,1.54066546553549,0.8359641847621453,5,High Value Customers
16409.0,-0.164028700972232,0.6532369520997158,0.8140067420612027,5,High Value Customers
16411.0,-0.6230859205766931,-0.3615827770984003,-0.9764654886362264,0,Low Value Customers
16412.0,0.1317800456562198,-0.9552142636712972,-1.3261255758700023,0,Low Value Customers
16413.0,0.1714110890244534,-0.9552142636712972,-0.8071635051704433,0,Low Value Customers
16414.0,-0.5187942651860693,-0.3615827770984003,-1.3847401299894038,0,Low Value Customers
16415.0,-0.0179622852134984,-0.9552142636712972,-1.020362608019293,0,Low Value Customers
16416.0,-0.3720072223713004,0.0596054655268191,0.2942608071184848,1,Recent Regular Customers
16418.0,-0.0015614215275583,0.0596054655268191,-0.1108510036474215,2,Occasional Customers
16419.0,0.6756660532493783,0.8789251688960832,0.2209889985517821,2,Occasional Customers
16422.0,-0.7017069128441668,3.814884698204717,3.072028754226512,4,High Value Loyal Customers
16423.0,-0.4273072773233673,-0.9552142636712972,-0.5872176161878226,0,Low Value Customers
16424.0,1.0646626441082796,-0.9552142636712972,-1.340349398308525,3,At-Risk Low Value Customers
16425.0,1.4051112410606752,-0.9552142636712972,-0.6934171930267548,3,At-Risk Low Value Customers
16426.0,-2.038734417842785,1.54066546553549,0.748891923430499,4,High Value Loyal Customers
16427.0,1.302295766682681,-0.3615827770984003,-0.8737049063797796,3,At-Risk Low Value Customers
16429.0,0.6283790606233428,-0.9552142636712972,-0.742390869046696,3,At-Risk Low Value Customers
16430.0,0.1714110890244534,-0.9552142636712972,-0.6982731109103181,0,Low Value Customers
16431.0,1.1456119042818538,0.0596054655268191,-0.1207694131430921,2,Occasional Customers
16432.0,0.2564373503073006,-0.9552142636712972,-0.734498222904275,0,Low Value Customers
16433.0,-0.3458217546340572,-0.9552142636712972,-1.086235227143489,0,Low Value Customers
16434.0,-0.3205241028950956,1.0744251947249353,0.5826586668383253,5,High Value Customers
16438.0,-1.4064729096883222,0.6532369520997158,0.0756871664704357,1,Recent Regular Customers
16440.0,-1.2189397565026774,0.6532369520997158,1.280811025570891,1,Recent Regular Customers
16441.0,0.2901066368625376,-0.3615827770984003,-0.5107064213330698,0,Low Value Customers
16442.0,-2.038734417842785,0.0596054655268191,-0.1387686777146241,1,Recent Regular Customers
16444.0,0.0144867079241929,0.3863044476016776,-0.081781170090936,2,Occasional Customers
16445.0,-0.2054954383991431,-0.9552142636712972,-0.9091200005393104,0,Low Value Customers
16446.0,-2.341296235524383,-0.3615827770984003,4.328063550678115,4,High Value Loyal Customers
16447.0,0.8128062394661227,-0.9552142636712972,-0.8263866694906201,3,At-Risk Low Value Customers
16448.0,1.0913839892534942,-0.9552142636712972,-1.091702027226329,3,At-Risk Low Value Customers
16449.0,1.0913839892534942,-0.3615827770984003,-0.0199826936340976,2,Occasional Customers
16450.0,0.8854115876894589,-0.9552142636712972,-0.6696491214763731,3,At-Risk Low Value Customers
16451.0,0.4909329380903411,-0.9552142636712972,-0.7928895352196272,3,At-Risk Low Value Customers
16454.0,-0.0015614215275583,-0.3615827770984003,-3.593519167713197,0,Low Value Customers
16455.0,0.2564373503073006,1.0744251947249353,0.7392099917185613,5,High Value Customers
16456.0,0.5778915507124864,0.6532369520997158,0.8653959313431148,5,High Value Customers
16457.0,1.1628461404940136,-0.9552142636712972,-0.9890440102726984,3,At-Risk Low Value Customers
16458.0,-1.824063391865872,2.340846655976633,1.245576034052555,4,High Value Loyal Customers
16460.0,-0.3458217546340572,0.0596054655268191,0.0883906112426473,2,Occasional Customers
16461.0,1.0123462367079263,-0.9552142636712972,-1.2869060422573524,3,At-Risk Low Value Customers
16462.0,0.3632205247355723,0.0596054655268191,-1.32606756444273,0,Low Value Customers
16463.0,-0.5519645819744484,0.3863044476016776,0.5342487422974058,1,Recent Regular Customers
16464.0,-0.5866782483482139,0.0596054655268191,0.46197170182321,1,Recent Regular Customers
16466.0,-0.2054954383991431,1.0744251947249353,0.6256848853343855,5,High Value Customers
16468.0,0.3632205247355723,-0.9552142636712972,-1.795405235713276,3,At-Risk Low Value Customers
16469.0,-0.4565741366045358,0.3863044476016776,-0.1180497863556792,1,Recent Regular Customers
16470.0,0.10413950578058,0.3863044476016776,0.0290274280916495,2,Occasional Customers
16471.0,1.3354660834710603,-0.9552142636712972,-0.9319643754287372,3,At-Risk Low Value Customers
16473.0,0.9560835379863236,0.0596054655268191,-0.6590783311385123,2,Occasional Customers
16474.0,-1.3068305482073614,1.0744251947249353,0.7259288063854925,1,Recent Regular Customers
16475.0,0.4909329380903411,0.3863044476016776,-0.2282665530166782,2,Occasional Customers
16477.0,0.2564373503073006,1.0744251947249353,0.980428421297344,5,High Value Customers
16478.0,-0.4273072773233673,0.0596054655268191,-0.6226112625588027,0,Low Value Customers
16479.0,-1.0691974256329595,-0.3615827770984003,-0.6983257697724876,0,Low Value Customers
16480.0,0.3828587438616125,-0.9552142636712972,0.0462569509599811,2,Occasional Customers
16482.0,-0.7443590504544844,-0.9552142636712972,-0.943816903750618,0,Low Value Customers
16483.0,1.068539064558348,-0.9552142636712972,-1.3068682367523656,3,At-Risk Low Value Customers
16484.0,0.9954820328900365,-0.3615827770984003,-0.4640690258425018,3,At-Risk Low Value Customers
16485.0,0.3924873840167408,-0.9552142636712972,-0.5480634181113927,0,Low Value Customers
16488.0,-0.2271262067959733,0.0596054655268191,-0.2975096411657407,0,Low Value Customers
16491.0,0.030196956791258,-0.9552142636712972,0.006279193822025,0,Low Value Customers
16493.0,0.4206495661775393,0.3863044476016776,0.4937195999795783,2,Occasional Customers
16494.0,1.3926948271642658,-0.9552142636712972,0.1032216650102403,3,At-Risk Low Value Customers
16495.0,-1.824063391865872,0.0596054655268191,-0.0895888602404518,1,Recent Regular Customers
16496.0,-1.1403187642352035,0.0596054655268191,0.6274545484680967,1,Recent Regular Customers
16497.0,0.0754356108856238,0.8789251688960832,1.1178954431195685,5,High Value Customers
16498.0,0.9378824098360496,-0.3615827770984003,-1.560752416014623,3,At-Risk Low Value Customers
16499.0,1.535806175684412,-0.3615827770984003,-0.5441501026249919,3,At-Risk Low Value Customers
16500.0,-1.5215015741842748,0.8789251688960832,-0.4708430962025671,1,Recent Regular Customers
16503.0,0.6353205921544528,0.3863044476016776,0.5395518981876011,2,Occasional Customers
16504.0,-0.4273072773233673,-0.9552142636712972,-0.3516590011019562,0,Low Value Customers
16505.0,-0.2494027642928512,-0.9552142636712972,0.0547846698913112,0,Low Value Customers
16506.0,-0.5866782483482139,-0.3615827770984003,-1.6485919549254058,0,Low Value Customers
16509.0,1.3926948271642658,-0.9552142636712972,-0.5479544543013133,3,At-Risk Low Value Customers
16510.0,1.5602075626728675,-0.9552142636712972,-0.8509210268607768,3,At-Risk Low Value Customers
16511.0,-0.5187942651860693,0.0596054655268191,0.1868268309497736,1,Recent Regular Customers
16513.0,-1.5215015741842748,0.3863044476016776,0.1480860890223106,1,Recent Regular Customers
16515.0,0.10413950578058,0.6532369520997158,0.6395863740059758,5,High Value Customers
16516.0,-0.2960560335189878,-0.9552142636712972,-1.5550832552204763,0,Low Value Customers
16517.0,1.3408538993577666,-0.9552142636712972,-1.184562701793726,3,At-Risk Low Value Customers
16518.0,0.2211768101395232,-0.3615827770984003,-0.320874274404183,2,Occasional Customers
16519.0,-0.4273072773233673,-0.3615827770984003,-0.9639358242316518,0,Low Value Customers
16520.0,1.0449726030954505,0.0596054655268191,0.2906050017273739,2,Occasional Customers
16523.0,-2.038734417842785,2.555485194733606,2.03606958668489,4,High Value Loyal Customers
16525.0,-2.038734417842785,2.855319654443625,2.293844715175319,4,High Value Loyal Customers
16526.0,0.9869048205414844,-0.9552142636712972,-0.7263830925714626,3,At-Risk Low Value Customers
16527.0,0.429805622872584,-0.9552142636712972,-0.9175751793716532,3,At-Risk Low Value Customers
16528.0,-1.6575516078937147,-0.9552142636712972,-0.8627816528573982,0,Low Value Customers
16529.0,1.060765981162014,-0.9552142636712972,-0.3699626576997902,3,At-Risk Low Value Customers
16531.0,-0.5187942651860693,1.0744251947249353,0.4282010432980024,5,High Value Customers
16532.0,-0.6613614517492411,0.0596054655268191,1.7712139564116578,5,High Value Customers
16533.0,-0.6230859205766931,0.0596054655268191,0.3176332203428434,1,Recent Regular Customers
16535.0,-1.5215015741842748,-0.9552142636712972,-0.1592801906982855,0,Low Value Customers
16536.0,0.6557659603678762,-0.9552142636712972,-0.2227186435110913,2,Occasional Customers
16539.0,-1.824063391865872,0.3863044476016776,0.5152695924823947,1,Recent Regular Customers
16542.0,0.1317800456562198,-0.9552142636712972,-1.4272648466447486,0,Low Value Customers
16545.0,0.9560835379863236,-0.9552142636712972,-0.602987363111798,3,At-Risk Low Value Customers
16546.0,1.377517166470927,-0.3615827770984003,0.0644731869834019,2,Occasional Customers
16549.0,-1.0691974256329595,1.54066546553549,1.3624986522527482,4,High Value Loyal Customers
16550.0,0.6490128893147309,0.6532369520997158,0.9155969308973744,5,High Value Customers
16551.0,0.5551626080798789,0.0596054655268191,0.1900964140089329,2,Occasional Customers
16552.0,1.2435087462334855,-0.3615827770984003,-0.5137689590249518,3,At-Risk Low Value Customers
16553.0,0.947038466531095,1.7852452398084837,1.6397654454118191,5,High Value Customers
16554.0,-0.0518867296643757,0.0596054655268191,0.1133083984901581,2,Occasional Customers
16555.0,-0.1844740691856557,-0.3615827770984003,-0.7386701756678589,0,Low Value Customers
16556.0,0.2901066368625376,1.0744251947249353,1.2060684141310565,5,High Value Customers
16557.0,-0.4565741366045358,-0.3615827770984003,-0.7499411171740189,0,Low Value Customers
16558.0,-2.341296235524383,2.487376384667096,1.939290240609648,4,High Value Loyal Customers
16560.0,-0.3720072223713004,-0.3615827770984003,0.1173848791301609,2,Occasional Customers
16561.0,-1.4064729096883222,-0.3615827770984003,-0.2781572670716006,1,Recent Regular Customers
16563.0,0.1317800456562198,-0.9552142636712972,0.3139068084231712,2,Occasional Customers
16565.0,1.5440289504430844,-0.9552142636712972,-1.1328778081182782,3,At-Risk Low Value Customers
16566.0,-0.7895977045488505,0.6532369520997158,-0.1318194023759721,1,Recent Regular Customers
16567.0,1.0762320116474091,-0.3615827770984003,0.1398841545976613,2,Occasional Customers
16569.0,-1.824063391865872,-0.9552142636712972,-1.3976474564637382,0,Low Value Customers
16570.0,-0.7895977045488505,1.54066546553549,1.301857638734554,5,High Value Customers
16571.0,-0.3720072223713004,0.0596054655268191,0.5338522287855499,1,Recent Regular Customers
16572.0,0.7621008264266822,0.0596054655268191,0.2620512495933015,2,Occasional Customers
16573.0,0.4653461139941349,-0.3615827770984003,-0.0710183427131667,2,Occasional Customers
16574.0,0.3327587744728552,-0.9552142636712972,-0.3766270420332154,0,Low Value Customers
16581.0,1.0329042657894636,-0.9552142636712972,-1.5236754069252274,3,At-Risk Low Value Customers
16582.0,0.6756660532493783,-0.9552142636712972,-0.6653432919330743,3,At-Risk Low Value Customers
16583.0,1.5641979960247516,-0.9552142636712972,-0.8990911139554595,3,At-Risk Low Value Customers
16584.0,0.4206495661775393,-0.3615827770984003,0.2020248140138579,2,Occasional Customers
16586.0,1.2616361783431542,-0.9552142636712972,-0.3549510744631921,3,At-Risk Low Value Customers
16587.0,1.2090862834765006,-0.9552142636712972,-0.9277361541623266,3,At-Risk Low Value Customers
16589.0,0.3327587744728552,0.0596054655268191,-0.3630428158058615,2,Occasional Customers
16591.0,0.3117374052593681,-0.9552142636712972,-0.9697683067485756,0,Low Value Customers
16592.0,-1.6575516078937147,2.178003940795619,1.377862119885061,4,High Value Loyal Customers
16593.0,0.0899255663351436,0.0596054655268191,-0.6249366061212982,0,Low Value Customers
16594.0,0.3731042355677808,-0.9552142636712972,-1.0999515677580003,0,Low Value Customers
16595.0,0.2211768101395232,-0.9552142636712972,-0.555706246172063,0,Low Value Customers
16596.0,-0.7443590504544844,-0.3615827770984003,-0.8444074812640229,0,Low Value Customers
16597.0,-1.6575516078937147,-0.9552142636712972,-1.6508583726330766,0,Low Value Customers
16598.0,1.3646289487086452,-0.9552142636712972,-1.275230350818463,3,At-Risk Low Value Customers
16600.0,-1.6575516078937147,0.8789251688960832,0.0906281121322643,1,Recent Regular Customers
16601.0,-0.0694454046897029,-0.9552142636712972,-0.8683386426689076,0,Low Value Customers
16602.0,-0.164028700972232,-0.9552142636712972,-0.2522645058751608,0,Low Value Customers
16603.0,0.3731042355677808,-0.3615827770984003,-0.3239094992725696,2,Occasional Customers
16607.0,-0.6613614517492411,1.9947556633726904,1.214159474762345,4,High Value Loyal Customers
16609.0,-0.7895977045488505,1.0744251947249353,1.6076808321056748,5,High Value Customers
16610.0,1.166245732973242,-0.9552142636712972,-1.787487066696266,3,At-Risk Low Value Customers
16611.0,1.0449726030954505,-0.9552142636712972,-1.3647583429099532,3,At-Risk Low Value Customers
16612.0,-0.2271262067959733,0.3863044476016776,0.391021549999953,5,High Value Customers
16613.0,0.322322111219249,-0.9552142636712972,-0.1267624668565685,2,Occasional Customers
16614.0,1.0329042657894636,-0.9552142636712972,-0.2858448937228163,3,At-Risk Low Value Customers
16616.0,-0.7895977045488505,-0.3615827770984003,-0.2949378592385147,0,Low Value Customers
16617.0,1.2217880243366328,-0.9552142636712972,-1.239063874084071,3,At-Risk Low Value Customers
16618.0,-0.2723648608903394,0.6532369520997158,1.027757897443714,5,High Value Customers
16619.0,1.305116977069759,-0.9552142636712972,-0.9240198459944352,3,At-Risk Low Value Customers
16620.0,-1.6575516078937147,-0.3615827770984003,-1.1093027027203972,0,Low Value Customers
16621.0,0.10413950578058,0.3863044476016776,0.090589083155089,2,Occasional Customers
16623.0,1.252627506451775,-0.9552142636712972,-1.365001993574104,3,At-Risk Low Value Customers
16624.0,0.429805622872584,-0.3615827770984003,0.0877445708309222,2,Occasional Customers
16625.0,1.3354660834710603,-0.9552142636712972,-0.6176477786764193,3,At-Risk Low Value Customers
16626.0,-2.341296235524383,2.2616881678707283,1.4336860843077823,4,High Value Loyal Customers
16627.0,0.4113797667403285,-0.9552142636712972,-0.6424865463156461,0,Low Value Customers
16628.0,-0.2960560335189878,0.6532369520997158,0.8763148041991153,5,High Value Customers
16629.0,0.3632205247355723,-0.3615827770984003,-0.455623631355259,2,Occasional Customers
16633.0,-0.7017069128441668,0.8789251688960832,1.0954571370745436,5,High Value Customers
16634.0,1.1796913086042322,-0.3615827770984003,-0.9536311523699216,3,At-Risk Low Value Customers
16637.0,-0.2494027642928512,0.3863044476016776,0.3685153151730407,5,High Value Customers
16638.0,-0.4870358868672529,1.54066546553549,0.6667844248984098,5,High Value Customers
16639.0,-0.2723648608903394,0.0596054655268191,0.4364019706006039,2,Occasional Customers
16641.0,0.6283790606233428,-0.9552142636712972,-0.9070972249037637,3,At-Risk Low Value Customers
16642.0,-1.5215015741842748,-0.3615827770984003,-0.0419951240158429,1,Recent Regular Customers
16643.0,1.252627506451775,-0.9552142636712972,-0.3156676368090813,3,At-Risk Low Value Customers
16644.0,1.0123462367079263,-0.3615827770984003,0.1101539595322345,2,Occasional Customers
16647.0,0.978227870930976,-0.3615827770984003,-0.967696197246936,3,At-Risk Low Value Customers
16648.0,-0.0347317383159377,-0.9552142636712972,-0.7255652191355161,0,Low Value Customers
16650.0,0.343051479153905,-0.9552142636712972,-0.2669088269746929,0,Low Value Customers
16652.0,0.196708740763415,1.0744251947249353,1.77417198312349,5,High Value Customers
16653.0,-0.7443590504544844,-0.3615827770984003,0.4075629815833085,1,Recent Regular Customers
16654.0,0.83955495487776,0.3863044476016776,-0.1492946770356322,2,Occasional Customers
16655.0,-0.6613614517492411,0.8789251688960832,1.3126484828334943,5,High Value Customers
16656.0,-0.5187942651860693,2.089244923923052,1.9662089130494311,4,High Value Loyal Customers
16657.0,-1.0691974256329595,0.3863044476016776,0.1479408520656059,1,Recent Regular Customers
16658.0,1.5521621018942895,-0.9552142636712972,-1.4037646967824589,3,At-Risk Low Value Customers
16659.0,1.0568488631984492,-0.9552142636712972,-2.3020772043608417,3,At-Risk Low Value Customers
16660.0,-0.7443590504544844,0.3863044476016776,0.4427795490512822,1,Recent Regular Customers
16665.0,1.539928889257083,-0.9552142636712972,-1.3295557670327691,3,At-Risk Low Value Customers
16666.0,-0.6230859205766931,-0.9552142636712972,-1.4314928335946606,0,Low Value Customers
16667.0,0.3010003961540392,-0.3615827770984003,-0.1956015278463116,2,Occasional Customers
16668.0,-0.7895977045488505,0.8789251688960832,-0.6829666000522363,1,Recent Regular Customers
16669.0,-0.4565741366045358,0.0596054655268191,0.4921022135424201,1,Recent Regular Customers
16670.0,-0.7017069128441668,1.668056681297832,1.3744205707854114,5,High Value Customers
16671.0,-0.3458217546340572,0.0596054655268191,0.672223930798511,5,High Value Customers
16672.0,-2.038734417842785,2.487376384667096,1.9196519035510984,4,High Value Loyal Customers
16674.0,0.1452256212872108,-0.3615827770984003,-0.6893974766918703,0,Low Value Customers
16676.0,-0.2054954383991431,0.3863044476016776,0.6237716071365785,5,High Value Customers
16678.0,-1.824063391865872,1.7852452398084837,1.1556403527131047,4,High Value Loyal Customers
16679.0,1.5481066068113414,-0.9552142636712972,-1.3631764317892066,3,At-Risk Low Value Customers
16680.0,-0.0347317383159377,-0.9552142636712972,-1.0886411508462628,0,Low Value Customers
16681.0,0.3532041426862792,0.8789251688960832,0.7080460776406241,5,High Value Customers
16682.0,-1.5215015741842748,0.6532369520997158,0.2763907118339918,1,Recent Regular Customers
16684.0,-1.6575516078937147,2.959940965055545,3.5911484537844904,4,High Value Loyal Customers
16685.0,0.2211768101395232,-0.3615827770984003,-0.6389600778506193,0,Low Value Customers
16686.0,0.030196956791258,1.0744251947249353,1.1163375134687856,5,High Value Customers
16688.0,-2.341296235524383,0.3863044476016776,0.438514627751895,1,Recent Regular Customers
16689.0,0.3828587438616125,-0.3615827770984003,-0.4289722042346791,2,Occasional Customers
16690.0,0.343051479153905,-0.3615827770984003,-0.9262264996299812,0,Low Value Customers
16692.0,1.2822428716590402,-0.3615827770984003,0.4479931477953116,2,Occasional Customers
16693.0,0.3117374052593681,-0.3615827770984003,-0.3315237730041824,2,Occasional Customers
16696.0,0.8073394805210485,0.3863044476016776,-0.0778757483264662,2,Occasional Customers
16697.0,1.237367071575486,-0.9552142636712972,-1.4738692993780498,3,At-Risk Low Value Customers
16698.0,1.1928988969078893,-0.3615827770984003,0.8041371681214002,2,Occasional Customers
16700.0,-1.1403187642352035,1.8937448980941995,1.5449677289074806,4,High Value Loyal Customers
16701.0,-1.1403187642352035,1.8937448980941995,1.593796150036285,4,High Value Loyal Customers
16705.0,-2.341296235524383,2.487376384667096,2.3530434277610888,4,High Value Loyal Customers
16706.0,-0.1441286080907301,0.0596054655268191,-0.2473677773066845,2,Occasional Customers
16708.0,0.0144867079241929,-0.9552142636712972,-0.0794090279304033,0,Low Value Customers
16709.0,0.4653461139941349,0.6532369520997158,1.1349048806413369,5,High Value Customers
16710.0,-0.6230859205766931,1.54066546553549,0.9719535096605336,5,High Value Customers
16711.0,-1.824063391865872,0.6532369520997158,0.65262854353944,1,Recent Regular Customers
16712.0,-1.1403187642352035,1.668056681297832,1.2743777770065206,4,High Value Loyal Customers
16713.0,-0.6230859205766931,2.089244923923052,1.790060385728628,4,High Value Loyal Customers
16714.0,1.166245732973242,0.0596054655268191,0.350843388686039,2,Occasional Customers
16715.0,0.4019933629965244,-0.9552142636712972,-0.6959858209566245,0,Low Value Customers
16716.0,1.3135171700007555,-0.3615827770984003,0.171878864969134,2,Occasional Customers
16717.0,-0.4565741366045358,0.8789251688960832,1.32379937633806,5,High Value Customers
16718.0,1.5541816139754578,-0.9552142636712972,-0.1430121092110039,3,At-Risk Low Value Customers
16719.0,-0.7895977045488505,1.0744251947249353,0.7079922367426612,5,High Value Customers
16720.0,-0.3991450951625692,-0.9552142636712972,-1.2333650210962956,0,Low Value Customers
16721.0,1.2994638495891662,-0.9552142636712972,-0.7206484948206667,3,At-Risk Low Value Customers
16722.0,-0.7017069128441668,1.8937448980941995,1.4889226929790698,4,High Value Loyal Customers
16723.0,0.5156714221309526,-0.3615827770984003,-0.1828088006573742,2,Occasional Customers
16725.0,1.4051112410606752,1.0744251947249353,0.0348052274415039,2,Occasional Customers
16726.0,-0.3991450951625692,0.6532369520997158,0.4978860859718734,5,High Value Customers
16727.0,1.5440289504430844,-0.9552142636712972,-0.8251193830096745,3,At-Risk Low Value Customers
16728.0,0.0144867079241929,0.3863044476016776,0.2919012169145433,2,Occasional Customers
16729.0,-0.1247454596417701,2.555485194733606,1.8232264358835848,4,High Value Loyal Customers
16730.0,0.10413950578058,0.0596054655268191,0.0187767076805508,2,Occasional Customers
16732.0,-0.2494027642928512,-0.9552142636712972,-0.1460289033260919,0,Low Value Customers
16734.0,0.10413950578058,0.0596054655268191,-0.0914270614290555,2,Occasional Customers
16735.0,0.4113797667403285,0.6532369520997158,0.8975782483465,5,High Value Customers
16737.0,0.1180877484959417,-0.9552142636712972,-0.4384086431416906,0,Low Value Customers
16738.0,1.3951946930149468,-0.9552142636712972,-3.9978114886526086,3,At-Risk Low Value Customers
16739.0,1.008165781748852,-0.9552142636712972,-0.6419958222817969,3,At-Risk Low Value Customers
16742.0,0.030196956791258,-0.9552142636712972,-0.3533289195890121,0,Low Value Customers
16743.0,-0.3205241028950956,1.0744251947249353,0.8853682530458895,5,High Value Customers
16744.0,-1.0042687305257638,1.0744251947249353,0.457833396537424,1,Recent Regular Customers
16745.0,0.4825011053425735,2.2616881678707283,1.820505540998513,5,High Value Customers
16746.0,-1.5215015741842748,2.340846655976633,1.7630849001964328,4,High Value Loyal Customers
16747.0,-0.1247454596417701,-0.3615827770984003,0.1123216070724296,2,Occasional Customers
16748.0,-0.6613614517492411,0.6532369520997158,0.5848096289362884,5,High Value Customers
16750.0,-0.0015614215275583,0.6532369520997158,-0.1199423737301213,2,Occasional Customers
16751.0,-0.2723648608903394,-0.9552142636712972,0.7055206058782583,2,Occasional Customers
16752.0,1.5622054467539612,-0.9552142636712972,-0.9923152813008848,3,At-Risk Low Value Customers
16753.0,0.1841671134665053,-0.9552142636712972,-0.9320703697224768,0,Low Value Customers
16754.0,1.5602075626728675,-0.9552142636712972,0.8058845210186558,2,Occasional Customers
16755.0,0.68218320610311,0.0596054655268191,0.5633187918048727,2,Occasional Customers
16756.0,1.1525534358129637,-0.9552142636712972,-0.8791737657046339,3,At-Risk Low Value Customers
16757.0,1.4458454540573504,-0.9552142636712972,-1.516345217798431,3,At-Risk Low Value Customers
16758.0,0.2678300793656594,-0.9552142636712972,-0.5357582436545616,0,Low Value Customers
16759.0,-1.2189397565026774,0.0596054655268191,0.0671307707810418,1,Recent Regular Customers
16761.0,0.5628161034647609,-0.9552142636712972,-0.6578012176052535,3,At-Risk Low Value Customers
16762.0,-0.5866782483482139,0.0596054655268191,0.4040059144056961,1,Recent Regular Customers
16763.0,1.0951243943709967,-0.9552142636712972,-0.135455006975432,3,At-Risk Low Value Customers
16764.0,-1.6575516078937147,1.8937448980941995,1.0696502542360855,4,High Value Loyal Customers
16765.0,1.3851445847556845,-0.9552142636712972,-2.4105788940499653,3,At-Risk Low Value Customers
16766.0,1.3300390831246338,-0.3615827770984003,0.362391028568717,2,Occasional Customers
16767.0,-0.2723648608903394,1.668056681297832,1.6194680617827983,5,High Value Customers
16768.0,0.0455832598062495,0.0596054655268191,-0.3311421511252679,2,Occasional Customers
16769.0,1.2937675680461596,-0.9552142636712972,-0.5526753622562711,3,At-Risk Low Value Customers
16770.0,0.1841671134665053,0.6532369520997158,0.0335796444723766,2,Occasional Customers
16771.0,-0.2271262067959733,0.6532369520997158,0.8958798170482284,5,High Value Customers
16773.0,0.1714110890244534,-0.9552142636712972,-1.1425348426352813,0,Low Value Customers
16774.0,0.3010003961540392,0.3863044476016776,-0.0735214613941424,2,Occasional Customers
16775.0,-1.0691974256329595,1.668056681297832,0.6718671486411961,5,High Value Customers
16776.0,0.2090430589164636,-0.9552142636712972,-0.5310511423301635,0,Low Value Customers
16777.0,0.4206495661775393,-0.3615827770984003,-0.93667708798482,0,Low Value Customers
16778.0,0.3632205247355723,-0.3615827770984003,-0.8578423330165293,0,Low Value Customers
16779.0,-2.038734417842785,2.6205659263872656,2.1308602841451774,4,High Value Loyal Customers
16780.0,0.5853165797205673,-0.3615827770984003,-0.429647897244833,2,Occasional Customers
16781.0,1.5602075626728675,-0.9552142636712972,-0.6713525546568772,3,At-Risk Low Value Customers
16782.0,-1.0691974256329595,1.8937448980941995,0.9048053970892784,4,High Value Loyal Customers
16784.0,-0.5866782483482139,-0.9552142636712972,-1.510690338220584,0,Low Value Customers
16788.0,0.7384096537980341,-0.3615827770984003,-0.1584254581803104,2,Occasional Customers
16789.0,-1.2189397565026774,-0.9552142636712972,-1.735911487085,0,Low Value Customers
16790.0,-1.6575516078937147,0.8789251688960832,0.6002298277454394,1,Recent Regular Customers
16791.0,-0.3205241028950956,1.0744251947249353,0.6785396177289443,5,High Value Customers
16792.0,1.354155664383771,-0.3615827770984003,-1.490602510153189,3,At-Risk Low Value Customers
16793.0,0.1714110890244534,-0.9552142636712972,-0.8646296687930821,0,Low Value Customers
16794.0,-2.341296235524383,1.54066546553549,0.3969100265995287,1,Recent Regular Customers
16795.0,1.5460705639150825,-0.9552142636712972,-0.4435895140670692,3,At-Risk Low Value Customers
16796.0,0.4992705584450125,-0.9552142636712972,-0.6858125851307431,3,At-Risk Low Value Customers
16800.0,-1.0042687305257638,-0.9552142636712972,0.3741216643906127,1,Recent Regular Customers
16801.0,0.947038466531095,0.3863044476016776,0.6248234837311617,2,Occasional Customers
16803.0,0.2678300793656594,-0.9552142636712972,-0.6195054542715936,0,Low Value Customers
16804.0,-0.4870358868672529,0.0596054655268191,-0.2389922987597738,0,Low Value Customers
16805.0,0.9954820328900365,-0.3615827770984003,-0.3607150917000708,2,Occasional Customers
16806.0,0.6071584099936543,0.3863044476016776,0.0388664938220114,2,Occasional Customers
16807.0,0.8499916181313663,0.0596054655268191,0.3455725862612447,2,Occasional Customers
16808.0,0.5778915507124864,-0.3615827770984003,-0.7316924254568968,3,At-Risk Low Value Customers
16809.0,-0.4870358868672529,0.6532369520997158,0.1836739366299817,1,Recent Regular Customers
16810.0,1.068539064558348,-0.9552142636712972,-0.6757167465078924,3,At-Risk Low Value Customers
16811.0,-1.5215015741842748,-0.3615827770984003,-0.2242397368125056,1,Recent Regular Customers
16812.0,1.5378703796522508,-0.9552142636712972,-0.3290547724760433,3,At-Risk Low Value Customers
16813.0,-1.2189397565026774,1.54066546553549,0.6531815714660071,5,High Value Customers
16814.0,-0.8377569465536066,2.555485194733606,1.73111750645527,4,High Value Loyal Customers
16816.0,0.6071584099936543,0.3863044476016776,-0.4394345149062733,2,Occasional Customers
16817.0,-1.824063391865872,1.4011241767997944,0.6300472363953048,1,Recent Regular Customers
16818.0,-1.0042687305257638,1.668056681297832,1.2146007739098532,4,High Value Loyal Customers
16820.0,0.5551626080798789,-0.9552142636712972,-0.2994041058234337,2,Occasional Customers
16823.0,1.1928988969078893,-0.9552142636712972,-0.5596327954610724,3,At-Risk Low Value Customers
16824.0,-0.7443590504544844,-0.3615827770984003,-0.3606290104908008,0,Low Value Customers
16825.0,-0.1058530769181821,-0.3615827770984003,0.0523106964439571,2,Occasional Customers
16826.0,0.0899255663351436,-0.9552142636712972,-0.5974021392038098,0,Low Value Customers
16828.0,0.5317195515827039,-0.3615827770984003,-1.3708107608860425,3,At-Risk Low Value Customers
16829.0,0.9192262066550354,-0.9552142636712972,-1.0324979111197714,3,At-Risk Low Value Customers
16830.0,-0.1058530769181821,-0.9552142636712972,-0.6348898550323246,0,Low Value Customers
16832.0,1.0369487703169469,0.0596054655268191,-1.024797350498363,3,At-Risk Low Value Customers
16833.0,-2.341296235524383,0.3863044476016776,0.3348388330945744,1,Recent Regular Customers
16834.0,1.1961645881530594,-0.9552142636712972,-0.4463077119563542,3,At-Risk Low Value Customers
16835.0,0.7679079316757323,-0.3615827770984003,-1.100999733054834,3,At-Risk Low Value Customers
16836.0,-0.0874272207859269,-0.3615827770984003,-0.8389833445706623,0,Low Value Customers
16837.0,-0.2723648608903394,1.668056681297832,1.171069984133258,5,High Value Customers
16838.0,1.087624740705768,-0.3615827770984003,-0.1658548778381936,2,Occasional Customers
16839.0,-1.1403187642352035,3.2352636093671743,2.4861585359269425,4,High Value Loyal Customers
16841.0,-0.1441286080907301,0.8789251688960832,0.7514704002201815,5,High Value Customers
16842.0,0.5926684545441344,0.0596054655268191,0.4406091207498211,2,Occasional Customers
16843.0,-0.0347317383159377,2.178003940795619,2.099147615100803,4,High Value Loyal Customers
16846.0,0.0754356108856238,-0.9552142636712972,-0.9667359798227768,0,Low Value Customers
16847.0,-0.0347317383159377,-0.9552142636712972,-1.0477995101269006,0,Low Value Customers
16848.0,0.1180877484959417,-0.9552142636712972,-0.7511502133983733,0,Low Value Customers
16849.0,1.048952395241215,-0.9552142636712972,-1.3953022843460263,3,At-Risk Low Value Customers
16850.0,1.480028953972913,-0.9552142636712972,-0.619243211224315,3,At-Risk Low Value Customers
16851.0,-1.6575516078937147,0.0596054655268191,-0.5956647759507139,1,Recent Regular Customers
16852.0,-1.0691974256329595,-0.3615827770984003,-1.2759925227953586,0,Low Value Customers
16855.0,-0.4565741366045358,-0.3615827770984003,-0.6288595306790924,0,Low Value Customers
16856.0,-0.7895977045488505,-0.9552142636712972,-2.379409112871772,0,Low Value Customers
16858.0,1.5541816139754578,-0.9552142636712972,-0.52224702863313,3,At-Risk Low Value Customers
16859.0,0.8602843228124161,-0.3615827770984003,0.0237806353038822,2,Occasional Customers
16861.0,0.2090430589164636,-0.3615827770984003,-1.1326049090550228,0,Low Value Customers
16863.0,-0.2723648608903394,-0.3615827770984003,-0.2911745932916711,0,Low Value Customers
16866.0,0.83955495487776,0.0596054655268191,-0.9914010130981608,3,At-Risk Low Value Customers
16869.0,-0.4870358868672529,0.3863044476016776,0.0941328943354648,1,Recent Regular Customers
16871.0,-0.5187942651860693,0.8789251688960832,1.075715704822323,5,High Value Customers
16872.0,0.3924873840167408,0.0596054655268191,-0.0516339270601017,2,Occasional Customers
16873.0,-1.5215015741842748,0.8789251688960832,1.814163827807853,4,High Value Loyal Customers
16875.0,0.2901066368625376,0.6532369520997158,0.8419952399792375,5,High Value Customers
16877.0,-0.9445401209818785,0.8789251688960832,0.1222848437929292,1,Recent Regular Customers
16878.0,0.4566184208346949,-0.9552142636712972,-3.1219304017628264,3,At-Risk Low Value Customers
16880.0,-0.2723648608903394,1.0744251947249353,0.571884883751788,5,High Value Customers
16881.0,0.2901066368625376,-0.9552142636712972,-0.4115294332029666,0,Low Value Customers
16882.0,0.2901066368625376,0.0596054655268191,-0.0228699393331282,2,Occasional Customers
16883.0,1.048952395241215,-0.3615827770984003,-0.7767140805853229,3,At-Risk Low Value Customers
16884.0,-0.1247454596417701,-0.3615827770984003,-0.4155038152189883,0,Low Value Customers
16885.0,-0.7895977045488505,0.0596054655268191,-0.3784383375542248,1,Recent Regular Customers
16887.0,-0.1844740691856557,-0.9552142636712972,-1.0523493720928117,0,Low Value Customers
16889.0,1.0800489471232713,0.0596054655268191,0.6170335945072215,2,Occasional Customers
16891.0,-2.038734417842785,0.6532369520997158,0.0180501191249629,1,Recent Regular Customers
16892.0,-2.341296235524383,0.6532369520997158,-0.2672608115289116,1,Recent Regular Customers
16893.0,1.5501371094479746,-0.9552142636712972,-1.2704562205364232,3,At-Risk Low Value Customers
16895.0,0.2678300793656594,-0.9552142636712972,-1.012504457798516,0,Low Value Customers
16897.0,1.3976862120525944,-0.3615827770984003,-0.7279667052079754,3,At-Risk Low Value Customers
16898.0,-0.3991450951625692,0.0596054655268191,-0.2939716250191053,0,Low Value Customers
16899.0,-1.2189397565026774,0.8789251688960832,0.444912828775803,1,Recent Regular Customers
16900.0,-0.7017069128441668,0.0596054655268191,0.1593693639930874,1,Recent Regular Customers
16902.0,0.6950492016983384,-0.9552142636712972,0.6790516454755225,2,Occasional Customers
16903.0,-0.3205241028950956,-0.9552142636712972,-0.5490447652798026,0,Low Value Customers
16904.0,-1.6575516078937147,2.178003940795619,1.2836603811336145,4,High Value Loyal Customers
16905.0,-1.5215015741842748,1.0744251947249353,1.1369291915825577,1,Recent Regular Customers
16906.0,0.4388506943278125,0.3863044476016776,-0.2062893969400363,2,Occasional Customers
16907.0,-0.3205241028950956,0.6532369520997158,0.1957924261689551,5,High Value Customers
16909.0,0.343051479153905,-0.9552142636712972,-0.5150014674614641,0,Low Value Customers
16910.0,-1.6575516078937147,1.2468684386726128,0.5811653118255472,1,Recent Regular Customers
16912.0,-0.3205241028950956,1.668056681297832,0.9996587194443516,5,High Value Customers
16913.0,1.3749572694199874,-0.9552142636712972,-1.4690630968352687,3,At-Risk Low Value Customers
16914.0,-0.164028700972232,-0.9552142636712972,-1.0883830246443826,0,Low Value Customers
16915.0,-1.1403187642352035,0.8789251688960832,-0.1228088767569112,1,Recent Regular Customers
16916.0,-0.4565741366045358,-0.3615827770984003,-0.2023016097754892,0,Low Value Customers
16917.0,1.3408538993577666,-0.9552142636712972,-0.4895321300803685,3,At-Risk Low Value Customers
16918.0,0.0754356108856238,0.8789251688960832,0.3073079604011829,5,High Value Customers
16919.0,0.9144883541766984,1.668056681297832,1.0109768218776742,5,High Value Customers
16921.0,0.2211768101395232,-0.9552142636712972,-1.2270406912535974,0,Low Value Customers
16923.0,-0.9445401209818785,2.41594390599791,1.80805666756553,4,High Value Loyal Customers
16924.0,-0.5519645819744484,0.0596054655268191,0.106441944810869,1,Recent Regular Customers
16926.0,1.558204315138142,-0.9552142636712972,-0.9100130301188332,3,At-Risk Low Value Customers
16927.0,0.6950492016983384,0.0596054655268191,-0.2300904110429626,2,Occasional Customers
16928.0,0.4206495661775393,2.2616881678707283,1.076382090963531,5,High Value Customers
16929.0,-1.6575516078937147,1.0744251947249353,0.4599696136854977,1,Recent Regular Customers
16930.0,-0.3991450951625692,0.0596054655268191,-0.515524293913204,0,Low Value Customers
16931.0,-1.5215015741842748,2.555485194733606,1.4588094475372346,4,High Value Loyal Customers
16932.0,0.1180877484959417,-0.9552142636712972,-1.247531848352703,0,Low Value Customers
16933.0,-2.341296235524383,-0.3615827770984003,-0.2011457857467675,1,Recent Regular Customers
16934.0,0.1452256212872108,-0.3615827770984003,0.1977303809618496,2,Occasional Customers
16936.0,-0.3991450951625692,-0.9552142636712972,-0.8080698662809257,0,Low Value Customers
16938.0,-1.1403187642352035,0.3863044476016776,1.0467595574849018,1,Recent Regular Customers
16940.0,0.10413950578058,0.0596054655268191,1.14013447923054,5,High Value Customers
16942.0,-0.8892400660298114,1.4011241767997944,0.7662719792255424,5,High Value Customers
16943.0,1.1421167725593575,0.0596054655268191,0.0937539552525121,2,Occasional Customers
16945.0,-0.5187942651860693,2.41594390599791,1.4214210228898094,4,High Value Loyal Customers
16947.0,1.2217880243366328,-0.9552142636712972,-0.4598058544843643,3,At-Risk Low Value Customers
16948.0,0.8289702489178785,0.0596054655268191,-0.406005770098475,2,Occasional Customers
16949.0,-1.6575516078937147,0.8789251688960832,0.4543590106362414,1,Recent Regular Customers
16950.0,0.1714110890244534,0.0596054655268191,0.3849139617883738,2,Occasional Customers
16951.0,0.8073394805210485,0.0596054655268191,0.44908149636274,2,Occasional Customers
16952.0,0.6490128893147309,-0.3615827770984003,-1.161076220772225,3,At-Risk Low Value Customers
16953.0,-0.2960560335189878,-0.9552142636712972,-2.786833187587727,0,Low Value Customers
16954.0,-2.341296235524383,1.4011241767997944,0.8380240735771823,4,High Value Loyal Customers
16955.0,1.0409714714796316,0.3863044476016776,-0.266526411802329,2,Occasional Customers
16956.0,-0.6613614517492411,-0.9552142636712972,-0.6777667316455123,0,Low Value Customers
16957.0,1.231174428080437,-0.3615827770984003,-0.4402333317019679,3,At-Risk Low Value Customers
16959.0,0.4825011053425735,-0.9552142636712972,-1.4423636941730675,3,At-Risk Low Value Customers
16960.0,-0.1058530769181821,0.0596054655268191,-0.2844984813387783,2,Occasional Customers
16961.0,0.6950492016983384,-0.9552142636712972,-0.896654231869588,3,At-Risk Low Value Customers
16963.0,1.048952395241215,-0.9552142636712972,-1.4893904372220008,3,At-Risk Low Value Customers
16965.0,1.1928988969078893,-0.9552142636712972,-1.016738206041358,3,At-Risk Low Value Customers
16966.0,-1.2189397565026774,1.0744251947249353,0.8642135502447702,1,Recent Regular Customers
16967.0,1.0568488631984492,-0.9552142636712972,-0.6518186722152849,3,At-Risk Low Value Customers
16968.0,-1.6575516078937147,-0.3615827770984003,-0.3980081020911192,1,Recent Regular Customers
16969.0,-0.1058530769181821,0.0596054655268191,-0.0869614977526258,2,Occasional Customers
16971.0,-0.1247454596417701,-0.9552142636712972,-0.562224336744001,0,Low Value Customers
16976.0,1.3135171700007555,-0.9552142636712972,-0.840084097201767,3,At-Risk Low Value Customers
16978.0,0.4019933629965244,-0.9552142636712972,-0.5913264052089698,0,Low Value Customers
16979.0,-1.6575516078937147,0.8789251688960832,0.7438641501847868,1,Recent Regular Customers
16980.0,1.2793336700851932,-0.3615827770984003,0.2767459042379898,2,Occasional Customers
16982.0,0.2211768101395232,-0.9552142636712972,-0.5047816205790517,0,Low Value Customers
16983.0,-0.8892400660298114,1.0744251947249353,0.7666388220963939,5,High Value Customers
16984.0,0.4909329380903411,-0.3615827770984003,1.4420000378534503,2,Occasional Customers
16985.0,-0.7017069128441668,1.54066546553549,1.6034256759864989,5,High Value Customers
16986.0,-0.2960560335189878,-0.3615827770984003,0.7529049345298174,2,Occasional Customers
16987.0,-1.824063391865872,1.0744251947249353,0.635988829703408,1,Recent Regular Customers
16988.0,-1.5215015741842748,-0.9552142636712972,-1.3855524474024534,0,Low Value Customers
16989.0,-1.3068305482073614,0.8789251688960832,0.3537846045310885,1,Recent Regular Customers
16990.0,1.166245732973242,-0.9552142636712972,-1.1091260769729054,3,At-Risk Low Value Customers
16992.0,-1.0042687305257638,0.6532369520997158,0.6347647006235468,1,Recent Regular Customers
16996.0,-0.2960560335189878,0.8789251688960832,0.5533141150873859,5,High Value Customers
16997.0,1.3698109782739254,0.0596054655268191,-0.0263892336450146,2,Occasional Customers
16998.0,0.8854115876894589,0.3863044476016776,-0.7138265257917518,2,Occasional Customers
16999.0,-0.4870358868672529,-0.3615827770984003,-0.320055929348073,0,Low Value Customers
17001.0,-2.341296235524383,1.668056681297832,1.3535220080382695,4,High Value Loyal Customers
17002.0,0.473972906706051,0.0596054655268191,0.5731087041836502,2,Occasional Customers
17004.0,0.0144867079241929,-0.3615827770984003,0.4701721170048,2,Occasional Customers
17006.0,-1.5215015741842748,0.3863044476016776,0.0590398404263477,1,Recent Regular Customers
17007.0,0.0899255663351436,0.8789251688960832,0.1618888504140602,5,High Value Customers
17010.0,-0.6613614517492411,-0.9552142636712972,-1.0399904560404605,0,Low Value Customers
17011.0,-0.2960560335189878,-0.9552142636712972,-0.7813188443761068,0,Low Value Customers
17014.0,-1.2189397565026774,0.0596054655268191,-0.1731912097117579,1,Recent Regular Customers
17015.0,-0.3205241028950956,0.0596054655268191,0.7381005041437809,5,High Value Customers
17017.0,-1.824063391865872,2.487376384667096,1.9724907676538408,4,High Value Loyal Customers
17018.0,-0.0694454046897029,-0.3615827770984003,0.1883554608817843,2,Occasional Customers
17019.0,-1.0042687305257638,0.3863044476016776,0.4367618343670271,1,Recent Regular Customers
17022.0,-0.2723648608903394,-0.9552142636712972,-1.837327563174968,0,Low Value Customers
17024.0,-0.0015614215275583,0.0596054655268191,-1.6016930142619752,0,Low Value Customers
17025.0,0.2211768101395232,0.0596054655268191,-0.5609828864465363,2,Occasional Customers
17026.0,1.0409714714796316,-0.3615827770984003,-1.2237187809739052,3,At-Risk Low Value Customers
17027.0,0.4113797667403285,0.8789251688960832,0.1507772420841703,2,Occasional Customers
17029.0,0.6624584649457211,-0.3615827770984003,-0.0107180418333401,2,Occasional Customers
17030.0,0.2564373503073006,-0.9552142636712972,-1.2653880629617436,0,Low Value Customers
17031.0,-0.9445401209818785,-0.3615827770984003,-0.5124758370739675,0,Low Value Customers
17033.0,0.473972906706051,0.0596054655268191,0.2780417817258496,2,Occasional Customers
17034.0,-0.7443590504544844,0.0596054655268191,0.0213464869798523,1,Recent Regular Customers
17035.0,1.252627506451775,-0.3615827770984003,-0.4087262231503928,3,At-Risk Low Value Customers
17037.0,0.4909329380903411,-0.9552142636712972,0.4425727984060821,2,Occasional Customers
17038.0,-0.2960560335189878,-0.9552142636712972,-1.4763183846677477,0,Low Value Customers
17040.0,0.8236210556992557,-0.9552142636712972,-0.3796364106574992,3,At-Risk Low Value Customers
17041.0,-0.3720072223713004,0.0596054655268191,0.3092889282822792,1,Recent Regular Customers
17042.0,-1.824063391865872,0.6532369520997158,0.2829898287688704,1,Recent Regular Customers
17043.0,-0.2494027642928512,0.3863044476016776,0.6921125653249196,5,High Value Customers
17044.0,-0.4273072773233673,-0.9552142636712972,0.2124721504421549,0,Low Value Customers
17045.0,0.6756660532493783,0.0596054655268191,-0.602660478080132,2,Occasional Customers
17046.0,0.9192262066550354,-0.9552142636712972,-0.0972638818141944,2,Occasional Customers
17047.0,0.4653461139941349,0.0596054655268191,0.3307886248716373,2,Occasional Customers
17048.0,0.7076971190400876,0.0596054655268191,0.1928723147680341,2,Occasional Customers
17049.0,-1.824063391865872,1.4011241767997944,1.630713562955609,4,High Value Loyal Customers
17050.0,0.5551626080798789,0.8789251688960832,1.1747345297392031,5,High Value Customers
17051.0,1.0762320116474091,-0.9552142636712972,-0.8742632437644009,3,At-Risk Low Value Customers
17052.0,-0.3458217546340572,-0.9552142636712972,-0.474351220258531,0,Low Value Customers
17053.0,0.7850629230241704,-0.9552142636712972,-0.2980186332878986,3,At-Risk Low Value Customers
17054.0,-0.3458217546340572,0.6532369520997158,0.4964762629699474,5,High Value Customers
17058.0,0.4388506943278125,0.0596054655268191,0.3858095433513154,2,Occasional Customers
17059.0,-0.2960560335189878,0.6532369520997158,1.1480425907614673,5,High Value Customers
17060.0,1.3107275994304497,-0.9552142636712972,-0.896417710840101,3,At-Risk Low Value Customers
17061.0,0.3632205247355723,1.668056681297832,1.5689683549944853,5,High Value Customers
17062.0,1.4340938842810735,0.3863044476016776,-0.2444173847775955,2,Occasional Customers
17063.0,-0.5519645819744484,1.0744251947249353,0.5555893545776897,5,High Value Customers
17064.0,0.196708740763415,0.0596054655268191,0.130521016077511,2,Occasional Customers
17068.0,-0.9445401209818785,2.555485194733606,1.4583330826480052,4,High Value Loyal Customers
17069.0,-0.3458217546340572,1.4011241767997944,1.0461792696886942,5,High Value Customers
17070.0,0.68218320610311,-0.9552142636712972,-0.6893974766918703,3,At-Risk Low Value Customers
17071.0,-0.3458217546340572,1.4011241767997944,0.9593129252126926,5,High Value Customers
17073.0,-0.6613614517492411,0.3863044476016776,0.5473667277732263,1,Recent Regular Customers
17075.0,-0.6613614517492411,0.3863044476016776,0.1104775805513462,1,Recent Regular Customers
17076.0,-0.164028700972232,0.0596054655268191,0.1170734969384556,2,Occasional Customers
17078.0,-0.164028700972232,-0.3615827770984003,-0.516969082169802,0,Low Value Customers
17079.0,0.4019933629965244,-0.9552142636712972,-1.4326860188931312,3,At-Risk Low Value Customers
17080.0,-0.5187942651860693,-0.3615827770984003,-0.7338922124750457,0,Low Value Customers
17081.0,-0.4273072773233673,-0.3615827770984003,-0.7303480566475153,0,Low Value Customers
17082.0,-0.2271262067959733,-0.3615827770984003,0.8064595125956499,2,Occasional Customers
17083.0,0.6490128893147309,0.0596054655268191,0.5249146902757992,2,Occasional Customers
17084.0,-0.1844740691856557,-0.3615827770984003,1.0573266486480497,2,Occasional Customers
17085.0,0.7384096537980341,0.6532369520997158,0.6088057582244114,2,Occasional Customers
17086.0,-1.3068305482073614,0.8789251688960832,0.8245771061994072,1,Recent Regular Customers
17088.0,-0.3458217546340572,0.3863044476016776,0.8013533358394945,5,High Value Customers
17090.0,-1.6575516078937147,1.0744251947249353,0.7947994394049263,1,Recent Regular Customers
17091.0,-1.824063391865872,1.4011241767997944,1.3206257816304592,4,High Value Loyal Customers
17092.0,0.0754356108856238,0.3863044476016776,0.7096999071670568,5,High Value Customers
17094.0,1.4528085769791683,-0.9552142636712972,-0.6952510797257949,3,At-Risk Low Value Customers
17095.0,-0.4870358868672529,0.0596054655268191,0.4774136674096816,1,Recent Regular Customers
17096.0,-0.7895977045488505,0.3863044476016776,0.2718441544252092,1,Recent Regular Customers
17097.0,-2.038734417842785,1.2468684386726128,0.2174285228851914,1,Recent Regular Customers
17100.0,-0.6613614517492411,-0.3615827770984003,0.2317064369143786,1,Recent Regular Customers
17101.0,-1.0691974256329595,0.3863044476016776,0.6384069587330982,1,Recent Regular Customers
17102.0,1.2994638495891662,-0.9552142636712972,-2.631674743031959,3,At-Risk Low Value Customers
17105.0,0.9286126103988396,-0.3615827770984003,-0.0684277264319572,2,Occasional Customers
17107.0,-0.2271262067959733,0.8789251688960832,2.144650477446715,5,High Value Customers
17109.0,-0.3205241028950956,0.8789251688960832,0.1541441821259338,5,High Value Customers
17110.0,0.9560835379863236,-0.9552142636712972,-1.1816551587424506,3,At-Risk Low Value Customers
17111.0,0.030196956791258,-0.9552142636712972,-0.9053528629921156,0,Low Value Customers
17114.0,-1.4064729096883222,1.2468684386726128,0.07843638750123,1,Recent Regular Customers
17115.0,-1.2189397565026774,0.0596054655268191,0.1136876076337334,1,Recent Regular Customers
17117.0,1.3698109782739254,-0.9552142636712972,-1.4501237785820995,3,At-Risk Low Value Customers
17118.0,1.4435098989158772,-0.9552142636712972,-1.2126276127226372,3,At-Risk Low Value Customers
17119.0,-1.824063391865872,-0.3615827770984003,-0.1418870255785277,1,Recent Regular Customers
17120.0,1.2122820453568492,-0.9552142636712972,-0.68105774657457,3,At-Risk Low Value Customers
17122.0,0.713941584421926,-0.9552142636712972,-1.312722086468154,3,At-Risk Low Value Customers
17123.0,0.9424744813034064,-0.9552142636712972,-0.5890972184282458,3,At-Risk Low Value Customers
17124.0,1.0409714714796316,-0.9552142636712972,-0.7158696665427822,3,At-Risk Low Value Customers
17125.0,0.0754356108856238,-0.9552142636712972,-0.9091543292815704,0,Low Value Customers
17126.0,0.895230272225732,0.6532369520997158,0.2460453513130261,2,Occasional Customers
17128.0,1.4822531262858296,-0.9552142636712972,-1.2122756407556692,3,At-Risk Low Value Customers
17131.0,-1.5215015741842748,0.6532369520997158,0.970400514015456,1,Recent Regular Customers
17133.0,-0.7443590504544844,1.0744251947249353,1.5155833128052687,5,High Value Customers
17134.0,0.6353205921544528,-0.3615827770984003,-0.4468064187097835,2,Occasional Customers
17135.0,-0.7443590504544844,1.0744251947249353,0.3583119836162754,5,High Value Customers
17138.0,1.3381648540746935,-0.9552142636712972,-0.5121633008383473,3,At-Risk Low Value Customers
17139.0,-0.7443590504544844,1.7852452398084837,2.133779154583033,4,High Value Loyal Customers
17140.0,1.2556424974565452,-0.9552142636712972,-0.3719334107176621,3,At-Risk Low Value Customers
17142.0,1.231174428080437,-0.9552142636712972,-0.1792382198738054,3,At-Risk Low Value Customers
17144.0,-2.341296235524383,-0.3615827770984003,0.242120008131624,1,Recent Regular Customers
17146.0,0.6283790606233428,0.0596054655268191,0.0258686915984023,2,Occasional Customers
17147.0,-0.4870358868672529,0.3863044476016776,0.6826312648389201,5,High Value Customers
17148.0,0.10413950578058,-0.9552142636712972,-1.3933427244767496,0,Low Value Customers
17152.0,1.0800489471232713,0.0596054655268191,0.6709227810167557,2,Occasional Customers
17153.0,-0.4565741366045358,-0.9552142636712972,-0.9687315766662248,0,Low Value Customers
17154.0,0.3731042355677808,-0.9552142636712972,-0.6265948676293123,0,Low Value Customers
17155.0,-0.6613614517492411,-0.3615827770984003,-0.8395178054294095,0,Low Value Customers
17157.0,-1.2189397565026774,-0.3615827770984003,-0.6518683411348704,0,Low Value Customers
17158.0,-0.2494027642928512,0.0596054655268191,0.4423534586275754,2,Occasional Customers
17159.0,-0.5187942651860693,0.0596054655268191,0.5967589240131592,1,Recent Regular Customers
17160.0,-0.2723648608903394,0.8789251688960832,1.2535860565363888,5,High Value Customers
17162.0,-0.3205241028950956,1.54066546553549,0.6830341802866516,5,High Value Customers
17163.0,-0.5187942651860693,-0.3615827770984003,-0.7189442602721537,0,Low Value Customers
17164.0,-0.2271262067959733,1.0744251947249353,0.9717474774110664,5,High Value Customers
17165.0,1.3594106808800466,-0.9552142636712972,-1.2043225467179617,3,At-Risk Low Value Customers
17166.0,-0.1058530769181821,-0.3615827770984003,-0.9967491325244544,0,Low Value Customers
17169.0,0.1841671134665053,-0.3615827770984003,0.1120557229790934,2,Occasional Customers
17171.0,1.3723885603136328,-0.9552142636712972,-0.9285800006841888,3,At-Risk Low Value Customers
17172.0,0.4113797667403285,-0.9552142636712972,-0.6549538925059349,0,Low Value Customers
17173.0,-1.5215015741842748,1.2468684386726128,1.3078284452510145,4,High Value Loyal Customers
17174.0,1.1628461404940136,-0.9552142636712972,-1.9703911363808364,3,At-Risk Low Value Customers
17175.0,-0.0179622852134984,0.3863044476016776,0.5460475772485742,5,High Value Customers
17176.0,1.1062344148605143,-0.9552142636712972,-0.6844918156234591,3,At-Risk Low Value Customers
17179.0,1.0123462367079263,0.0596054655268191,-0.0153981873717718,2,Occasional Customers
17180.0,0.1584332095908674,0.3863044476016776,0.0612601618567447,2,Occasional Customers
17181.0,0.1714110890244534,-0.3615827770984003,-0.8774565776155521,0,Low Value Customers
17183.0,-1.2189397565026774,0.8789251688960832,1.21406453969588,5,High Value Customers
17186.0,0.030196956791258,-0.3615827770984003,-1.28096453769461,0,Low Value Customers
17187.0,1.1928988969078893,-0.9552142636712972,-1.005963132936199,3,At-Risk Low Value Customers
17188.0,-1.0042687305257638,1.0744251947249353,0.973959529833526,5,High Value Customers
17189.0,0.6283790606233428,-0.3615827770984003,-0.5054216890454619,2,Occasional Customers
17190.0,0.196708740763415,-0.3615827770984003,-0.3884838487648152,2,Occasional Customers
17191.0,-0.3458217546340572,1.0744251947249353,0.8412936544903279,5,High Value Customers
17193.0,-0.164028700972232,1.0744251947249353,0.6755165946606467,5,High Value Customers
17194.0,1.3327575169453991,-0.3615827770984003,-0.8058963336860837,3,At-Risk Low Value Customers
17197.0,-0.2960560335189878,-0.9552142636712972,0.2647283315990141,0,Low Value Customers
17198.0,-0.4565741366045358,0.0596054655268191,-0.03752295546051,1,Recent Regular Customers
17201.0,0.1317800456562198,-0.9552142636712972,-0.7279667052079754,0,Low Value Customers
17203.0,-0.164028700972232,0.8789251688960832,1.263026216735425,5,High Value Customers
17204.0,0.9997339490010838,0.3863044476016776,0.60990299933675,2,Occasional Customers
17205.0,0.1317800456562198,-0.9552142636712972,-0.5047403435360343,0,Low Value Customers
17206.0,0.1180877484959417,-0.9552142636712972,-1.004839404775133,0,Low Value Customers
17211.0,-0.3720072223713004,1.2468684386726128,0.9218781160556182,5,High Value Customers
17212.0,1.273481018447474,-0.9552142636712972,-0.9217844222446208,3,At-Risk Low Value Customers
17213.0,-0.0874272207859269,1.0744251947249353,1.0668786323681596,5,High Value Customers
17214.0,0.2090430589164636,0.8789251688960832,0.3000693428758306,5,High Value Customers
17217.0,1.2154641792133722,-0.9552142636712972,-1.468646536566676,3,At-Risk Low Value Customers
17218.0,-1.6575516078937147,1.54066546553549,0.7856233821529244,4,High Value Loyal Customers
17219.0,-0.2494027642928512,-0.9552142636712972,-1.4635957982006575,0,Low Value Customers
17220.0,-0.4565741366045358,1.9947556633726904,1.17521072877367,5,High Value Customers
17221.0,-1.3068305482073614,-0.3615827770984003,-0.6143243418282059,0,Low Value Customers
17222.0,0.2678300793656594,-0.9552142636712972,-0.6282565964664477,0,Low Value Customers
17223.0,1.4245575339360348,-0.3615827770984003,-0.439757748795738,3,At-Risk Low Value Customers
17226.0,1.4221542814287025,-0.9552142636712972,-0.4855534854923004,3,At-Risk Low Value Customers
17227.0,-0.6230859205766931,0.8789251688960832,0.2047678840154182,1,Recent Regular Customers
17228.0,-0.7443590504544844,1.2468684386726128,0.7667305063619124,5,High Value Customers
17229.0,0.5551626080798789,-0.3615827770984003,-0.6524646104244906,2,Occasional Customers
17230.0,1.305116977069759,1.2468684386726128,1.280317669004232,5,High Value Customers
17231.0,-0.9445401209818785,1.54066546553549,1.159394369989051,5,High Value Customers
17232.0,-1.824063391865872,-0.3615827770984003,-0.4380859573876203,1,Recent Regular Customers
17233.0,-0.1844740691856557,-0.9552142636712972,-1.0583323963477078,0,Low Value Customers
17234.0,1.0329042657894636,-0.9552142636712972,-1.249320591105544,3,At-Risk Low Value Customers
17235.0,-0.4273072773233673,-0.3615827770984003,-0.2199158784357797,0,Low Value Customers
17236.0,-0.8892400660298114,0.8789251688960832,0.1849227312786364,1,Recent Regular Customers
17237.0,-1.0042687305257638,-0.3615827770984003,-0.6626450663210888,0,Low Value Customers
17238.0,-1.824063391865872,2.2616881678707283,1.2977452247942938,4,High Value Loyal Customers
17239.0,1.4317211978352091,-0.9552142636712972,-0.508007853213645,3,At-Risk Low Value Customers
17242.0,0.642198145526434,-0.3615827770984003,0.3550378035540544,2,Occasional Customers
17243.0,-2.341296235524383,2.855319654443625,1.9582698346055705,4,High Value Loyal Customers
17244.0,0.1180877484959417,-0.9552142636712972,0.2178276912409375,2,Occasional Customers
17245.0,1.1171814462747254,-0.9552142636712972,-1.1431797641676569,3,At-Risk Low Value Customers
17247.0,-0.7895977045488505,-0.9552142636712972,-0.7549016627105376,0,Low Value Customers
17248.0,0.7201342279169752,-0.9552142636712972,-0.6527380500988623,3,At-Risk Low Value Customers
17250.0,-1.6575516078937147,-0.3615827770984003,-0.5091069325444576,1,Recent Regular Customers
17251.0,1.5419817358297152,-0.9552142636712972,-0.7844524820141395,3,At-Risk Low Value Customers
17252.0,0.7013999571250162,-0.3615827770984003,-0.5808554748185017,2,Occasional Customers
17253.0,-0.6613614517492411,-0.9552142636712972,-1.1124000246259564,0,Low Value Customers
17254.0,-1.5215015741842748,-0.3615827770984003,-0.7804716646425349,0,Low Value Customers
17255.0,-0.0694454046897029,-0.3615827770984003,-0.7233339834143985,0,Low Value Customers
17256.0,0.6353205921544528,-0.3615827770984003,-0.8771927238456757,3,At-Risk Low Value Customers
17259.0,0.8754619835057548,-0.3615827770984003,-0.1761884885711833,2,Occasional Customers
17262.0,0.10413950578058,0.6532369520997158,0.4337769861637688,5,High Value Customers
17263.0,1.1279702018006934,-0.9552142636712972,-1.925487930363808,3,At-Risk Low Value Customers
17265.0,0.8289702489178785,-0.3615827770984003,-0.2199879906925431,2,Occasional Customers
17266.0,-2.038734417842785,0.0596054655268191,-0.7095956807809644,1,Recent Regular Customers
17267.0,0.7621008264266822,-0.3615827770984003,-0.6563513037760464,3,At-Risk Low Value Customers
17268.0,0.642198145526434,0.3863044476016776,0.0404062204070588,2,Occasional Customers
17272.0,-0.0518867296643757,0.3863044476016776,0.8618730744489541,5,High Value Customers
17274.0,-0.1844740691856557,-0.9552142636712972,-1.5090820214131466,0,Low Value Customers
17277.0,1.1961645881530594,-0.3615827770984003,0.304726043217029,2,Occasional Customers
17278.0,1.237367071575486,-0.9552142636712972,-0.8575205679416577,3,At-Risk Low Value Customers
17279.0,0.1841671134665053,-0.9552142636712972,-1.0710663454383504,0,Low Value Customers
17282.0,0.7793883005555002,0.0596054655268191,0.6690212477892776,2,Occasional Customers
17284.0,0.2090430589164636,0.8789251688960832,0.650918938731791,5,High Value Customers
17286.0,-0.5187942651860693,-0.9552142636712972,-1.2415635106564749,0,Low Value Customers
17287.0,-0.3991450951625692,1.0744251947249353,0.2924917715799409,5,High Value Customers
17288.0,-1.1403187642352035,1.0744251947249353,0.531581033679653,1,Recent Regular Customers
17289.0,-0.2494027642928512,0.0596054655268191,0.1977218540709655,2,Occasional Customers
17290.0,-1.6575516078937147,-0.3615827770984003,-0.2752296911047056,1,Recent Regular Customers
17291.0,1.419743263956323,-0.9552142636712972,-0.2188493813763924,3,At-Risk Low Value Customers
17293.0,-1.2189397565026774,1.4011241767997944,0.7447471665957486,5,High Value Customers
17295.0,-0.3205241028950956,0.0596054655268191,-0.2243412466219255,0,Low Value Customers
17297.0,-0.7017069128441668,-0.9552142636712972,-1.3727769967368717,0,Low Value Customers
17298.0,0.5926684545441344,-0.3615827770984003,-0.2981141056132793,2,Occasional Customers
17299.0,-0.9445401209818785,0.3863044476016776,-0.0794331977411647,1,Recent Regular Customers
17301.0,-0.5519645819744484,-0.9552142636712972,-1.1819454348329368,0,Low Value Customers
17302.0,-0.7895977045488505,0.6532369520997158,0.3554504365043721,1,Recent Regular Customers
17303.0,1.5378703796522508,-0.9552142636712972,-0.8447556364707405,3,At-Risk Low Value Customers
17306.0,-1.0042687305257638,2.41594390599791,1.9667163492887136,4,High Value Loyal Customers
17309.0,0.5474298004497687,-0.9552142636712972,-1.7171885587302749,3,At-Risk Low Value Customers
17311.0,0.4019933629965244,-0.3615827770984003,0.5130019348992394,2,Occasional Customers
17312.0,0.8289702489178785,0.0596054655268191,-0.0944509460526331,2,Occasional Customers
17313.0,-0.2723648608903394,-0.9552142636712972,0.9258517107774382,2,Occasional Customers
17314.0,-0.4273072773233673,1.2468684386726128,0.9910135987155638,5,High Value Customers
17315.0,-2.038734417842785,3.393696455579496,1.7141621650376286,4,High Value Loyal Customers
17317.0,0.0144867079241929,0.0596054655268191,1.0134522245785156,5,High Value Customers
17320.0,0.5853165797205673,0.0596054655268191,0.3996395947034328,2,Occasional Customers
17321.0,-1.2189397565026774,-0.3615827770984003,-0.0787687956395495,1,Recent Regular Customers
17323.0,-0.7895977045488505,1.0744251947249353,0.1765513698119354,1,Recent Regular Customers
17324.0,-0.6613614517492411,0.3863044476016776,0.2436586717134004,1,Recent Regular Customers
17325.0,1.3488633779556125,-0.9552142636712972,-1.5939355299068847,3,At-Risk Low Value Customers
17329.0,-0.8377569465536066,-0.3615827770984003,-0.2597651946987314,0,Low Value Customers
17330.0,-0.4870358868672529,-0.3615827770984003,-0.5475187483980928,0,Low Value Customers
17331.0,0.7444033346846438,-0.9552142636712972,-1.126083287841506,3,At-Risk Low Value Customers
17333.0,0.473972906706051,-0.9552142636712972,-0.3047776890912182,2,Occasional Customers
17334.0,1.4051112410606752,-0.3615827770984003,-0.6821921878550878,3,At-Risk Low Value Customers
17337.0,0.8903370792262918,0.3863044476016776,0.7973737604311054,2,Occasional Customers
17338.0,-0.7017069128441668,1.2468684386726128,1.7405763742642222,5,High Value Customers
17339.0,0.5396160195399382,-0.3615827770984003,-0.8661892327556808,3,At-Risk Low Value Customers
17340.0,-0.2960560335189878,1.668056681297832,2.2516192061128857,4,High Value Loyal Customers
17341.0,0.9192262066550354,0.0596054655268191,-0.048989318140236,2,Occasional Customers
17343.0,1.525398625407363,-0.9552142636712972,-1.046982477519143,3,At-Risk Low Value Customers
17344.0,0.0144867079241929,-0.9552142636712972,-1.2096157563604766,0,Low Value Customers
17345.0,-0.7895977045488505,0.3863044476016776,-0.2649680620805886,1,Recent Regular Customers
17346.0,-1.6575516078937147,2.089244923923052,1.0203086899646705,4,High Value Loyal Customers
17347.0,0.473972906706051,-0.9552142636712972,-0.9144587325528882,3,At-Risk Low Value Customers
17348.0,-0.7895977045488505,0.6532369520997158,0.3699789718326273,1,Recent Regular Customers
17349.0,1.0165034021035235,-0.9552142636712972,-1.5822392523740518,3,At-Risk Low Value Customers
17350.0,-1.2189397565026774,0.3863044476016776,0.4512971165390368,1,Recent Regular Customers
17351.0,-0.164028700972232,0.0596054655268191,-0.1681486601281092,2,Occasional Customers
17353.0,0.7736701939658116,-0.3615827770984003,0.6943158388009948,2,Occasional Customers
17354.0,0.0899255663351436,-0.9552142636712972,0.5176961387659368,2,Occasional Customers
17356.0,1.4293409429987136,-0.9552142636712972,-1.1125773795804017,3,At-Risk Low Value Customers
17357.0,-0.4565741366045358,-0.3615827770984003,-0.5041008233651239,0,Low Value Customers
17358.0,1.4075699228848029,-0.3615827770984003,-0.5542772157970658,3,At-Risk Low Value Customers
17359.0,-1.0042687305257638,-0.9552142636712972,-1.3747481093208949,0,Low Value Customers
17360.0,-0.7017069128441668,0.0596054655268191,-0.1941202606902903,1,Recent Regular Customers
17361.0,0.0606587070539751,0.0596054655268191,-0.3145459093053007,2,Occasional Customers
17362.0,1.231174428080437,-0.3615827770984003,-0.6688621996209855,3,At-Risk Low Value Customers
17364.0,-2.341296235524383,1.668056681297832,1.4425628533787127,4,High Value Loyal Customers
17365.0,-0.8892400660298114,1.2468684386726128,1.495037833062136,5,High Value Customers
17367.0,1.228058727276131,-0.9552142636712972,-1.1613590755198668,3,At-Risk Low Value Customers
17368.0,-0.4870358868672529,1.2468684386726128,0.7553055869529981,5,High Value Customers
17370.0,0.3532041426862792,0.3863044476016776,-0.3859205538210147,2,Occasional Customers
17371.0,-0.7017069128441668,0.0596054655268191,-0.4368912631149649,0,Low Value Customers
17372.0,-0.0694454046897029,1.2468684386726128,0.4851839371453516,5,High Value Customers
17373.0,-0.0874272207859269,0.3863044476016776,-0.0912307839403896,2,Occasional Customers
17374.0,1.166245732973242,-0.3615827770984003,-0.3023422808985549,2,Occasional Customers
17375.0,1.0951243943709967,0.0596054655268191,-0.4723475126529906,2,Occasional Customers
17376.0,0.3327587744728552,-0.3615827770984003,-1.0088767163568362,0,Low Value Customers
17377.0,-0.4565741366045358,2.487376384667096,1.3670970624484362,4,High Value Loyal Customers
17379.0,-1.0042687305257638,-0.9552142636712972,-0.4931849366378266,0,Low Value Customers
17381.0,-1.1403187642352035,3.009575392570807,2.645378599447871,4,High Value Loyal Customers
17382.0,0.2678300793656594,-0.9552142636712972,-1.9016759076712664,3,At-Risk Low Value Customers
17383.0,-1.6575516078937147,-0.9552142636712972,-1.0480038995906635,0,Low Value Customers
17384.0,-0.6230859205766931,-0.3615827770984003,-0.6097889684108225,0,Low Value Customers
17385.0,-0.7895977045488505,-0.9552142636712972,-0.8257682285056984,0,Low Value Customers
17386.0,-1.2189397565026774,0.8789251688960832,1.039324523218441,1,Recent Regular Customers
17387.0,-0.5866782483482139,-0.3615827770984003,0.0227186053085083,0,Low Value Customers
17388.0,0.4019933629965244,0.3863044476016776,0.4376954573494153,2,Occasional Customers
17389.0,-2.341296235524383,3.2352636093671743,3.003870863353957,4,High Value Loyal Customers
17391.0,0.9515747069963276,-0.3615827770984003,-0.281765712112202,2,Occasional Customers
17392.0,1.417324431178634,-0.3615827770984003,-0.4390354074044574,3,At-Risk Low Value Customers
17394.0,1.166245732973242,-0.9552142636712972,-1.006273406737444,3,At-Risk Low Value Customers
17396.0,-0.1058530769181821,1.2468684386726128,1.8369444231643623,5,High Value Customers
17397.0,-0.5187942651860693,-0.3615827770984003,-0.0500134967133499,0,Low Value Customers
17398.0,0.6886439326829644,0.0596054655268191,-0.0833462994641907,2,Occasional Customers
17400.0,0.7562481747889629,0.6532369520997158,0.8428704051353044,5,High Value Customers
17402.0,-1.5215015741842748,1.8937448980941995,1.023624385519649,4,High Value Loyal Customers
17403.0,-0.164028700972232,-0.9552142636712972,-0.8019868929805919,0,Low Value Customers
17404.0,-1.6575516078937147,2.089244923923052,3.0056946511984486,4,High Value Loyal Customers
17405.0,-2.341296235524383,0.0596054655268191,0.2790200028620896,1,Recent Regular Customers
17406.0,1.4777981324055245,0.0596054655268191,0.8749958505156571,2,Occasional Customers
17408.0,0.947038466531095,-0.9552142636712972,-2.4418395064240483,3,At-Risk Low Value Customers
17409.0,1.0409714714796316,-0.3615827770984003,0.0488937880430522,2,Occasional Customers
17410.0,-0.7443590504544844,0.6532369520997158,0.4089107650839318,1,Recent Regular Customers
17411.0,-0.9445401209818785,0.0596054655268191,0.0561512503783677,1,Recent Regular Customers
17412.0,-1.824063391865872,1.0744251947249353,0.436749210326305,1,Recent Regular Customers
17414.0,-0.0179622852134984,-0.3615827770984003,0.0551928504588707,2,Occasional Customers
17415.0,0.4206495661775393,-0.9552142636712972,-0.283263667565633,0,Low Value Customers
17416.0,-0.2960560335189878,1.0744251947249353,1.7880617941542831,5,High Value Customers
17418.0,-0.0518867296643757,-0.3615827770984003,-0.3557890610017244,0,Low Value Customers
17419.0,-1.0042687305257638,1.7852452398084837,1.3993724486022194,4,High Value Loyal Customers
17420.0,0.0754356108856238,0.0596054655268191,-0.1525209275624776,2,Occasional Customers
17422.0,-0.7443590504544844,0.8789251688960832,0.7966958483232167,5,High Value Customers
17423.0,0.0144867079241929,-0.3615827770984003,-0.0304580553559795,2,Occasional Customers
17425.0,-0.6230859205766931,-0.3615827770984003,0.0357466991369447,0,Low Value Customers
17426.0,-1.2189397565026774,0.8789251688960832,1.5387942237980297,5,High Value Customers
17427.0,0.343051479153905,-0.9552142636712972,-1.562078457281064,3,At-Risk Low Value Customers
17428.0,-2.341296235524383,2.959940965055545,2.5172678094379317,4,High Value Loyal Customers
17429.0,0.7679079316757323,0.0596054655268191,-0.2570253524355181,2,Occasional Customers
17430.0,-0.2271262067959733,-0.3615827770984003,-0.7964861988586528,0,Low Value Customers
17431.0,1.4317211978352091,-0.9552142636712972,-0.4660322865928265,3,At-Risk Low Value Customers
17432.0,-0.6613614517492411,-0.3615827770984003,-0.5434780835460754,0,Low Value Customers
17433.0,0.4909329380903411,-0.9552142636712972,-0.6922143675680417,3,At-Risk Low Value Customers
17434.0,-2.038734417842785,1.0744251947249353,0.9410485302404458,1,Recent Regular Customers
17436.0,-2.038734417842785,-0.3615827770984003,-0.9594613668537488,1,Recent Regular Customers
17438.0,1.2764130821748028,-0.9552142636712972,-0.4957723339408002,3,At-Risk Low Value Customers
17440.0,0.9192262066550354,0.0596054655268191,-1.0770228694930493,3,At-Risk Low Value Customers
17442.0,-0.1441286080907301,0.8789251688960832,0.8979846257565841,5,High Value Customers
17443.0,1.169629907746531,-0.9552142636712972,-0.2430650614274826,3,At-Risk Low Value Customers
17444.0,0.8754619835057548,0.0596054655268191,1.1109943526203914,2,Occasional Customers
17446.0,1.008165781748852,-0.3615827770984003,-1.4188757595039394,3,At-Risk Low Value Customers
17447.0,-0.0874272207859269,-0.3615827770984003,-0.2323138767063567,0,Low Value Customers
17449.0,-2.038734417842785,1.0744251947249353,0.9882717070211274,1,Recent Regular Customers
17450.0,-1.2189397565026774,3.666872361396962,4.441786830528044,4,High Value Loyal Customers
17451.0,-2.341296235524383,1.0744251947249353,0.6857796752050117,1,Recent Regular Customers
17453.0,-0.6613614517492411,-0.3615827770984003,-0.3169538806238126,0,Low Value Customers
17454.0,1.068539064558348,0.3863044476016776,-0.2682717205450615,2,Occasional Customers
17455.0,1.1135502505032524,-0.9552142636712972,-1.3514114136084343,3,At-Risk Low Value Customers
17456.0,1.5460705639150825,-0.9552142636712972,-0.8453256741862034,3,At-Risk Low Value Customers
17457.0,0.7621008264266822,0.6532369520997158,0.6932652461489841,2,Occasional Customers
17458.0,-0.7895977045488505,-0.9552142636712972,-0.6581015303236156,0,Low Value Customers
17459.0,-0.0347317383159377,-0.3615827770984003,-0.0785997637554381,2,Occasional Customers
17460.0,0.5396160195399382,0.8789251688960832,-0.121852226489039,2,Occasional Customers
17461.0,-0.4870358868672529,0.0596054655268191,0.0109524207545667,1,Recent Regular Customers
17462.0,0.2090430589164636,-0.3615827770984003,-0.0567030242129632,2,Occasional Customers
17463.0,-0.7443590504544844,0.6532369520997158,0.7540320695961096,5,High Value Customers
17464.0,0.9239341671206882,-0.9552142636712972,-0.727474901436092,3,At-Risk Low Value Customers
17466.0,-1.0691974256329595,-0.3615827770984003,0.0400319667869715,1,Recent Regular Customers
17468.0,-1.0691974256329595,-0.3615827770984003,-1.3202877022570745,0,Low Value Customers
17469.0,-0.7443590504544844,0.6532369520997158,0.7519587721077118,5,High Value Customers
17470.0,-0.0015614215275583,0.6532369520997158,0.3480324103996038,5,High Value Customers
17472.0,1.0646626441082796,0.0596054655268191,-0.0314472367367836,2,Occasional Customers
17475.0,0.4113797667403285,-0.9552142636712972,-1.0440074164323307,3,At-Risk Low Value Customers
17480.0,0.4019933629965244,-0.9552142636712972,-0.2770717218303309,0,Low Value Customers
17481.0,-1.6575516078937147,0.3863044476016776,0.4351885976231955,1,Recent Regular Customers
17483.0,0.2678300793656594,0.0596054655268191,-0.4451963387129343,2,Occasional Customers
17486.0,1.2966211442140112,-0.9552142636712972,-0.4787732456922209,3,At-Risk Low Value Customers
17489.0,0.196708740763415,-0.3615827770984003,-0.5202452745749628,0,Low Value Customers
17490.0,-2.341296235524383,1.0744251947249353,0.8407774990449188,1,Recent Regular Customers
17491.0,-2.341296235524383,1.54066546553549,1.2627561346981089,4,High Value Loyal Customers
17492.0,1.2586453556679202,-0.9552142636712972,-0.5246134857382758,3,At-Risk Low Value Customers
17495.0,-1.2189397565026774,-0.3615827770984003,-0.2994838041244493,1,Recent Regular Customers
17496.0,1.5337362457620345,-0.9552142636712972,-0.7808805352110842,3,At-Risk Low Value Customers
17498.0,0.3828587438616125,-0.9552142636712972,-0.7774699949001067,0,Low Value Customers
17499.0,1.3749572694199874,-0.9552142636712972,-0.1212787885916083,3,At-Risk Low Value Customers
17500.0,-0.7017069128441668,0.0596054655268191,0.3571058066381145,1,Recent Regular Customers
17501.0,1.172998804026387,-0.3615827770984003,-0.7311983113911633,3,At-Risk Low Value Customers
17502.0,-1.1403187642352035,0.3863044476016776,-0.0411078875845841,1,Recent Regular Customers
17503.0,-1.824063391865872,-0.3615827770984003,-0.207183026689217,1,Recent Regular Customers
17504.0,1.120795057494147,1.4011241767997944,1.126246879748345,5,High Value Customers
17505.0,0.9424744813034064,-0.3615827770984003,0.3625573591569271,2,Occasional Customers
17506.0,0.3828587438616125,-0.9552142636712972,-0.6947266801372735,0,Low Value Customers
17507.0,1.2994638495891662,-0.3615827770984003,-0.1436276542552602,2,Occasional Customers
17508.0,1.3515142129228124,-0.9552142636712972,-0.4981020758998702,3,At-Risk Low Value Customers
17509.0,0.1841671134665053,1.2468684386726128,1.6887646990342169,5,High Value Customers
17510.0,-0.4273072773233673,-0.9552142636712972,-0.678434116983553,0,Low Value Customers
17511.0,-1.824063391865872,3.104064653121168,3.839129107368411,4,High Value Loyal Customers
17512.0,-0.3205241028950956,1.54066546553549,1.106917102009662,5,High Value Customers
17513.0,0.343051479153905,-0.9552142636712972,-0.2749359802173247,0,Low Value Customers
17514.0,0.7679079316757323,-0.9552142636712972,-0.987943936166618,3,At-Risk Low Value Customers
17515.0,-0.2723648608903394,0.3863044476016776,-0.1009803473766487,2,Occasional Customers
17516.0,-0.7895977045488505,0.6532369520997158,0.0416939688515127,1,Recent Regular Customers
17517.0,1.4221542814287025,-0.9552142636712972,-1.2282707612232495,3,At-Risk Low Value Customers
17519.0,-0.7017069128441668,0.8789251688960832,0.7404342413830368,5,High Value Customers
17520.0,0.1317800456562198,-0.9552142636712972,-0.22461683862337,0,Low Value Customers
17521.0,-0.2960560335189878,0.0596054655268191,-0.0027663437172718,2,Occasional Customers
17522.0,-2.038734417842785,0.6532369520997158,0.3087107289403835,1,Recent Regular Customers
17523.0,-1.0042687305257638,0.3863044476016776,-0.0841239432140399,1,Recent Regular Customers
17524.0,1.5378703796522508,-0.9552142636712972,-1.2755024711935126,3,At-Risk Low Value Customers
17525.0,1.535806175684412,-0.9552142636712972,-0.4287846136407319,3,At-Risk Low Value Customers
17526.0,-1.5215015741842748,0.3863044476016776,0.3965117334667845,1,Recent Regular Customers
17527.0,0.1317800456562198,0.3863044476016776,0.2048101412480168,2,Occasional Customers
17528.0,-2.341296235524383,1.2468684386726128,1.2781506990249771,4,High Value Loyal Customers
17530.0,-2.341296235524383,1.54066546553549,0.9388032232745004,4,High Value Loyal Customers
17531.0,1.060765981162014,-0.9552142636712972,-0.7092752691864208,3,At-Risk Low Value Customers
17534.0,0.1317800456562198,-0.9552142636712972,-0.9340515291647636,0,Low Value Customers
17535.0,1.3488633779556125,-0.9552142636712972,-1.176352134502106,3,At-Risk Low Value Customers
17536.0,1.008165781748852,-0.9552142636712972,-1.7788262241057118,3,At-Risk Low Value Customers
17537.0,-0.2960560335189878,-0.3615827770984003,0.1598703235281733,2,Occasional Customers
17538.0,-0.3991450951625692,-0.9552142636712972,-1.5808791706701089,0,Low Value Customers
17540.0,-0.4273072773233673,-0.3615827770984003,-0.1793752536783639,0,Low Value Customers
17542.0,1.3218238523484769,-0.9552142636712972,-1.1464122455752914,3,At-Risk Low Value Customers
17545.0,-0.0347317383159377,0.0596054655268191,-0.0968931893556019,2,Occasional Customers
17548.0,1.2154641792133722,-0.9552142636712972,-1.542797367296976,3,At-Risk Low Value Customers
17549.0,-0.4565741366045358,-0.3615827770984003,-1.2547641327472243,0,Low Value Customers
17550.0,1.087624740705768,0.0596054655268191,-0.7923262455683885,3,At-Risk Low Value Customers
17551.0,1.5337362457620345,-0.9552142636712972,-0.7264376474057088,3,At-Risk Low Value Customers
17552.0,0.2090430589164636,0.3863044476016776,0.1972015406475118,2,Occasional Customers
17553.0,0.7793883005555002,-0.9552142636712972,0.5698427653014676,2,Occasional Customers
17554.0,-2.341296235524383,0.6532369520997158,0.7858186858963784,1,Recent Regular Customers
17555.0,-0.5866782483482139,-0.3615827770984003,-0.3274680605423006,0,Low Value Customers
17556.0,1.120795057494147,-0.9552142636712972,-1.2082141201107934,3,At-Risk Low Value Customers
17557.0,-0.8377569465536066,0.0596054655268191,-0.2324164231416365,1,Recent Regular Customers
17560.0,0.5474298004497687,0.3863044476016776,0.1300569144831672,2,Occasional Customers
17561.0,-0.6230859205766931,-0.9552142636712972,-1.1729001271788384,0,Low Value Customers
17562.0,-0.8377569465536066,1.0744251947249353,0.3461316629973294,1,Recent Regular Customers
17564.0,-0.4565741366045358,0.0596054655268191,-0.3721255152096756,0,Low Value Customers
17566.0,-1.2189397565026774,-0.3615827770984003,0.1436991395890465,1,Recent Regular Customers
17567.0,-1.3068305482073614,1.2468684386726128,1.4188534193445297,4,High Value Loyal Customers
17569.0,1.4755606217079846,-0.9552142636712972,-0.5917637833364747,3,At-Risk Low Value Customers
17571.0,0.0754356108856238,0.3863044476016776,0.5360723888891566,5,High Value Customers
17572.0,0.3327587744728552,0.3863044476016776,-0.9221332929910352,2,Occasional Customers
17573.0,-0.3205241028950956,0.0596054655268191,-0.5119550116096435,0,Low Value Customers
17574.0,1.2435087462334855,-0.9552142636712972,-1.0802946692948392,3,At-Risk Low Value Customers
17576.0,-1.2189397565026774,2.41594390599791,1.2640855696414963,4,High Value Loyal Customers
17578.0,1.1628461404940136,-0.9552142636712972,-1.2839297375394314,3,At-Risk Low Value Customers
17579.0,-1.5215015741842748,0.0596054655268191,-0.3811012165183349,1,Recent Regular Customers
17580.0,1.273481018447474,0.0596054655268191,-0.961585426814007,3,At-Risk Low Value Customers
17581.0,-2.341296235524383,2.8000649690066,2.161238430709976,4,High Value Loyal Customers
17582.0,1.2217880243366328,-0.9552142636712972,-1.125767624499598,3,At-Risk Low Value Customers
17584.0,-1.3068305482073614,-0.3615827770984003,0.4267386029350345,1,Recent Regular Customers
17585.0,0.6490128893147309,0.3863044476016776,0.3420889717803342,2,Occasional Customers
17588.0,0.5853165797205673,0.0596054655268191,0.4253951308099885,2,Occasional Customers
17589.0,0.2090430589164636,0.3863044476016776,0.9511407292644872,5,High Value Customers
17590.0,-2.038734417842785,0.0596054655268191,0.5593201202598426,1,Recent Regular Customers
17591.0,0.3532041426862792,1.0744251947249353,0.8819654585832107,5,High Value Customers
17593.0,-1.6575516078937147,0.6532369520997158,1.3403268318275736,1,Recent Regular Customers
17594.0,0.4653461139941349,-0.3615827770984003,0.249032645914791,2,Occasional Customers
17595.0,-0.9445401209818785,-0.3615827770984003,-0.4993720016326995,0,Low Value Customers
17596.0,-0.4870358868672529,1.0744251947249353,1.07411805736057,5,High Value Customers
17597.0,1.1490907416248033,-0.9552142636712972,0.822361579469895,2,Occasional Customers
17600.0,-0.6613614517492411,-0.9552142636712972,-1.1895789232088596,0,Low Value Customers
17601.0,1.231174428080437,-0.9552142636712972,-1.4514132048846686,3,At-Risk Low Value Customers
17602.0,-2.038734417842785,0.8789251688960832,1.5414964172210277,4,High Value Loyal Customers
17603.0,0.4019933629965244,-0.9552142636712972,-0.4830794199326004,0,Low Value Customers
17604.0,1.159430989184945,-0.3615827770984003,-0.6761775323431952,3,At-Risk Low Value Customers
17608.0,-0.2271262067959733,-0.3615827770984003,-1.053748250928692,0,Low Value Customers
17609.0,-0.0694454046897029,0.6532369520997158,0.3343004751560118,5,High Value Customers
17611.0,-1.3068305482073614,2.089244923923052,1.3478358577716156,4,High Value Loyal Customers
17612.0,0.1180877484959417,0.8789251688960832,0.8239452825225809,5,High Value Customers
17613.0,-0.4870358868672529,1.9947556633726904,1.4570071811203795,4,High Value Loyal Customers
17614.0,0.1714110890244534,-0.9552142636712972,-0.5001308285251018,0,Low Value Customers
17615.0,0.7793883005555002,0.0596054655268191,-0.6259696091398089,2,Occasional Customers
17616.0,0.9954820328900365,0.0596054655268191,-0.189998451722805,2,Occasional Customers
17618.0,-1.4064729096883222,0.0596054655268191,0.1970906101315898,1,Recent Regular Customers
17619.0,1.4293409429987136,-0.9552142636712972,-0.9665514555591214,3,At-Risk Low Value Customers
17620.0,0.2090430589164636,-0.9552142636712972,-1.72971776807763,0,Low Value Customers
17621.0,-0.5519645819744484,0.0596054655268191,0.5101582334026828,1,Recent Regular Customers
17623.0,-0.2271262067959733,-0.9552142636712972,-0.2538131699619368,0,Low Value Customers
17624.0,-0.7895977045488505,-0.3615827770984003,0.1193353167392414,1,Recent Regular Customers
17625.0,-0.6613614517492411,0.3863044476016776,0.8129930437926979,1,Recent Regular Customers
17628.0,0.429805622872584,-0.9552142636712972,-1.7865545917925838,3,At-Risk Low Value Customers
17629.0,-1.4064729096883222,1.2468684386726128,0.7274495564918111,1,Recent Regular Customers
17630.0,0.978227870930976,-0.3615827770984003,-0.2899136211150789,2,Occasional Customers
17631.0,-2.038734417842785,0.0596054655268191,-0.2518890712315212,1,Recent Regular Customers
17633.0,-0.2723648608903394,0.3863044476016776,0.4778213737425368,5,High Value Customers
17634.0,-0.164028700972232,1.4011241767997944,0.9359354359792624,5,High Value Customers
17636.0,-0.6230859205766931,-0.9552142636712972,-0.7395848504246728,0,Low Value Customers
17637.0,-0.2723648608903394,-0.3615827770984003,-0.2242542374200543,0,Low Value Customers
17639.0,1.3381648540746935,-0.9552142636712972,-1.5041313391125302,3,At-Risk Low Value Customers
17640.0,0.4825011053425735,-0.9552142636712972,-0.1228344032010194,2,Occasional Customers
17642.0,0.7201342279169752,-0.3615827770984003,-0.0148409061672574,2,Occasional Customers
17643.0,1.5622054467539612,-0.9552142636712972,-1.5562448547659884,3,At-Risk Low Value Customers
17644.0,-2.341296235524383,1.668056681297832,1.0989051036251405,4,High Value Loyal Customers
17646.0,1.166245732973242,0.0596054655268191,0.2610991454268721,2,Occasional Customers
17647.0,0.2678300793656594,-0.9552142636712972,-1.3433079585996293,0,Low Value Customers
17648.0,0.2211768101395232,0.3863044476016776,0.720139177993189,5,High Value Customers
17649.0,0.8236210556992557,-0.9552142636712972,0.1425300597454258,2,Occasional Customers
17650.0,-0.5519645819744484,-0.9552142636712972,-1.1683206520483642,0,Low Value Customers
17651.0,-0.9445401209818785,1.54066546553549,1.344595890292465,5,High Value Customers
17652.0,-0.4273072773233673,1.7852452398084837,1.511590925938758,5,High Value Customers
17653.0,-0.1441286080907301,0.3863044476016776,0.4042163685737766,5,High Value Customers
17654.0,1.3408538993577666,-0.9552142636712972,-1.4410218153442298,3,At-Risk Low Value Customers
17655.0,-1.0042687305257638,1.0744251947249353,1.0251581582282088,5,High Value Customers
17656.0,0.3532041426862792,0.6532369520997158,0.6639297170941139,5,High Value Customers
17658.0,-0.3991450951625692,-0.3615827770984003,-0.1570518003358701,0,Low Value Customers
17659.0,-0.7017069128441668,1.7852452398084837,1.1268907711430898,5,High Value Customers
17660.0,0.83955495487776,-0.9552142636712972,-1.110230632463523,3,At-Risk Low Value Customers
17663.0,-0.3991450951625692,1.0744251947249353,0.7225261796196455,5,High Value Customers
17664.0,-0.6230859205766931,-0.3615827770984003,-0.1448601764780378,0,Low Value Customers
17666.0,-1.6575516078937147,-0.3615827770984003,0.0026471663615874,1,Recent Regular Customers
17667.0,0.2790514826837337,0.6532369520997158,0.8266782765192541,5,High Value Customers
17668.0,-2.341296235524383,-0.3615827770984003,-0.583494483212541,1,Recent Regular Customers
17669.0,-0.0347317383159377,1.0744251947249353,1.2280419733848913,5,High Value Customers
17670.0,1.1961645881530594,-0.9552142636712972,-0.9992060257499163,3,At-Risk Low Value Customers
17671.0,-0.7443590504544844,0.3863044476016776,0.6140294644476832,1,Recent Regular Customers
17672.0,0.0754356108856238,-0.3615827770984003,1.1728693727504624,2,Occasional Customers
17673.0,-2.038734417842785,0.8789251688960832,0.6251920588099669,1,Recent Regular Customers
17674.0,0.3632205247355723,-0.3615827770984003,-0.218503797570004,2,Occasional Customers
17675.0,-2.341296235524383,3.104064653121168,2.6492365219753866,4,High Value Loyal Customers
17676.0,-1.6575516078937147,0.8789251688960832,0.5051238374611537,1,Recent Regular Customers
17677.0,-2.038734417842785,3.057582165231702,2.474145379054011,4,High Value Loyal Customers
17678.0,1.305116977069759,-0.9552142636712972,-0.7055200776616007,3,At-Risk Low Value Customers
17679.0,0.1180877484959417,-0.3615827770984003,0.8017920680857142,2,Occasional Customers
17680.0,-0.4565741366045358,-0.9552142636712972,-1.085634882558422,0,Low Value Customers
17682.0,-1.0691974256329595,0.8789251688960832,0.9739916364052136,1,Recent Regular Customers
17684.0,-0.0179622852134984,-0.9552142636712972,-0.8791407078419567,0,Low Value Customers
17685.0,-0.7017069128441668,1.0744251947249353,1.1672651154948317,5,High Value Customers
17686.0,-1.3068305482073614,1.0744251947249353,1.6424891314768804,4,High Value Loyal Customers
17690.0,-0.2960560335189878,2.089244923923052,1.488248910940141,5,High Value Customers
17691.0,1.531660558029954,-0.3615827770984003,-0.7262739941365923,3,At-Risk Low Value Customers
17692.0,0.7621008264266822,0.3863044476016776,0.0164557090546685,2,Occasional Customers
17693.0,0.8182332398125501,-0.9552142636712972,-1.0195732872536396,3,At-Risk Low Value Customers
17694.0,0.844791532568056,-0.9552142636712972,-0.7463807676899983,3,At-Risk Low Value Customers
17695.0,0.7906947177453308,-0.3615827770984003,0.0421711518707458,2,Occasional Customers
17696.0,-0.1247454596417701,1.2468684386726128,0.9110018352555632,5,High Value Customers
17697.0,1.2217880243366328,-0.9552142636712972,-0.6038051644089512,3,At-Risk Low Value Customers
17698.0,1.2966211442140112,-0.9552142636712972,-1.223107020691543,3,At-Risk Low Value Customers
17700.0,-0.7017069128441668,0.3863044476016776,0.9931225962410448,5,High Value Customers
17701.0,1.273481018447474,-0.9552142636712972,-0.4377444328668647,3,At-Risk Low Value Customers
17702.0,-0.2960560335189878,0.3863044476016776,0.7319247666354808,5,High Value Customers
17703.0,-0.1844740691856557,0.0596054655268191,0.0760748166335875,2,Occasional Customers
17704.0,0.973851264493206,-0.3615827770984003,0.1576493871155354,2,Occasional Customers
17705.0,-1.824063391865872,1.4011241767997944,0.7315546083963855,1,Recent Regular Customers
17706.0,-1.6575516078937147,2.2616881678707283,2.1227895842791296,4,High Value Loyal Customers
17707.0,1.0409714714796316,-0.3615827770984003,-1.2362093394157072,3,At-Risk Low Value Customers
17708.0,1.0529110743320027,-0.3615827770984003,-0.8037587945292073,3,At-Risk Low Value Customers
17709.0,0.978227870930976,-0.9552142636712972,-1.317700415498014,3,At-Risk Low Value Customers
17711.0,-1.0042687305257638,-0.3615827770984003,-0.5026380520574664,0,Low Value Customers
17712.0,-0.0015614215275583,-0.9552142636712972,-0.2600685200387884,0,Low Value Customers
17714.0,1.4504947479670136,-0.9552142636712972,-1.23310695077496,3,At-Risk Low Value Customers
17715.0,1.1025494233790782,-0.9552142636712972,-0.6336995428833238,3,At-Risk Low Value Customers
17716.0,-0.4870358868672529,1.668056681297832,1.6308484409011086,5,High Value Customers
17718.0,1.2090862834765006,-0.9552142636712972,-1.3068682367523656,3,At-Risk Low Value Customers
17719.0,-0.1247454596417701,2.089244923923052,1.5934634290801573,5,High Value Customers
17720.0,-0.3991450951625692,0.3863044476016776,0.3965382925533616,1,Recent Regular Customers
17722.0,0.5551626080798789,0.3863044476016776,0.9576792960956004,5,High Value Customers
17723.0,0.7621008264266822,0.8789251688960832,1.197053145562512,5,High Value Customers
17724.0,0.3327587744728552,0.0596054655268191,0.2802430099613684,2,Occasional Customers
17725.0,-0.7443590504544844,1.668056681297832,1.2355531667247877,5,High Value Customers
17727.0,-0.7895977045488505,-0.9552142636712972,0.3009160053757154,0,Low Value Customers
17728.0,-1.6575516078937147,0.0596054655268191,1.0935010483496703,1,Recent Regular Customers
17730.0,-1.824063391865872,1.8937448980941995,1.5789660468300044,4,High Value Loyal Customers
17731.0,0.4113797667403285,0.3863044476016776,0.4253375026496763,2,Occasional Customers
17732.0,1.5622054467539612,-0.9552142636712972,-0.6901007639269096,3,At-Risk Low Value Customers
17733.0,-0.1058530769181821,-0.3615827770984003,-0.037557349076296,2,Occasional Customers
17734.0,0.1317800456562198,0.0596054655268191,-0.0279395025206897,2,Occasional Customers
17735.0,-2.038734417842785,2.41594390599791,2.2988655416773187,4,High Value Loyal Customers
17736.0,-1.1403187642352035,0.0596054655268191,-0.5185634888503873,1,Recent Regular Customers
17737.0,-1.1403187642352035,-0.3615827770984003,-1.1581123081761393,0,Low Value Customers
17738.0,-0.6230859205766931,0.3863044476016776,0.755381679507452,1,Recent Regular Customers
17739.0,-0.9445401209818785,1.0744251947249353,1.0697641059344436,5,High Value Customers
17742.0,0.6756660532493783,-0.3615827770984003,-0.5668971238925392,2,Occasional Customers
17744.0,-1.6575516078937147,0.8789251688960832,0.9236519322686756,1,Recent Regular Customers
17746.0,1.2342771737504357,-0.9552142636712972,-1.491530638374241,3,At-Risk Low Value Customers
17747.0,0.6756660532493783,-0.9552142636712972,-1.832924629211968,3,At-Risk Low Value Customers
17749.0,1.0123462367079263,-0.3615827770984003,-0.0580783009269313,2,Occasional Customers
17750.0,-1.5215015741842748,1.4011241767997944,0.6807111392217983,1,Recent Regular Customers
17752.0,1.5337362457620345,-0.9552142636712972,-1.737467488654151,3,At-Risk Low Value Customers
17754.0,-2.341296235524383,0.6532369520997158,0.6591537358462961,1,Recent Regular Customers
17757.0,-2.341296235524383,3.057582165231702,1.6220049998598771,4,High Value Loyal Customers
17758.0,-0.6230859205766931,1.2468684386726128,1.228387054972729,5,High Value Customers
17759.0,-0.7017069128441668,0.0596054655268191,0.0968869130456714,1,Recent Regular Customers
17760.0,-0.5187942651860693,-0.3615827770984003,-0.733974823055072,0,Low Value Customers
17761.0,-0.2271262067959733,-0.9552142636712972,-0.0142951494578994,0,Low Value Customers
17763.0,1.302295766682681,-0.9552142636712972,-3.032659304068139,3,At-Risk Low Value Customers
17764.0,0.0899255663351436,-0.3615827770984003,0.0496132775946493,2,Occasional Customers
17765.0,0.9286126103988396,0.0596054655268191,-0.5394362996839542,2,Occasional Customers
17767.0,-0.7895977045488505,-0.9552142636712972,-0.7804424676496562,0,Low Value Customers
17768.0,-1.2189397565026774,0.0596054655268191,0.8368116743373654,1,Recent Regular Customers
17769.0,-0.8892400660298114,1.54066546553549,1.347095367562554,5,High Value Customers
17770.0,1.0951243943709967,0.6532369520997158,0.3607744236768292,2,Occasional Customers
17771.0,0.1714110890244534,-0.3615827770984003,-0.8582608224689693,0,Low Value Customers
17772.0,-1.0042687305257638,-0.3615827770984003,-1.1340158973111545,0,Low Value Customers
17774.0,0.5628161034647609,0.3863044476016776,0.4082633291641583,2,Occasional Customers
17775.0,1.2793336700851932,-0.9552142636712972,-2.017430162984219,3,At-Risk Low Value Customers
17777.0,-0.4273072773233673,0.0596054655268191,-0.0904461583823273,1,Recent Regular Customers
17779.0,-0.5519645819744484,0.0596054655268191,-0.087071306353633,1,Recent Regular Customers
17781.0,0.9286126103988396,-0.3615827770984003,-1.070267095753212,3,At-Risk Low Value Customers
17783.0,0.343051479153905,-0.3615827770984003,-0.7454023661114233,0,Low Value Customers
17785.0,0.1180877484959417,-0.9552142636712972,-1.3499753748844956,0,Low Value Customers
17786.0,0.4653461139941349,-0.3615827770984003,-0.7932455029225977,0,Low Value Customers
17787.0,0.9000915875201235,0.3863044476016776,0.7289455517226587,2,Occasional Customers
17788.0,0.3632205247355723,-0.3615827770984003,0.3429559809677506,2,Occasional Customers
17789.0,1.3515142129228124,-0.9552142636712972,-0.9251048940137097,3,At-Risk Low Value Customers
17790.0,-0.3720072223713004,1.9947556633726904,0.7906250910734396,5,High Value Customers
17791.0,-0.2960560335189878,-0.9552142636712972,-1.5217437507216738,0,Low Value Customers
17793.0,-0.4273072773233673,-0.9552142636712972,-0.6996170030366554,0,Low Value Customers
17795.0,1.02063753599374,-0.3615827770984003,-0.5947859594600559,3,At-Risk Low Value Customers
17796.0,-0.0874272207859269,0.3863044476016776,-0.0400721119071433,2,Occasional Customers
17797.0,-0.5187942651860693,0.0596054655268191,0.0576680521682473,1,Recent Regular Customers
17799.0,-0.5187942651860693,1.54066546553549,1.137339709591111,5,High Value Customers
17800.0,-0.1441286080907301,1.4011241767997944,0.3907206270208431,5,High Value Customers
17802.0,0.4388506943278125,0.0596054655268191,0.453599277096207,2,Occasional Customers
17805.0,0.3632205247355723,-0.9552142636712972,-0.2763127214543399,0,Low Value Customers
17806.0,-1.0042687305257638,-0.9552142636712972,-0.2257346909547771,0,Low Value Customers
17809.0,-0.7443590504544844,1.7852452398084837,1.5957968969021197,4,High Value Loyal Customers
17811.0,-1.6575516078937147,3.4307636351960267,1.8823429309906865,4,High Value Loyal Customers
17812.0,-0.8892400660298114,0.3863044476016776,-0.0288688494635452,1,Recent Regular Customers
17813.0,-0.8377569465536066,0.6532369520997158,0.674941479315057,1,Recent Regular Customers
17816.0,-0.1441286080907301,0.3863044476016776,-2.3544778105848176,0,Low Value Customers
17817.0,-1.6575516078937147,0.0596054655268191,-0.4973451827227972,1,Recent Regular Customers
17819.0,0.343051479153905,1.0744251947249353,1.294699430953453,5,High Value Customers
17824.0,0.0899255663351436,-0.9552142636712972,-0.704749928434917,0,Low Value Customers
17827.0,-1.5215015741842748,0.6532369520997158,0.7998838140356539,1,Recent Regular Customers
17828.0,-0.4870358868672529,0.3863044476016776,0.7300591569945633,5,High Value Customers
17829.0,1.3976862120525944,-0.9552142636712972,0.1612731180187774,2,Occasional Customers
17830.0,-2.038734417842785,0.0596054655268191,-0.4751262831328304,1,Recent Regular Customers
17831.0,-0.2271262067959733,-0.9552142636712972,-2.379409112871772,0,Low Value Customers
17832.0,0.0754356108856238,-0.9552142636712972,-1.220969560578921,0,Low Value Customers
17835.0,-1.824063391865872,0.0596054655268191,-0.5961508549388809,1,Recent Regular Customers
17836.0,0.030196956791258,-0.9552142636712972,-1.4918164344926022,0,Low Value Customers
17837.0,-0.0518867296643757,1.2468684386726128,0.5979708276108235,5,High Value Customers
17838.0,-0.3720072223713004,0.6532369520997158,1.049426941314764,5,High Value Customers
17839.0,-0.0518867296643757,-0.9552142636712972,-0.6539821448231333,0,Low Value Customers
17841.0,-2.038734417842785,5.098981328543861,3.195606949163852,4,High Value Loyal Customers
17843.0,1.4075699228848029,-0.9552142636712972,-1.000052340077754,3,At-Risk Low Value Customers
17844.0,0.6353205921544528,-0.9552142636712972,-2.087436861614868,3,At-Risk Low Value Customers
17846.0,0.4653461139941349,-0.9552142636712972,0.8179705177648974,2,Occasional Customers
17848.0,0.429805622872584,1.4011241767997944,0.1718788649691333,5,High Value Customers
17849.0,1.1628461404940136,0.3863044476016776,-0.1433394674343449,2,Occasional Customers
17850.0,1.5602075626728675,3.2352636093671743,1.5927518811391643,5,High Value Customers
17852.0,-0.9445401209818785,-0.3615827770984003,-1.462837503219828,0,Low Value Customers
17854.0,1.0409714714796316,-0.3615827770984003,-0.671327103421584,3,At-Risk Low Value Customers
17855.0,1.5622054467539612,-0.9552142636712972,-0.9867318258548092,3,At-Risk Low Value Customers
17856.0,-2.038734417842785,0.3863044476016776,0.5318050852017757,1,Recent Regular Customers
17857.0,-1.6575516078937147,2.6828764104959486,2.8694250097644374,4,High Value Loyal Customers
17858.0,-1.4064729096883222,1.7852452398084837,1.5549392729887554,4,High Value Loyal Customers
17859.0,1.412463115884243,-0.9552142636712972,-1.2924473249746034,3,At-Risk Low Value Customers
17860.0,1.5541816139754578,-0.9552142636712972,-0.9231808250595296,3,At-Risk Low Value Customers
17861.0,-1.824063391865872,1.2468684386726128,0.8428855510249316,1,Recent Regular Customers
17862.0,1.45741482159648,-0.9552142636712972,-0.6228506743839504,3,At-Risk Low Value Customers
17863.0,0.196708740763415,0.8789251688960832,1.1683142144274108,5,High Value Customers
17864.0,-0.8892400660298114,0.0596054655268191,-0.2130376883121061,1,Recent Regular Customers
17865.0,-0.2723648608903394,2.487376384667096,2.12443928382884,4,High Value Loyal Customers
17866.0,0.8499916181313663,-0.9552142636712972,-0.6258494234991153,3,At-Risk Low Value Customers
17867.0,-0.2960560335189878,0.8789251688960832,0.3708503874663599,5,High Value Customers
17869.0,0.6353205921544528,0.6532369520997158,-0.4185717656557408,2,Occasional Customers
17870.0,-2.038734417842785,1.7852452398084837,0.7497991734995884,4,High Value Loyal Customers
17871.0,1.1171814462747254,-0.9552142636712972,-1.218280468089482,3,At-Risk Low Value Customers
17873.0,0.4206495661775393,0.6532369520997158,0.7425592631282791,5,High Value Customers
17874.0,1.0409714714796316,0.8789251688960832,-0.0476296669503921,2,Occasional Customers
17877.0,0.978227870930976,-0.9552142636712972,-0.8851133867224165,3,At-Risk Low Value Customers
17878.0,-0.0179622852134984,-0.9552142636712972,-0.5143536399765163,0,Low Value Customers
17879.0,0.9954820328900365,-0.9552142636712972,-1.1112481811645667,3,At-Risk Low Value Customers
17880.0,1.5460705639150825,-0.9552142636712972,-0.363595573642486,3,At-Risk Low Value Customers
17881.0,1.410020530205643,-0.9552142636712972,-1.341590652400348,3,At-Risk Low Value Customers
17883.0,-1.824063391865872,0.3863044476016776,-0.0701459021432382,1,Recent Regular Customers
17884.0,-1.6575516078937147,0.3863044476016776,-0.0342623306985281,1,Recent Regular Customers
17885.0,-0.9445401209818785,-0.9552142636712972,-1.2160549057838903,0,Low Value Customers
17886.0,-0.2494027642928512,0.0596054655268191,0.1432518043504373,2,Occasional Customers
17887.0,0.7736701939658116,-0.9552142636712972,-1.483711252374787,3,At-Risk Low Value Customers
17888.0,-0.5519645819744484,1.2468684386726128,-0.0107180418333401,5,High Value Customers
17889.0,1.1421167725593575,-0.3615827770984003,-1.016031013199743,3,At-Risk Low Value Customers
17890.0,1.4551152534945606,-0.3615827770984003,-0.1685000583215961,2,Occasional Customers
17891.0,0.9424744813034064,-0.9552142636712972,-1.006312199481335,3,At-Risk Low Value Customers
17892.0,0.1584332095908674,0.0596054655268191,-0.8637861810935077,0,Low Value Customers
17893.0,1.1863243234655771,-0.9552142636712972,-1.513549469052641,3,At-Risk Low Value Customers
17894.0,0.343051479153905,1.2468684386726128,0.3437085168684927,5,High Value Customers
17895.0,-0.0179622852134984,-0.9552142636712972,-1.6049821138250904,0,Low Value Customers
17896.0,-0.4870358868672529,-0.9552142636712972,-0.8251193830096745,0,Low Value Customers
17897.0,0.991205750364562,0.0596054655268191,-0.231903823233241,2,Occasional Customers
17898.0,0.4653461139941349,-0.3615827770984003,-1.2379727504777465,3,At-Risk Low Value Customers
17899.0,0.9286126103988396,-0.9552142636712972,-1.2251480556434202,3,At-Risk Low Value Customers
17900.0,1.060765981162014,-0.3615827770984003,-1.4777212580197938,3,At-Risk Low Value Customers
17901.0,-0.3205241028950956,-0.9552142636712972,-1.490602510153189,0,Low Value Customers
17904.0,-0.5519645819744484,-0.9552142636712972,-1.1000388620844908,0,Low Value Customers
17905.0,0.3327587744728552,0.3863044476016776,0.0763232109107588,2,Occasional Customers
17906.0,1.2556424974565452,-0.9552142636712972,-1.8166275260583609,3,At-Risk Low Value Customers
17908.0,1.5641979960247516,-0.9552142636712972,-0.9039191989576736,3,At-Risk Low Value Customers
17911.0,-1.1403187642352035,-0.9552142636712972,-0.5424602985669643,0,Low Value Customers
17912.0,1.4245575339360348,0.6532369520997158,-0.6743870862082227,2,Occasional Customers
17913.0,0.196708740763415,-0.3615827770984003,-0.4555848300884038,0,Low Value Customers
17914.0,-1.6575516078937147,-0.9552142636712972,-0.6265467533536767,0,Low Value Customers
17917.0,-0.0015614215275583,0.0596054655268191,-0.6130224989698588,0,Low Value Customers
17919.0,0.4909329380903411,-0.9552142636712972,0.4652547212007052,2,Occasional Customers
17920.0,-1.6575516078937147,2.2616881678707283,1.3789854262601238,4,High Value Loyal Customers
17921.0,0.2564373503073006,0.3863044476016776,0.0971482426601215,2,Occasional Customers
17923.0,1.354155664383771,-0.9552142636712972,-0.9923152813008848,3,At-Risk Low Value Customers
17924.0,-0.9445401209818785,1.0744251947249353,1.1170404347231184,5,High Value Customers
17925.0,1.5622054467539612,-0.9552142636712972,-0.8638510329885676,3,At-Risk Low Value Customers
17926.0,0.7962843263422448,-0.3615827770984003,-0.4779347569438742,2,Occasional Customers
17928.0,-0.0015614215275583,-0.3615827770984003,-0.9733331124904692,0,Low Value Customers
17929.0,-1.0042687305257638,0.3863044476016776,0.1188834674628402,1,Recent Regular Customers
17930.0,-0.164028700972232,0.6532369520997158,0.6945349178626112,5,High Value Customers
17931.0,0.8018323761266101,-0.3615827770984003,-0.4561476339575304,2,Occasional Customers
17932.0,-0.3205241028950956,0.0596054655268191,0.4818452284686976,2,Occasional Customers
17934.0,0.10413950578058,-0.3615827770984003,-0.0238497150885411,2,Occasional Customers
17935.0,0.8236210556992557,-0.3615827770984003,-1.2712138255009162,3,At-Risk Low Value Customers
17936.0,-1.5215015741842748,-0.9552142636712972,-0.5129344459956893,0,Low Value Customers
17937.0,-1.1403187642352035,1.0744251947249353,1.413283207515819,5,High Value Customers
17939.0,0.9332619043085026,-0.9552142636712972,-1.575144491204267,3,At-Risk Low Value Customers
17940.0,0.0606587070539751,1.54066546553549,1.359567101379117,5,High Value Customers
17941.0,0.7850629230241704,-0.9552142636712972,-0.6885647561991088,3,At-Risk Low Value Customers
17942.0,-1.2189397565026774,-0.9552142636712972,-1.768637269832344,0,Low Value Customers
17946.0,1.2122820453568492,-0.3615827770984003,-1.250955019914919,3,At-Risk Low Value Customers
17947.0,-0.1441286080907301,-0.9552142636712972,-1.119435816223776,0,Low Value Customers
17948.0,0.8704369863447896,-0.9552142636712972,-0.5592348458086638,3,At-Risk Low Value Customers
17949.0,-2.341296235524383,3.635385655585382,3.487595067234849,4,High Value Loyal Customers
17950.0,0.343051479153905,0.0596054655268191,-0.3243534490039642,2,Occasional Customers
17951.0,-0.0874272207859269,0.0596054655268191,0.2612172368241513,2,Occasional Customers
17954.0,-1.5215015741842748,1.7852452398084837,0.9208181018170852,4,High Value Loyal Customers
17955.0,1.0951243943709967,0.3863044476016776,-0.2095424935359103,2,Occasional Customers
17956.0,1.2616361783431542,-0.9552142636712972,-3.15310018294102,3,At-Risk Low Value Customers
17957.0,0.2790514826837337,-0.9552142636712972,-1.4813803606830311,0,Low Value Customers
17958.0,0.7013999571250162,-0.9552142636712972,-0.2822959151540075,3,At-Risk Low Value Customers
17960.0,0.982578957652646,-0.9552142636712972,-1.8072198261847223,3,At-Risk Low Value Customers
17961.0,-0.5519645819744484,3.4307636351960267,0.4606130359379415,4,High Value Loyal Customers
17962.0,0.844791532568056,-0.9552142636712972,-1.5496079382471577,3,At-Risk Low Value Customers
17964.0,-0.2494027642928512,-0.3615827770984003,-0.3562169458083657,0,Low Value Customers
17965.0,-0.1247454596417701,1.9947556633726904,1.013100813861055,5,High Value Customers
17966.0,-0.1247454596417701,0.6532369520997158,0.3290051777135221,5,High Value Customers
17967.0,1.5602075626728675,-0.9552142636712972,-1.477229970607762,3,At-Risk Low Value Customers
17968.0,1.5641979960247516,-0.9552142636712972,-0.7984548977650168,3,At-Risk Low Value Customers
17969.0,0.9605652887470136,-0.3615827770984003,-0.917089595379504,3,At-Risk Low Value Customers
17970.0,1.1386051930976016,-0.9552142636712972,-0.2017657749999098,3,At-Risk Low Value Customers
17972.0,1.240444227517647,-0.9552142636712972,-1.3307802640283026,3,At-Risk Low Value Customers
17973.0,0.10413950578058,-0.9552142636712972,-0.6082829107812443,0,Low Value Customers
17974.0,-0.4273072773233673,0.0596054655268191,-0.0241427562229703,1,Recent Regular Customers
17975.0,-0.7895977045488505,1.8937448980941995,1.4462185600035908,4,High Value Loyal Customers
17976.0,1.5602075626728675,-0.9552142636712972,-0.6449693421395208,3,At-Risk Low Value Customers
17977.0,-0.3205241028950956,-0.9552142636712972,-0.732461658486115,0,Low Value Customers
17978.0,1.5460705639150825,-0.9552142636712972,-0.6980888323652464,3,At-Risk Low Value Customers
17979.0,-0.164028700972232,0.3863044476016776,0.0072658876315841,2,Occasional Customers
17980.0,0.9605652887470136,0.0596054655268191,0.0886058413944729,2,Occasional Customers
17984.0,0.8602843228124161,-0.9552142636712972,-1.2347600507939251,3,At-Risk Low Value Customers
17985.0,-0.5187942651860693,-0.9552142636712972,-0.1105618906784198,0,Low Value Customers
17986.0,0.1584332095908674,-0.9552142636712972,-2.786833187587727,3,At-Risk Low Value Customers
17987.0,1.0409714714796316,-0.9552142636712972,-1.0271036764319486,3,At-Risk Low Value Customers
17988.0,-0.9445401209818785,1.0744251947249353,-1.017013395519163,1,Recent Regular Customers
17990.0,1.2249299626985986,0.0596054655268191,-0.1112031092788643,2,Occasional Customers
17991.0,1.1863243234655771,-0.3615827770984003,-1.6224768228943909,3,At-Risk Low Value Customers
17994.0,0.7323674405541809,0.3863044476016776,-0.0576431269975572,2,Occasional Customers
17995.0,1.354155664383771,-0.9552142636712972,-1.7829386656112238,3,At-Risk Low Value Customers
17997.0,0.3632205247355723,1.2468684386726128,0.7898806837823646,5,High Value Customers
17999.0,-0.1441286080907301,-0.3615827770984003,-0.5123924820593319,0,Low Value Customers
18001.0,-0.9445401209818785,-0.3615827770984003,-0.4431119191033753,0,Low Value Customers
18004.0,1.539928889257083,-0.9552142636712972,-1.2081140977649858,3,At-Risk Low Value Customers
18005.0,-1.6575516078937147,-0.3615827770984003,-0.9231109466151368,0,Low Value Customers
18006.0,-0.4870358868672529,-0.9552142636712972,-0.3885908323481455,0,Low Value Customers
18008.0,0.322322111219249,1.4011241767997944,0.8497884501140278,5,High Value Customers
18009.0,1.2186328007835272,-0.9552142636712972,-0.8531894420726059,3,At-Risk Low Value Customers
18010.0,1.2851407753342434,-0.9552142636712972,-1.1278894875907155,3,At-Risk Low Value Customers
18011.0,1.5622054467539612,-0.9552142636712972,-1.546692911155824,3,At-Risk Low Value Customers
18013.0,0.9097202276752518,-0.3615827770984003,-1.073342295634533,3,At-Risk Low Value Customers
18014.0,-0.3458217546340572,-0.9552142636712972,-1.1868964195041831,0,Low Value Customers
18015.0,-1.6575516078937147,-0.9552142636712972,-1.4245680652901818,0,Low Value Customers
18016.0,-0.2494027642928512,0.6532369520997158,0.5645182427640579,5,High Value Customers
18017.0,0.429805622872584,0.0596054655268191,-0.2599320093089412,2,Occasional Customers
18018.0,0.642198145526434,-0.3615827770984003,-1.4108324149814295,3,At-Risk Low Value Customers
18019.0,0.10413950578058,-0.9552142636712972,-2.3154611440748543,0,Low Value Customers
18022.0,-0.164028700972232,-0.9552142636712972,-0.1343276141933906,0,Low Value Customers
18024.0,0.9000915875201235,-0.3615827770984003,-0.4930629055362325,3,At-Risk Low Value Customers
18027.0,0.5778915507124864,-0.9552142636712972,-1.4561818569712923,3,At-Risk Low Value Customers
18030.0,-1.6575516078937147,-0.3615827770984003,-0.908639553782042,0,Low Value Customers
18032.0,1.480028953972913,-0.9552142636712972,-1.810201122731829,3,At-Risk Low Value Customers
18033.0,0.2678300793656594,-0.9552142636712972,-1.6185277536346272,0,Low Value Customers
18034.0,-0.5187942651860693,-0.3615827770984003,-0.4363608638167359,0,Low Value Customers
18035.0,-0.164028700972232,0.0596054655268191,-0.0130602278100689,2,Occasional Customers
18036.0,-0.2494027642928512,0.0596054655268191,-0.466386189170512,0,Low Value Customers
18037.0,0.9049214377701916,0.8789251688960832,-1.8482189795690755,3,At-Risk Low Value Customers
18040.0,-0.6230859205766931,-0.3615827770984003,-0.5622465231330128,0,Low Value Customers
18041.0,-0.9445401209818785,2.555485194733606,1.3747056741456298,4,High Value Loyal Customers
18042.0,0.1317800456562198,-0.9552142636712972,-1.1732350817451944,0,Low Value Customers
18043.0,-0.4273072773233673,0.0596054655268191,-0.2504490481017053,0,Low Value Customers
18044.0,-1.6575516078937147,1.54066546553549,0.8393639471451141,4,High Value Loyal Customers
18045.0,-0.0015614215275583,-0.9552142636712972,-1.112045433410897,0,Low Value Customers
18048.0,1.1099012982026455,-0.3615827770984003,-1.1393180620014107,3,At-Risk Low Value Customers
18050.0,1.5337362457620345,-0.9552142636712972,-1.8006579154268183,3,At-Risk Low Value Customers
18053.0,0.3327587744728552,-0.9552142636712972,-0.7004613912402079,0,Low Value Customers
18055.0,-1.3068305482073614,1.54066546553549,1.7726890575144694,4,High Value Loyal Customers
18056.0,1.3698109782739254,-0.9552142636712972,-0.5480634181113927,3,At-Risk Low Value Customers
18058.0,-1.0691974256329595,-0.9552142636712972,-1.1491470139737576,0,Low Value Customers
18059.0,-0.4870358868672529,0.0596054655268191,-0.6836383682328365,0,Low Value Customers
18061.0,-0.5187942651860693,1.54066546553549,0.8509962201705178,5,High Value Customers
18062.0,0.991205750364562,0.0596054655268191,-0.0057237694745334,2,Occasional Customers
18064.0,0.7962843263422448,-0.3615827770984003,0.0910963104162573,2,Occasional Customers
18065.0,-1.4064729096883222,1.9947556633726904,0.947384852138667,4,High Value Loyal Customers
18066.0,0.3731042355677808,-0.9552142636712972,-0.6543557533300071,0,Low Value Customers
18067.0,-0.0874272207859269,-0.9552142636712972,-0.4798526041973864,0,Low Value Customers
18068.0,1.3723885603136328,-0.9552142636712972,-1.5550832552204763,3,At-Risk Low Value Customers
18069.0,-0.3991450951625692,0.6532369520997158,0.8085932550794254,5,High Value Customers
18071.0,1.2880274685223396,-0.3615827770984003,-0.3738915577248422,3,At-Risk Low Value Customers
18072.0,1.0449726030954505,-0.9552142636712972,-0.8530294824183476,3,At-Risk Low Value Customers
18073.0,0.68218320610311,1.7852452398084837,1.327252700866413,5,High Value Customers
18074.0,1.5641979960247516,-0.9552142636712972,-0.3122747941312055,3,At-Risk Low Value Customers
18075.0,-0.4870358868672529,1.54066546553549,1.0169304368042635,5,High Value Customers
18077.0,-1.2189397565026774,1.668056681297832,1.008570535798657,4,High Value Loyal Customers
18078.0,1.159430989184945,-0.3615827770984003,-0.6104251934839949,3,At-Risk Low Value Customers
18079.0,-0.0015614215275583,0.3863044476016776,1.2747824837977102,5,High Value Customers
18080.0,-0.6230859205766931,-0.3615827770984003,0.4198049960550374,1,Recent Regular Customers
18081.0,-0.164028700972232,0.0596054655268191,-0.5933541839827343,0,Low Value Customers
18082.0,-0.3991450951625692,-0.9552142636712972,-0.0506775901397354,0,Low Value Customers
18084.0,-0.7443590504544844,-0.9552142636712972,-1.6470266742075317,0,Low Value Customers
18085.0,1.4710653716164896,-0.3615827770984003,-0.0401296195990221,2,Occasional Customers
18086.0,1.3327575169453991,-0.9552142636712972,-1.5578739517783349,3,At-Risk Low Value Customers
18087.0,0.5703918970472569,-0.3615827770984003,1.366587875284656,2,Occasional Customers
18088.0,0.2211768101395232,-0.9552142636712972,-1.1685585160911944,0,Low Value Customers
18092.0,-2.038734417842785,1.668056681297832,2.005958829685546,4,High Value Loyal Customers
18093.0,0.5317195515827039,0.3863044476016776,0.8461503169375684,2,Occasional Customers
18094.0,0.4388506943278125,1.0744251947249353,1.1316020342503783,5,High Value Customers
18095.0,1.4317211978352091,-0.3615827770984003,-0.1778007896986409,2,Occasional Customers
18096.0,-0.9445401209818785,0.0596054655268191,0.1245692985209044,1,Recent Regular Customers
18097.0,-1.2189397565026774,0.8789251688960832,1.0321893611610664,1,Recent Regular Customers
18099.0,0.7621008264266822,-0.9552142636712972,-1.1577836658537497,3,At-Risk Low Value Customers
18101.0,-1.0042687305257638,-0.3615827770984003,-0.937459335197835,0,Low Value Customers
18102.0,-2.341296235524383,4.048595265981312,4.67185320545904,4,High Value Loyal Customers
18104.0,-0.1441286080907301,-0.9552142636712972,0.0309965965406365,0,Low Value Customers
18105.0,-0.1247454596417701,-0.9552142636712972,-1.4687853657307233,0,Low Value Customers
18106.0,1.4710653716164896,-0.9552142636712972,-0.4302865796867833,3,At-Risk Low Value Customers
18108.0,1.2764130821748028,-0.9552142636712972,-0.7810266114080889,3,At-Risk Low Value Customers
18109.0,-2.038734417842785,2.855319654443625,1.9068488299861448,4,High Value Loyal Customers
18110.0,-0.5866782483482139,-0.9552142636712972,-1.0261882979300625,0,Low Value Customers
18112.0,-0.9445401209818785,-0.3615827770984003,-0.5723162507371093,0,Low Value Customers
18113.0,1.5541816139754578,-0.9552142636712972,-1.7806741897822131,3,At-Risk Low Value Customers
18114.0,1.3749572694199874,-0.9552142636712972,-0.9456838106659476,3,At-Risk Low Value Customers
18116.0,0.3010003961540392,1.2468684386726128,0.5234049028489074,5,High Value Customers
18117.0,-0.3991450951625692,-0.9552142636712972,-0.660232000464691,0,Low Value Customers
18118.0,-1.0042687305257638,2.855319654443625,1.6264941135862734,4,High Value Loyal Customers
18119.0,1.5521621018942895,-0.9552142636712972,-1.1016555390727132,3,At-Risk Low Value Customers
18120.0,1.1490907416248033,-0.9552142636712972,-1.4851272483797986,3,At-Risk Low Value Customers
18121.0,0.8804533683940834,-0.3615827770984003,-0.0834434633298942,2,Occasional Customers
18122.0,-1.2189397565026774,0.8789251688960832,0.7181747893078226,1,Recent Regular Customers
18123.0,-0.4565741366045358,-0.3615827770984003,-0.1855111140643546,0,Low Value Customers
18125.0,-0.2960560335189878,0.3863044476016776,0.3527329137544495,5,High Value Customers
18126.0,0.2211768101395232,-0.9552142636712972,-1.0178001766422966,0,Low Value Customers
18127.0,-0.6230859205766931,0.0596054655268191,-0.5850227400928576,0,Low Value Customers
18129.0,1.2435087462334855,-0.9552142636712972,-1.475267852396378,3,At-Risk Low Value Customers
18130.0,-0.7895977045488505,0.0596054655268191,0.3002717247924483,1,Recent Regular Customers
18133.0,1.1421167725593575,-0.9552142636712972,0.1981310416701975,2,Occasional Customers
18135.0,-0.3205241028950956,0.6532369520997158,-0.0494314151624345,1,Recent Regular Customers
18136.0,0.2448679827681711,0.0596054655268191,0.0616245532751196,2,Occasional Customers
18138.0,1.3876698300033006,-0.9552142636712972,-1.2349152053606958,3,At-Risk Low Value Customers
18139.0,-0.6613614517492411,0.8789251688960832,1.9487491221147404,5,High Value Customers
18142.0,0.9192262066550354,-0.3615827770984003,0.2698142177659127,2,Occasional Customers
18143.0,0.7013999571250162,-0.3615827770984003,0.2545928220344735,2,Occasional Customers
18144.0,-1.2189397565026774,1.7852452398084837,1.0970124986017669,4,High Value Loyal Customers
18145.0,-0.8892400660298114,0.3863044476016776,1.0894966352409037,1,Recent Regular Customers
18146.0,0.83955495487776,-0.3615827770984003,-1.1960541171237422,3,At-Risk Low Value Customers
18147.0,0.0144867079241929,-0.3615827770984003,-1.1076263409105136,0,Low Value Customers
18149.0,0.0899255663351436,0.0596054655268191,-0.135156805058381,2,Occasional Customers
18150.0,-0.2494027642928512,0.0596054655268191,-0.1964412062517843,2,Occasional Customers
18151.0,0.8073394805210485,-0.3615827770984003,-0.0833827345217371,2,Occasional Customers
18154.0,-1.824063391865872,-0.3615827770984003,-0.4741526078849355,1,Recent Regular Customers
18155.0,0.3731042355677808,0.0596054655268191,-0.5308804992359296,2,Occasional Customers
18156.0,-0.8892400660298114,-0.3615827770984003,-0.0567617480680419,1,Recent Regular Customers
18158.0,-1.1403187642352035,-0.3615827770984003,-0.3731916655197053,1,Recent Regular Customers
18159.0,1.4026444313479698,-0.9552142636712972,-0.2491612393881381,3,At-Risk Low Value Customers
18160.0,0.1714110890244534,-0.3615827770984003,-0.1021732963539182,2,Occasional Customers
18161.0,-0.7895977045488505,0.6532369520997158,0.6369167307845163,1,Recent Regular Customers
18164.0,-0.1441286080907301,-0.9552142636712972,-0.4732396297317804,0,Low Value Customers
18165.0,1.008165781748852,-0.9552142636712972,-0.6940454775690514,3,At-Risk Low Value Customers
18167.0,-0.4870358868672529,0.0596054655268191,0.513007669464166,1,Recent Regular Customers
18168.0,1.0039617748066132,0.8789251688960832,0.3723371341773827,2,Occasional Customers
18169.0,0.2211768101395232,-0.9552142636712972,-1.0110201534838443,0,Low Value Customers
18170.0,-0.2271262067959733,0.0596054655268191,0.238677454801998,2,Occasional Customers
18171.0,0.196708740763415,0.6532369520997158,0.4196824728306614,5,High Value Customers
18172.0,-0.7895977045488505,2.487376384667096,1.8615846112754983,4,High Value Loyal Customers
18173.0,0.4825011053425735,0.3863044476016776,0.8462709770072705,2,Occasional Customers
18174.0,-1.3068305482073614,-0.9552142636712972,-1.537481444148179,0,Low Value Customers
18176.0,1.531660558029954,-0.9552142636712972,-0.3340337647305796,3,At-Risk Low Value Customers
18177.0,-0.2723648608903394,0.8789251688960832,0.4873723638564897,5,High Value Customers
18178.0,0.7736701939658116,0.3863044476016776,0.6231178451097682,2,Occasional Customers
18179.0,-1.1403187642352035,0.8789251688960832,0.7182235152982193,1,Recent Regular Customers
18180.0,-1.5215015741842748,0.8789251688960832,0.7403179325409,1,Recent Regular Customers
18181.0,-0.4565741366045358,-0.9552142636712972,-0.5411196793246079,0,Low Value Customers
18183.0,1.1928988969078893,-0.3615827770984003,-0.1096575207522333,2,Occasional Customers
18184.0,-0.7895977045488505,-0.9552142636712972,-2.11450450272774,0,Low Value Customers
18185.0,1.2616361783431542,-0.9552142636712972,-0.6893714409649087,3,At-Risk Low Value Customers
18188.0,-0.7895977045488505,0.0596054655268191,0.8053448402314127,1,Recent Regular Customers
18189.0,0.4019933629965244,-0.3615827770984003,0.3230628414059814,2,Occasional Customers
18190.0,1.068539064558348,-0.3615827770984003,-0.7426413917341217,3,At-Risk Low Value Customers
18191.0,1.2994638495891662,-0.9552142636712972,-0.9911726102951608,3,At-Risk Low Value Customers
18192.0,0.343051479153905,-0.9552142636712972,0.2203759745828445,2,Occasional Customers
18193.0,0.9560835379863236,-0.9552142636712972,-0.8648893836802201,3,At-Risk Low Value Customers
18194.0,0.4388506943278125,-0.9552142636712972,0.2334202853793301,2,Occasional Customers
18196.0,0.5474298004497687,-0.3615827770984003,-0.0439574722573385,2,Occasional Customers
18198.0,-1.6575516078937147,2.2616881678707283,1.5977984775621703,4,High Value Loyal Customers
18200.0,0.6283790606233428,-0.9552142636712972,-1.2469014873856326,3,At-Risk Low Value Customers
18202.0,1.0988461440238422,0.0596054655268191,0.5199334062393767,2,Occasional Customers
18203.0,0.9192262066550354,-0.9552142636712972,-1.1957094077071178,3,At-Risk Low Value Customers
18204.0,0.3327587744728552,0.0596054655268191,0.7950809724459768,2,Occasional Customers
18205.0,-0.164028700972232,-0.3615827770984003,-0.2685323145990062,0,Low Value Customers
18209.0,-0.3205241028950956,-0.9552142636712972,-1.308285116335313,0,Low Value Customers
18210.0,-2.038734417842785,0.8789251688960832,1.0198542361808944,1,Recent Regular Customers
18211.0,-0.3991450951625692,0.6532369520997158,-0.1508797209520832,1,Recent Regular Customers
18212.0,1.4619928068665424,-0.9552142636712972,-0.9603029873755324,3,At-Risk Low Value Customers
18213.0,1.2249299626985986,-0.9552142636712972,-0.9023859949220616,3,At-Risk Low Value Customers
18215.0,0.4992705584450125,-0.9552142636712972,-0.7022587005480402,3,At-Risk Low Value Customers
18216.0,-0.2723648608903394,-0.9552142636712972,-0.3250939167761628,0,Low Value Customers
18217.0,-0.3205241028950956,-0.3615827770984003,-0.1227195406587145,0,Low Value Customers
18218.0,1.1386051930976016,-0.3615827770984003,-0.0973874844005008,2,Occasional Customers
18219.0,-1.824063391865872,1.54066546553549,0.832169961078373,4,High Value Loyal Customers
18220.0,1.1928988969078893,-0.9552142636712972,-0.6866943191620395,3,At-Risk Low Value Customers
18221.0,-0.5187942651860693,0.6532369520997158,0.2868332155319337,1,Recent Regular Customers
18222.0,0.5317195515827039,-0.9552142636712972,-0.3915922348003671,3,At-Risk Low Value Customers
18223.0,-1.5215015741842748,1.9947556633726904,1.7394742933719105,4,High Value Loyal Customers
18224.0,1.305116977069759,-0.9552142636712972,-1.2029798912170295,3,At-Risk Low Value Customers
18225.0,-1.824063391865872,1.7852452398084837,1.6093424723205918,4,High Value Loyal Customers
18226.0,-0.0179622852134984,1.668056681297832,1.5683333191656612,5,High Value Customers
18227.0,1.1628461404940136,-0.9552142636712972,-1.6191146706664177,3,At-Risk Low Value Customers
18228.0,0.1714110890244534,-0.3615827770984003,0.0571288503141333,2,Occasional Customers
18229.0,-0.9445401209818785,2.487376384667096,1.8310803726823104,4,High Value Loyal Customers
18230.0,-1.1403187642352035,1.0744251947249353,1.075110955977488,5,High Value Customers
18231.0,1.068539064558348,0.6532369520997158,0.8329371578321502,2,Occasional Customers
18232.0,0.4388506943278125,0.3863044476016776,-0.1603231403854599,2,Occasional Customers
18233.0,1.4619928068665424,-0.9552142636712972,-0.396980238811539,3,At-Risk Low Value Customers
18235.0,0.343051479153905,0.0596054655268191,0.7196883289226939,2,Occasional Customers
18236.0,-0.2960560335189878,0.8789251688960832,0.1549994394628861,5,High Value Customers
18237.0,-1.824063391865872,0.6532369520997158,0.2441574934221326,1,Recent Regular Customers
18239.0,1.166245732973242,0.6532369520997158,0.6084040737922152,2,Occasional Customers
18240.0,0.0144867079241929,-0.9552142636712972,-0.4290097276676079,0,Low Value Customers
18241.0,-1.0691974256329595,2.2616881678707283,0.8334431022808276,4,High Value Loyal Customers
18242.0,0.343051479153905,0.3863044476016776,0.8922870197110905,5,High Value Customers
18245.0,-1.3068305482073614,1.0744251947249353,1.003219354926097,1,Recent Regular Customers
18246.0,-0.4565741366045358,-0.3615827770984003,-0.1561462188779627,0,Low Value Customers
18248.0,0.7384096537980341,-0.3615827770984003,0.0813044791290362,2,Occasional Customers
18249.0,-0.7017069128441668,-0.9552142636712972,-1.6058890077482089,0,Low Value Customers
18250.0,1.4245575339360348,-0.9552142636712972,-0.5800382508408521,3,At-Risk Low Value Customers
18251.0,0.4825011053425735,-0.9552142636712972,1.4157730904038592,2,Occasional Customers
18252.0,0.0899255663351436,-0.3615827770984003,-0.2671383644362342,2,Occasional Customers
18255.0,0.4992705584450125,-0.9552142636712972,-1.542797367296976,3,At-Risk Low Value Customers
18257.0,-0.1058530769181821,1.2468684386726128,0.9288444100549724,5,High Value Customers
18259.0,-0.4273072773233673,0.0596054655268191,0.9291739730444744,5,High Value Customers
18260.0,0.991205750364562,0.8789251688960832,1.0219637331500289,5,High Value Customers
18261.0,-0.0347317383159377,-0.3615827770984003,-0.6389600778506193,0,Low Value Customers
18262.0,0.8342813692643014,-0.9552142636712972,-1.2514829728656909,3,At-Risk Low Value Customers
18263.0,-0.3991450951625692,0.0596054655268191,0.4078903236262952,1,Recent Regular Customers
18265.0,0.343051479153905,-0.3615827770984003,0.0788226992985349,2,Occasional Customers
18268.0,0.8018323761266101,-0.9552142636712972,-2.631674743031959,3,At-Risk Low Value Customers
18269.0,1.5481066068113414,-0.9552142636712972,-1.1564235935924128,3,At-Risk Low Value Customers
18270.0,-0.1247454596417701,-0.3615827770984003,-0.746296857483761,0,Low Value Customers
18272.0,-1.824063391865872,0.8789251688960832,1.1475756328303357,1,Recent Regular Customers
18273.0,-2.038734417842785,0.0596054655268191,-1.0057692733066077,1,Recent Regular Customers
18274.0,-0.2960560335189878,-0.9552142636712972,-1.1228424369850911,0,Low Value Customers
18276.0,-0.0179622852134984,-0.9552142636712972,-0.6110619283000064,0,Low Value Customers
18277.0,0.1841671134665053,-0.9552142636712972,-1.490602510153189,0,Low Value Customers
18278.0,0.3632205247355723,-0.9552142636712972,-1.1319685087655698,0,Low Value Customers
18280.0,1.3435332891612286,-0.9552142636712972,-1.1020930439269043,3,At-Risk Low Value Customers
18281.0,1.0247488921712042,-0.9552142636712972,-1.735717200921566,3,At-Risk Low Value Customers
18282.0,-1.2189397565026774,-0.3615827770984003,-1.1133315800059258,0,Low Value Customers
18283.0,-1.6575516078937147,2.178003940795619,0.8228121691616641,4,High Value Loyal Customers
18287.0,-0.0347317383159377,0.0596054655268191,0.7375257247543262,2,Occasional Customers
