StockCode,Description,AverageDailyDemand,DemandStd,SafetyStock,ReorderPoint,InventoryPriority
10002,INFLATABLE POLITICAL GLOBE ,2.2,11.65,50.86,66.26,Medium
10080,GROOVY CACTUS INFLATABLE,0.78,4.16,18.14,23.59,Low
10120,DOGGY RUBBER,0.51,3.21,13.99,17.59,Low
10123C,HEARTS WRAPPING TAPE ,0.01,0.17,0.75,0.84,Low
10124A,SPOTS ON RED BOOKCOVER TAPE,0.04,0.39,1.71,2.01,Low
10124G,ARMY CAMO BOOKCOVER TAPE,0.05,0.44,1.92,2.24,Low
10125,MINI FUNKY DESIGN TAPES,3.28,14.0,61.13,84.06,Medium
10133,COLOURING PENCILS BROWN TUBE,6.34,18.37,80.21,124.62,Medium
10135,COLOURING PENCILS BROWN TUBE,5.18,19.07,83.26,119.5,Medium
11001,ASSTD DESIGN RACING CAR PEN,3.35,21.15,92.33,115.77,Medium
15030,FAN BLACK FRAME ,0.38,3.46,15.12,17.79,Low
15034,PAPER POCKET TRAVELING FAN ,17.16,97.44,425.35,545.49,High
15036,ASSORTED COLOURS SILK FAN,58.49,187.19,817.19,1226.63,High
15039,SANDALWOOD FAN,4.17,23.12,100.93,130.09,Medium
15044A,PINK PAPER PARASOL ,1.13,3.78,16.51,24.41,Low
15044B,BLUE PAPER PARASOL ,0.82,4.16,18.15,23.9,Low
15044C,PURPLE PAPER PARASOL,0.72,3.23,14.09,19.16,Low
15044D,RED PAPER PARASOL,1.68,7.77,33.9,45.67,Medium
15056BL,EDWARDIAN PARASOL BLACK,7.43,18.69,81.59,133.6,Medium
15056N,EDWARDIAN PARASOL NATURAL,10.22,21.78,95.07,166.6,Medium
15056P,EDWARDIAN PARASOL PINK,2.05,7.57,33.03,47.39,Medium
15058A,BLUE POLKADOT GARDEN PARASOL,0.4,1.55,6.78,9.55,Low
15058B,PINK POLKADOT GARDEN PARASOL,0.31,1.44,6.29,8.44,Low
15058C,ICE CREAM DESIGN GARDEN PARASOL,0.52,2.98,13.0,16.62,Low
15060B,FAIRY CAKE DESIGN UMBRELLA,1.1,3.83,16.72,24.41,Low
16008,SMALL FOLDING SCISSOR(POINTED EDGE),7.73,32.98,143.97,198.1,Medium
16010,FOLDING CAMPING SCISSOR W/KNIF & S,0.08,0.93,4.05,4.62,Low
16011,ANIMAL STICKERS,4.68,17.82,77.78,110.52,Medium
16012,FOOD/DRINK SPONGE STICKERS,3.26,15.17,66.22,89.05,Medium
16014,SMALL CHINESE STYLE SCISSOR,35.64,245.88,1073.38,1322.84,High
16015,MEDIUM CHINESE STYLE SCISSOR,1.77,16.03,69.99,82.38,Medium
16016,LARGE CHINESE STYLE SCISSOR,3.4,15.0,65.49,89.32,Medium
16020C,CLEAR STATIONERY BOX SET ,0.02,0.23,1.01,1.12,Low
16033,MINI HIGHLIGHTER PENS,2.25,26.99,117.82,133.55,Medium
16043,POP ART PUSH DOWN RUBBER ,0.26,4.02,17.55,19.38,Low
16045,POPART WOODEN PENCILS ASST,23.8,77.12,336.65,503.23,High
16046,TEATIME PEN CASE & PENS,0.17,1.49,6.49,7.69,Low
16048,TEATIME ROUND PENCIL SHARPENER ,3.84,14.9,65.04,91.92,Medium
16049,TEATIME GEL PENS ASST,1.35,16.83,73.45,82.88,Medium
16052,TEATIME PUSH DOWN RUBBER,1.25,17.13,74.8,83.54,Medium
16054,POPART RECT PENCIL SHARPENER ASST,3.12,13.6,59.36,81.19,Medium
16151A,FLOWERS HANDBAG blue and orange,0.13,2.23,9.76,10.67,Low
16156L,"WRAP, CAROUSEL",1.27,6.35,27.7,36.59,Medium
16156S,WRAP PINK FAIRY CAKES ,15.51,46.53,203.13,311.68,High
16161G,WRAP BAD HAIR DAY,1.87,8.77,38.29,51.39,Medium
16161M,WRAP  PINK FLOCK,0.07,1.29,5.64,6.11,Low
16161P,WRAP ENGLISH ROSE ,19.25,35.98,157.05,291.83,High
16161U,WRAP SUKI AND FRIENDS,10.9,29.12,127.11,203.38,High
16162L,THE KING GIFT BAG,0.05,0.47,2.05,2.37,Low
16162M,THE KING GIFT BAG 25x24x12cm,0.07,0.54,2.35,2.84,Low
16168M,FUNKY MONKEY GIFT BAG MEDIUM,0.88,4.26,18.6,24.76,Low
16169E,WRAP 50'S  CHRISTMAS,12.2,32.6,142.31,227.71,High
16169K,WRAP FOLK ART,0.53,3.62,15.81,19.55,Low
16169M,WRAP DAISY CARPET ,1.76,6.74,29.42,41.77,Medium
16169N,WRAP BLUE RUSSIAN FOLKART,0.07,1.29,5.64,6.11,Low
16169P,WRAP GREEN RUSSIAN FOLKART ,0.13,1.83,7.97,8.91,Low
16202A,PASTEL PINK PHOTO ALBUM ,0.02,0.26,1.13,1.26,Low
16202B,PASTEL BLUE PHOTO ALBUM ,0.08,1.27,5.53,6.07,Low
16202E,BLACK PHOTO ALBUM ,0.04,0.55,2.4,2.68,Low
16206B,RED PURSE WITH PINK HEART,0.02,0.28,1.21,1.35,Low
16207A,PINK STRAWBERRY HANDBAG ,0.03,0.36,1.57,1.82,Low
16207B,PINK HEART RED HANDBAG,0.01,0.13,0.55,0.63,Low
16216,LETTER SHAPE PENCIL SHARPENER,8.87,85.13,371.62,433.68,High
16218,CARTOON  PENCIL SHARPENERS,10.05,38.85,169.6,239.97,High
16219,HOUSE SHAPE PENCIL SHARPENER,7.79,43.55,190.12,244.68,High
16225,RATTLE SNAKE EGGS,2.03,12.65,55.22,69.44,Medium
16235,RECYCLED PENCIL WITH RABBIT ERASER,7.03,36.58,159.7,208.91,High
16236,KITTY PENCIL ERASERS,3.47,11.78,51.42,75.68,Medium
16237,SLEEPING CAT ERASERS,12.29,32.48,141.8,227.81,High
16238,PARTY TIME PENCIL ERASERS,3.37,10.9,47.6,71.16,Medium
16244B,MAXWELL 2 TONE BLUE 60 PAGE PHOTO A,0.02,0.26,1.13,1.26,Low
16248B,BLUE HOLE PUNCH,0.03,0.28,1.21,1.45,Low
16254,TRANSPARENT ACRYLIC TAPE DISPENSER,0.08,0.89,3.87,4.45,Low
16258A,SWIRLY CIRCULAR RUBBERS IN BAG,1.19,6.33,27.62,35.95,Medium
16259,PIECE OF CAMO STATIONERY SET,9.04,41.77,182.34,245.6,High
17001,HEAVENS SCENT FRAGRANCE OILS ASSTD,0.19,3.72,16.25,17.6,Low
17003,BROCADE RING PURSE ,61.3,183.67,801.79,1230.91,High
17007B,S/3 POT POURI CUSHIONS BLUE COLOURS,0.06,0.88,3.83,4.27,Low
17011F,ORIGAMI SANDLEWOOD INCENSE+FLOWER,0.21,2.17,9.45,10.95,Low
17012A,ORIGAMI VANILLA INCENSE/CANDLE SET ,0.72,3.65,15.92,20.98,Low
17012B,ORIGAMI JASMINE INCENSE/CANDLE SET,1.22,6.56,28.64,37.16,Medium
17012C,ORIGAMI LAVENDER INCENSE/CANDL SET ,0.97,6.08,26.56,33.33,Medium
17012D,ORIGAMI ROSE INCENSE/CANDLE SET ,1.03,4.38,19.11,26.32,Low
17012E,ORIGAMI OPIUM INCENSE/CANDLE SET ,0.09,1.53,6.68,7.34,Low
17012F,ORIGAMI SANDLEWOOD INCENSE/CAND SET,0.98,4.51,19.69,26.52,Low
17013D,ORIGAMI ROSE INCENSE IN TUBE,1.42,11.09,48.43,58.39,Medium
17014A,ORIGAMI VANILLA INCENSE CONES,0.41,5.19,22.67,25.55,Low
17021,NAMASTE SWAGAT INCENSE,6.39,45.13,197.0,241.75,High
17028J,INCENSE BAZAAR PEACH,0.02,0.31,1.35,1.47,Low
17038,PORCELAIN BUDAH INCENSE HOLDER,4.01,20.62,90.0,118.1,Medium
17084A,TRANQUILITY MASALA INCENSE,0.53,4.06,17.72,21.46,Low
17084J,LOVE POTION MASALA INCENSE,0.6,4.25,18.56,22.77,Low
17084N,FAIRY DREAMS INCENSE ,2.74,11.02,48.12,67.3,Medium
17084P,DRAGONS BLOOD INCENSE,0.93,5.08,22.18,28.71,Low
17084R,ASSORTED INCENSE PACK,10.78,79.4,346.62,422.09,High
17090A,LAVENDER INCENSE 40 CONES IN TIN,0.29,2.74,11.94,13.98,Low
17090D,VANILLA INCENSE 40 CONES IN TIN,0.08,0.57,2.5,3.05,Low
17091A,LAVENDER INCENSE IN TIN,0.46,2.96,12.92,16.12,Low
17091J,VANILLA INCENSE IN TIN,5.52,16.76,73.14,111.81,Medium
17096,ASSORTED LAQUERED INCENSE HOLDERS,6.73,90.94,397.02,444.11,High
17107D,"FLOWER FAIRY,5 SUMMER B'DRAW LINERS",0.45,1.59,6.93,10.11,Low
17109D,FLOWER FAIRY INCENSE BOUQUET,0.16,2.05,8.97,10.11,Low
17129F,BLUE GLASS GEMS IN BAG,1.14,7.16,31.27,39.27,Medium
17136A,BLUE STONES ON WIRE FOR CANDLE,0.94,6.21,27.11,33.7,Medium
17164B,ASS COL SMALL SAND GECKO P'WEIGHT,0.07,0.63,2.76,3.26,Low
17165D,ASS COL LARGE SAND FROG P'WEIGHT,0.07,0.57,2.51,3.01,Low
17174,ASSTD RASTA KEY-CHAINS,0.02,0.31,1.33,1.5,Low
17191A,ROSE FLOWER CANDLE+INCENSE 16X16CM,0.01,0.15,0.64,0.71,Low
18007,ESSENTIAL BALM 3.5g TIN IN ENVELOPE,15.66,206.81,902.83,1012.43,High
18094C,WHITE AND BLUE CERAMIC OIL BURNER,0.36,2.11,9.2,11.71,Low
18097A,PINK TALL PORCELAIN T-LIGHT HOLDER ,0.01,0.14,0.6,0.69,Low
18097C,WHITE TALL PORCELAIN T-LIGHT HOLDER,1.79,15.92,69.49,82.02,Medium
18098C,PORCELAIN BUTTERFLY OIL BURNER,0.52,3.04,13.28,16.89,Low
20615,BLUE POLKADOT PASSPORT COVER,0.62,3.07,13.38,17.7,Low
20616,CHERRY BLOSSOM PASSPORT COVER,0.36,2.94,12.84,15.35,Low
20617,FIRST CLASS PASSPORT COVER ,0.18,0.86,3.74,4.98,Low
20618,QUEEN OF THE SKIES PASSPORT COVER ,0.18,0.93,4.08,5.35,Low
20619,TROPICAL PASSPORT COVER ,0.38,2.99,13.07,15.73,Low
20622,VIPPASSPORT COVER ,0.43,3.04,13.29,16.32,Low
20652,BLUE POLKADOT LUGGAGE TAG ,0.39,1.91,8.36,11.11,Low
20653,CHERRY BLOSSOM LUGGAGE TAG,0.09,0.93,4.07,4.69,Low
20654,FIRST CLASS LUGGAGE TAG ,0.28,1.55,6.78,8.74,Low
20655,QUEEN OF SKIES LUGGAGE TAG,0.24,1.19,5.17,6.84,Low
20657,TROPICAL LUGGAGE TAG,0.16,1.0,4.35,5.5,Low
20658,RED RETROSPOT LUGGAGE TAG,0.87,3.54,15.47,21.6,Low
20659,ECONOMY LUGGAGE TAG,0.25,1.26,5.52,7.28,Low
20661,BLUE POLKADOT PURSE ,0.02,0.28,1.21,1.38,Low
20662,FIRST CLASS HOLIDAY PURSE ,0.03,0.34,1.48,1.68,Low
20663,QUEEN OF THE SKIES HOLIDAY PURSE ,0.01,0.09,0.39,0.45,Low
20664,TROPICAL HOLIDAY PURSE ,0.02,0.19,0.84,0.96,Low
20665,RED RETROSPOT PURSE ,0.91,2.4,10.47,16.84,Low
20666,ECONOMY HOLIDAY PURSE,0.01,0.1,0.45,0.52,Low
20667,CHERRY BLOSSOM PURSE,0.0,0.05,0.23,0.24,Low
20668,DISCO BALL CHRISTMAS DECORATION,33.74,103.39,451.33,687.5,High
20669,RED HEART LUGGAGE TAG,0.52,2.25,9.82,13.47,Low
20670,VIP HOLIDAY PURSE,0.02,0.18,0.78,0.93,Low
20671,BLUE TEATIME PRINT BOWL ,0.03,0.43,1.86,2.05,Low
20674,GREEN POLKADOT BOWL,3.64,9.87,43.1,68.55,Medium
20675,BLUE POLKADOT BOWL,7.29,17.72,77.35,128.41,Medium
20676,RED RETROSPOT BOWL,11.52,22.71,99.14,179.8,Medium
20677,PINK POLKADOT BOWL,8.44,19.96,87.15,146.23,Medium
20678,LARGE BLACK DIAMANTE HAIRSLIDE,0.01,0.21,0.9,0.98,Low
20679,EDWARDIAN PARASOL RED,4.36,12.12,52.92,83.43,Medium
20681,PINK POLKADOT CHILDRENS UMBRELLA,0.33,1.56,6.83,9.17,Low
20682,RED RETROSPOT CHILDRENS UMBRELLA,3.05,7.36,32.14,53.48,Medium
20684,STRAWBERRY DREAM CHILDS UMBRELLA,0.21,0.9,3.92,5.36,Low
20685,DOORMAT RED RETROSPOT,10.42,31.41,137.14,210.07,High
20686,DOLLY MIXTURE CHILDREN'S UMBRELLA,0.67,2.99,13.04,17.76,Low
20694,FLORAL PINK MONSTER,0.1,0.68,2.97,3.64,Low
20695,FLORAL BLUE MONSTER,0.01,0.14,0.6,0.69,Low
20696,FLORAL SOFT CAR TOY,0.09,0.61,2.65,3.25,Low
20697,LITTLE GREEN MONSTER SOFT TOY,0.05,0.31,1.36,1.68,Low
20698,LITTLE PINK MONSTER SOFT TOY,0.04,0.32,1.42,1.72,Low
20699,MOUSEY LONG LEGS SOFT TOY,0.08,0.57,2.5,3.05,Low
20700,GREEN CAT FLORAL CUSHION COVER ,0.03,0.3,1.31,1.5,Low
20701,PINK CAT FLORAL CUSHION COVER ,0.02,0.22,0.96,1.07,Low
20702,PINK PADDED MOBILE,0.34,1.31,5.74,8.11,Low
20703,BLUE PADDED SOFT MOBILE,0.0,0.05,0.23,0.24,Low
20704,MR ROBOT SOFT TOY,0.56,2.77,12.11,16.06,Low
20705,MRS ROBOT SOFT TOY,0.38,2.12,9.27,11.94,Low
20707,CRAZY DAISY HEART DECORATION,0.41,2.09,9.14,12.05,Low
20711,JUMBO BAG TOYS ,11.22,43.54,190.08,268.65,High
20712,JUMBO BAG WOODLAND ANIMALS,21.89,45.14,197.04,350.28,High
20713,JUMBO BAG OWLS,27.94,75.44,329.34,524.94,High
20716,PARTY FOOD SHOPPER BAG,0.84,5.76,25.13,31.01,Medium
20717,STRAWBERRY SHOPPER BAG,5.44,13.57,59.23,97.29,Medium
20718,RED RETROSPOT SHOPPER BAG,11.38,23.31,101.78,181.45,Medium
20719,WOODLAND CHARLOTTE BAG,24.65,42.42,185.17,357.72,High
20723,STRAWBERRY CHARLOTTE BAG,18.29,32.54,142.04,270.1,High
20724,RED RETROSPOT CHARLOTTE BAG,34.24,52.93,231.08,470.75,High
20725,LUNCH BAG RED RETROSPOT,47.53,59.56,260.01,592.72,High
20726,LUNCH BAG WOODLAND,24.31,37.97,165.78,335.93,High
20727,LUNCH BAG  BLACK SKULL.,30.07,37.78,164.92,375.41,High
20728,LUNCH BAG CARS BLUE,28.85,40.72,177.78,379.72,High
20731,POSY CANDY BAG,0.2,2.05,8.95,10.34,Low
20733,GOLD MINI TAPE MEASURE ,2.45,22.6,98.67,115.81,Medium
20735,BLACK MINI TAPE MEASURE ,0.42,5.22,22.78,25.74,Low
20748,KENSINGTON COFFEE SET,0.14,0.67,2.93,3.92,Low
20749,ASSORTED COLOUR MINI CASES,4.59,13.9,60.67,92.81,Medium
20750,RED RETROSPOT MINI CASES,4.57,8.66,37.79,69.81,Medium
20751,FUNKY WASHING UP GLOVES ASSORTED,2.52,6.74,29.41,47.02,Medium
20752,BLUE POLKADOT WASHING UP GLOVES,0.96,2.59,11.3,18.04,Low
20754,RETROSPOT RED WASHING UP GLOVES,3.62,9.85,43.02,68.38,Medium
20755,BLUE PAISLEY POCKET BOOK,0.78,3.19,13.93,19.37,Low
20756,GREEN FERN POCKET BOOK,0.17,0.8,3.5,4.68,Low
20757,RED DAISY POCKET BOOK ,0.41,2.27,9.9,12.8,Low
20758,ABSTRACT CIRCLES POCKET BOOK,0.42,1.72,7.49,10.45,Low
20759,CHRYSANTHEMUM POCKET BOOK ,0.17,0.92,4.02,5.22,Low
20760,GARDEN PATH POCKET BOOK,0.18,0.95,4.13,5.42,Low
20761,BLUE PAISLEY SKETCHBOOK,0.29,0.95,4.13,6.14,Low
20762,GREEN FERN SKETCHBOOK ,0.27,0.99,4.32,6.21,Low
20763,DAISY SKETCHBOOK ,0.19,1.29,5.65,6.98,Low
20764,ABSTRACT CIRCLES SKETCHBOOK ,0.34,1.06,4.61,6.97,Low
20765,CHRYSANTHEMUM SKETCHBOOK ,0.25,0.89,3.88,5.64,Low
20766,GARDEN PATH SKETCHBOOK,0.3,1.19,5.19,7.27,Low
20767,BLUE PAISLEY JOURNAL ,0.57,2.35,10.25,14.26,Low
20768,GREEN FERN JOURNAL ,0.35,2.11,9.22,11.66,Low
20769,DAISY JOURNAL ,0.18,0.89,3.86,5.1,Low
20770,ABSTRACT CIRCLE JOURNAL ,0.29,2.04,8.92,10.93,Low
20771,CHRYSANTHEMUM  JOURNAL,0.19,0.89,3.88,5.19,Low
20772,GARDEN PATH JOURNAL,0.58,3.26,14.22,18.3,Low
20773,BLUE PAISLEY NOTEBOOK,0.15,0.71,3.1,4.14,Low
20774,GREEN FERN NOTEBOOK,0.14,0.65,2.85,3.82,Low
20775,DAISY NOTEBOOK ,0.17,0.94,4.11,5.29,Low
20777,CHRYSANTHEMUM NOTEBOOK,0.25,1.11,4.84,6.62,Low
20778,GARDEN PATH NOTEBOOK ,0.04,0.32,1.4,1.68,Low
20780,BLACK EAR MUFF HEADPHONES,0.1,0.7,3.07,3.74,Low
20781,GOLD EAR MUFF HEADPHONES,0.08,0.38,1.67,2.22,Low
20782,CAMOUFLAGE EAR MUFF HEADPHONES,0.1,0.7,3.07,3.8,Low
20785,FUSCHIA RETRO BAR STOOL,0.04,0.48,2.11,2.38,Low
20793,BLUE TILED TRAY,0.02,0.27,1.19,1.34,Low
20794,BLUE  TILE HOOK,0.23,1.29,5.64,7.23,Low
20795,LARGE BLUE PROVENCAL CERAMIC BALL,0.12,0.93,4.05,4.87,Low
20796,SMALL BLUE PROVENCAL CERAMIC BALL,0.16,1.31,5.73,6.87,Low
20798,CLEAR MILKSHAKE GLASS,0.1,0.98,4.27,4.94,Low
20801,LARGE PINK GLASS SUNDAE DISH,2.27,9.59,41.85,57.73,Medium
20802,SMALL GLASS SUNDAE DISH CLEAR,1.73,9.62,42.01,54.14,Medium
20803,SMALL PINK GLASS SUNDAE DISH,2.44,13.95,60.89,77.94,Medium
20816,GOLD FLOWER CUSHION COVER ,0.02,0.41,1.81,1.96,Low
20818,GOLD TEDDY BEAR,0.03,0.53,2.3,2.53,Low
20819,SILVER TEDDY BEAR,0.13,0.83,3.62,4.51,Low
20820,SILVER LOOKING MIRROR,0.01,0.19,0.81,0.91,Low
20821,GOLDIE LOOKING MIRROR,0.04,0.46,1.99,2.29,Low
20823,GOLD WINE GOBLET,0.43,4.13,18.03,21.03,Low
20826,SILVER APERITIF GLASS,0.74,6.18,27.0,32.17,Medium
20827,GOLD APERITIF GLASS,0.24,3.81,16.64,18.29,Low
20828,GLITTER BUTTERFLY CLIPS,2.7,6.85,29.91,48.81,Medium
20829,GLITTER HANGING BUTTERFLY STRING,3.38,15.17,66.22,89.88,Medium
20830,SILVER PHOTO FRAME,0.2,0.98,4.26,5.67,Low
20831,GOLD PHOTO FRAME,0.45,3.31,14.45,17.61,Low
20832,RED FLOCK LOVE HEART PHOTO FRAME,2.7,11.05,48.24,67.14,Medium
20835,FRENCH LATTICE CUSHION COVER ,0.18,1.34,5.86,7.1,Low
20836,FRENCH PAISLEY CUSHION COVER,0.45,2.37,10.33,13.51,Low
20837,FRENCH FLORAL CUSHION COVER ,0.38,2.06,8.97,11.61,Low
20838,FRENCH LATTICE CUSHION COVER ,0.88,3.65,15.96,22.13,Low
20839,FRENCH PAISLEY CUSHION COVER ,1.21,3.69,16.12,24.58,Low
20840,FRENCH FLORAL CUSHION COVER ,1.24,4.61,20.12,28.81,Low
20845,ZINC HEART LATTICE 2 WALL PLANTER,0.05,0.39,1.69,2.05,Low
20846,ZINC HEART LATTICE T-LIGHT HOLDER,1.73,7.24,31.62,43.71,Medium
20847,ZINC HEART LATTICE CHARGER LARGE,0.12,0.82,3.59,4.45,Low
20848,ZINC HEART LATTICE CHARGER SMALL,0.06,0.41,1.81,2.2,Low
20851,ZINC HEART LATTICE TRAY OVAL ,0.02,0.19,0.81,0.98,Low
20854,BLUE PATCH PURSE PINK HEART,0.44,4.84,21.11,24.18,Low
20856,DENIM PATCH PURSE PINK BUTTERFLY,0.37,1.7,7.42,10.04,Low
20857,BLUE ROSE PATCH PURSE PINK BUTTERFL,0.09,0.87,3.82,4.42,Low
20861,GOLD COSMETIC BAG PINK STAR,0.01,0.07,0.32,0.36,Low
20866,BLUE ROSE FABRIC MIRROR,1.09,7.62,33.25,40.89,Medium
20867,PINK ROSE FABRIC MIRROR,0.5,2.85,12.46,15.96,Low
20868,SILVER FABRIC MIRROR,1.02,6.68,29.17,36.3,Medium
20869,GOLD FABRIC MIRROR,0.37,3.5,15.3,17.9,Low
20878,SET/9 CHRISTMAS T-LIGHTS SCENTED ,0.06,1.05,4.57,5.02,Low
20886,BOX OF 9 PEBBLE CANDLES,1.21,5.83,25.44,33.9,Medium
20892,SET/3 TALL GLASS CANDLE HOLDER PINK,0.0,0.05,0.23,0.24,Low
20893,HANGING BAUBLE T-LIGHT HOLDER SMALL,0.69,6.68,29.18,34.01,Medium
20894,HANGING BAUBLE T-LIGHT HOLDER LARGE,0.07,0.52,2.25,2.72,Low
20897,VINTAGE NOTEBOOK PARIS DAYS,0.23,2.72,11.9,13.49,Low
20898,VINTAGE NOTEBOOK TRAVELOGUE,0.07,0.78,3.42,3.89,Low
20901,VINTAGE KEEPSAKE BOX PINK FLOWER,0.01,0.12,0.5,0.56,Low
20902,VINTAGE KEEPSAKE BOX PARIS DAYS,0.09,1.26,5.49,6.11,Low
20903,VINTAGE KEEPSAKE BOX TRAVELOGUE,0.05,0.35,1.52,1.89,Low
20906,VINTAGE NOTEBOOK BEAUTY GIRL,0.01,0.12,0.5,0.56,Low
20910,VINTAGE PHOTO ALBUM PARIS DAYS,0.02,0.25,1.1,1.25,Low
20914,SET/5 RED RETROSPOT LID GLASS BOWLS,16.47,32.37,141.33,256.61,High
20931,BLUE POT PLANT CANDLE ,0.7,3.45,15.08,20.0,Low
20932,PINK POT PLANT CANDLE,0.51,3.36,14.68,18.22,Low
20933,YELLOW POT PLANT CANDLE,0.06,0.53,2.32,2.75,Low
20934,SET/3 POT PLANT CANDLES,0.14,0.82,3.56,4.57,Low
20935,ROUND CACTUS CANDLE,0.02,0.16,0.71,0.82,Low
20936,FORKED CACTUS CANDLE,0.25,1.22,5.31,7.03,Low
20941,FROG CANDLE,0.16,1.16,5.06,6.2,Low
20956,PORCELAIN T-LIGHT HOLDERS ASSORTED,1.95,7.02,30.67,44.29,Medium
20961,STRAWBERRY BATH SPONGE ,2.74,8.78,38.32,57.52,Medium
20963,APPLE BATH SPONGE,2.94,9.09,39.66,60.25,Medium
20964,POLYESTER FILLER PAD 60x40cm,0.01,0.1,0.45,0.49,Low
20966,SANDWICH BATH SPONGE,1.57,11.75,51.3,62.33,Medium
20967,GREY FLORAL FELTCRAFT SHOULDER BAG,0.68,2.99,13.06,17.86,Low
20969,RED FLORAL FELTCRAFT SHOULDER BAG,5.01,23.93,104.45,139.53,Medium
20970,PINK FLORAL FELTCRAFT SHOULDER BAG,2.89,6.33,27.62,47.83,Medium
20971,PINK BLUE FELT CRAFT TRINKET BOX,27.32,167.37,730.65,921.88,High
20972,PINK CREAM FELT CRAFT TRINKET BOX ,19.0,37.46,163.51,296.51,High
20973,12 PENCIL SMALL TUBE WOODLAND,10.69,34.69,151.42,226.25,High
20974,12 PENCILS SMALL TUBE SKULL,17.99,51.1,223.09,349.0,High
20975,12 PENCILS SMALL TUBE RED RETROSPOT,17.09,55.58,242.65,362.31,High
20977,36 PENCILS TUBE WOODLAND,4.26,12.36,53.98,83.83,Medium
20978,36 PENCILS TUBE SKULLS,4.35,10.32,45.05,75.5,Medium
20979,36 PENCILS TUBE RED RETROSPOT,9.41,23.69,103.43,169.27,Medium
20980,36 PENCILS TUBE POSY,0.07,0.47,2.03,2.54,Low
20981,12 PENCILS TALL TUBE WOODLAND,4.94,9.61,41.95,76.56,Medium
20982,12 PENCILS TALL TUBE SKULLS,5.39,12.53,54.69,92.39,Medium
20983,12 PENCILS TALL TUBE RED RETROSPOT,7.07,15.77,68.85,118.31,Medium
20984,12 PENCILS TALL TUBE POSY,10.11,32.86,143.47,214.26,High
20985,HEART CALCULATOR,2.71,14.98,65.38,84.34,Medium
20986,BLUE CALCULATOR RULER,1.23,8.18,35.72,44.31,Medium
20992,JAZZ HEARTS PURSE NOTEBOOK,11.6,31.71,138.44,219.65,High
20996,JAZZ HEARTS ADDRESS BOOK,8.17,21.29,92.95,150.11,Medium
20997,ROSE DU SUD CUSHION COVER ,0.04,0.4,1.73,2.01,Low
20998,ROSE DU SUD OVEN GLOVE,0.32,1.41,6.15,8.38,Low
21000,ROSE DU SUD COSMETICS BAG,0.12,0.71,3.11,3.95,Low
21001,ROSE DU SUD WASHBAG ,0.06,0.4,1.76,2.21,Low
21002,ROSE DU SUD DRAWSTRING BAG,0.03,0.3,1.33,1.57,Low
21003,ROSE DU SUD CUSHION COVER,0.03,0.35,1.54,1.79,Low
21011,GLITTER SNOW PEAR TREE DECORATION,0.05,0.83,3.64,3.98,Low
21012,ANTIQUE ALL GLASS CANDLESTICK,1.51,6.18,26.98,37.55,Medium
21014,SWISS CHALET TREE DECORATION ,3.3,11.01,48.05,71.13,Medium
21015,DARK BIRD HOUSE TREE DECORATION,3.34,11.91,51.99,75.37,Medium
21018,BIRD BOX CHRISTMAS TREE DECORATION,0.06,0.81,3.54,3.95,Low
21025,SPACE FROG,0.27,1.69,7.38,9.26,Low
21026,SPACE OWL,0.37,2.07,9.06,11.68,Low
21027,NINJA RABBIT PINK,0.26,1.59,6.95,8.8,Low
21028,NINJA RABBIT BLACK,0.31,1.87,8.16,10.33,Low
21030,SPACE CADET RED,0.3,1.59,6.96,9.04,Low
21031,SPACE CADET BLACK,0.1,0.91,3.99,4.72,Low
21032,SPACE CADET WHITE,0.17,1.16,5.08,6.28,Low
21033,JUMBO BAG CHARLIE AND LOLA TOYS,2.46,10.32,45.04,62.28,Medium
21034,REX CASH+CARRY JUMBO SHOPPER,4.9,6.23,27.2,61.49,Medium
21035,SET/2 RED RETROSPOT TEA TOWELS ,6.19,23.21,101.31,144.64,Medium
21038,SET/4 MODERN VINTAGE COTTON NAPKINS,0.21,1.36,5.93,7.37,Low
21039,RED RETROSPOT SHOPPING BAG,1.36,6.26,27.34,36.89,Medium
21040,MODERN VINTAGE COTTON SHOPPING BAG,0.06,0.45,1.98,2.39,Low
21041,RED RETROSPOT OVEN GLOVE DOUBLE,1.52,4.46,19.46,30.11,Medium
21042,RED RETROSPOT APRON ,0.81,1.95,8.5,14.15,Low
21043,APRON MODERN VINTAGE COTTON,1.18,5.19,22.65,30.9,Medium
21051,RIBBONS PURSE ,0.29,1.63,7.14,9.16,Low
21054,NURSE'S BAG SOFT TOY,0.18,1.15,5.0,6.27,Low
21055,TOOL BOX SOFT TOY ,0.39,1.14,5.0,7.69,Low
21056,DOCTOR'S BAG SOFT TOY,0.47,2.3,10.04,13.3,Low
21058,PARTY INVITES WOODLAND,2.8,12.01,52.41,71.99,Medium
21059,PARTY INVITES DINOSAURS,1.53,4.08,17.79,28.52,Low
21060,PARTY INVITES BALLOON GIRL,0.95,3.18,13.88,20.55,Low
21061,PARTY INVITES FOOTBALL,1.1,4.09,17.84,25.56,Low
21062,PARTY INVITES SPACEMAN,1.34,4.26,18.58,27.93,Low
21063,PARTY INVITES JAZZ HEARTS,1.29,3.87,16.91,25.95,Low
21064,BOOM BOX SPEAKER BOYS,0.46,2.33,10.16,13.36,Low
21065,BOOM BOX SPEAKER GIRLS,1.3,8.41,36.72,45.8,Medium
21066,VINTAGE RED MUG,1.84,22.53,98.37,111.23,Medium
21067,VINTAGE RED TEATIME MUG,0.54,2.66,11.6,15.36,Low
21068,VINTAGE BILLBOARD LOVE/HATE MUG,4.1,26.07,113.82,142.55,Medium
21069,VINTAGE BILLBOARD TEA MUG,4.99,50.84,221.93,256.87,High
21070,VINTAGE BILLBOARD MUG ,2.76,23.8,103.89,123.21,Medium
21071,VINTAGE BILLBOARD DRINK ME MUG,2.26,7.67,33.47,49.29,Medium
21078,SET/20 STRAWBERRY PAPER NAPKINS ,6.64,18.04,78.75,125.22,Medium
21080,SET/20 RED RETROSPOT PAPER NAPKINS ,32.9,46.12,201.34,431.64,High
21084,SET/6 COLLAGE PAPER CUPS,5.88,21.33,93.1,134.25,Medium
21086,SET/6 RED SPOTTY PAPER CUPS,17.57,40.14,175.21,298.23,High
21087,SET/6 POSIES PAPER CUPS,0.34,2.51,10.95,13.31,Low
21088,SET/6 FRUIT SALAD PAPER CUPS,4.21,19.35,84.47,113.97,Medium
21089,SET/6 GREEN SPRING PAPER CUPS,0.62,2.95,12.89,17.21,Low
21090,SET/6 COLLAGE PAPER PLATES,4.45,18.08,78.93,110.08,Medium
21094,SET/6 RED SPOTTY PAPER PLATES,19.66,38.83,169.53,307.12,High
21095,SET/6 POSIES PAPER PLATES,0.25,2.05,8.97,10.75,Low
21096,SET/6 FRUIT SALAD  PAPER PLATES,3.06,16.47,71.9,93.3,Medium
21098,CHRISTMAS TOILET ROLL,8.46,69.02,301.29,360.51,High
21100,CHARLIE AND LOLA CHARLOTTE BAG,0.11,1.19,5.2,6.01,Low
21106,CREAM SLICE FLANNEL CHOCOLATE SPOT ,0.52,2.72,11.86,15.47,Low
21107,CREAM SLICE FLANNEL PINK SPOT ,2.24,15.0,65.48,81.14,Medium
21108,FAIRY CAKE FLANNEL ASSORTED COLOUR,26.93,231.21,1009.37,1197.84,High
21109,"LARGE CAKE TOWEL, CHOCOLATE SPOTS",2.24,12.49,54.54,70.19,Medium
21110,LARGE CAKE TOWEL PINK SPOTS,2.07,12.08,52.73,67.22,Medium
21111,"SWISS ROLL TOWEL, CHOCOLATE  SPOTS",2.11,9.31,40.66,55.41,Medium
21112,"SWISS ROLL TOWEL, PINK  SPOTS",3.33,19.86,86.71,110.01,Medium
21114,LAVENDER SCENTED FABRIC HEART,3.55,7.3,31.88,56.72,Medium
21115,ROSE CARAVAN DOORSTOP,1.39,7.32,31.96,41.67,Medium
21116,OWL DOORSTOP,1.31,4.03,17.59,26.74,Low
21117,BLOND DOLL DOORSTOP,0.29,1.76,7.68,9.72,Low
21121,SET/10 RED POLKADOT PARTY CANDLES,17.37,42.43,185.24,306.86,High
21122,SET/10 PINK POLKADOT PARTY CANDLES,14.04,34.3,149.74,248.02,High
21123,SET/10 IVORY POLKADOT PARTY CANDLES,2.6,8.37,36.54,54.75,Medium
21124,SET/10 BLUE POLKADOT PARTY CANDLES,10.6,28.93,126.3,200.53,High
21125,SET 6 FOOTBALL CELEBRATION CANDLES,1.59,5.27,23.01,34.15,Medium
21126,SET OF 6 GIRLS CELEBRATION CANDLES,1.3,3.88,16.92,26.03,Low
21128,GOLD FISHING GNOME,0.13,0.78,3.41,4.29,Low
21129,SILVER FISHING GNOME ,0.12,0.72,3.13,3.97,Low
21131,GOLD STANDING GNOME,0.25,2.08,9.08,10.82,Low
21132,SILVER STANDING GNOME   ,0.09,0.53,2.32,2.98,Low
21135,VICTORIAN  METAL POSTCARD SPRING,7.24,43.57,190.22,240.88,High
21136,PAINTED METAL PEARS ASSORTED,11.91,21.15,92.35,175.71,Medium
21137,BLACK RECORD COVER FRAME,30.48,92.8,405.12,618.51,High
21143,ANTIQUE GLASS HEART DECORATION ,0.79,5.39,23.54,29.06,Low
21145,ANTIQUE GLASS PLACE SETTING,0.33,2.34,10.22,12.5,Low
21147,JINGLE BELLS TREE DECORATION,0.24,1.23,5.36,7.02,Low
21154,RED RETROSPOT OVEN GLOVE ,8.52,28.31,123.57,183.2,Medium
21155,RED RETROSPOT PEG BAG,6.57,17.72,77.35,123.35,Medium
21156,RETROSPOT CHILDRENS APRON,8.12,19.54,85.3,142.16,Medium
21157,RED RETROSPOT WASHBAG,0.13,0.92,4.02,4.92,Low
21158,MOODY GIRL DOOR HANGER ,3.8,16.01,69.91,96.52,Medium
21159,MOODY BOY  DOOR HANGER ,2.96,14.56,63.57,84.31,Medium
21161,KEEP OUT BOYS DOOR HANGER ,0.35,1.94,8.47,10.91,Low
21162,TOXIC AREA  DOOR HANGER ,3.78,16.41,71.62,98.07,Medium
21163,DO NOT TOUCH MY STUFF DOOR HANGER ,3.13,12.16,53.08,74.99,Medium
21164,HOME SWEET HOME METAL SIGN ,4.58,14.18,61.89,93.93,Medium
21165,BEWARE OF THE CAT METAL SIGN ,10.76,25.25,110.21,185.54,Medium
21166,COOK WITH WINE METAL SIGN ,27.19,59.85,261.27,451.6,High
21167,WHITE SAGE INCENSE,3.37,14.83,64.74,88.33,Medium
21169,YOU'RE CONFUSING ME METAL SIGN ,11.42,27.32,119.27,199.19,Medium
21171,BATHROOM METAL SIGN ,1.13,7.45,32.5,40.44,Medium
21172,PARTY METAL SIGN ,8.9,18.42,80.4,142.73,Medium
21174,POTTERING IN THE SHED METAL SIGN,10.49,26.45,115.48,188.89,Medium
21175,GIN + TONIC DIET METAL SIGN,32.02,153.63,670.66,894.79,High
21179,NO JUNK MAIL METAL SIGN,4.77,14.97,65.34,98.72,Medium
21181,PLEASE ONE PERSON METAL SIGN,31.9,70.5,307.78,531.1,High
21187,WHITE BELL HONEYCOMB PAPER GARLAND ,0.88,4.58,19.98,26.12,Low
21188,3D HEARTS  HONEYCOMB PAPER GARLAND,0.79,3.77,16.45,21.96,Low
21189,WHITE HONEYCOMB PAPER GARLAND ,0.44,1.97,8.59,11.68,Low
21190,PINK HEARTS PAPER GARLAND,0.45,6.24,27.26,30.4,Medium
21191,LARGE WHITE HONEYCOMB PAPER BELL  ,1.05,4.8,20.96,28.33,Low
21192,WHITE BELL HONEYCOMB PAPER ,2.47,17.79,77.65,94.94,Medium
21194,PINK  HONEYCOMB PAPER FAN,1.17,4.91,21.45,29.61,Medium
21195,PINK  HONEYCOMB PAPER BALL ,1.11,6.31,27.54,35.34,Medium
21196,ROUND WHITE CONFETTI IN TUBE,0.24,1.91,8.33,9.99,Low
21197,MULTICOLOUR  CONFETTI IN TUBE,0.65,4.61,20.1,24.65,Low
21198,WHITE HEART CONFETTI IN TUBE,2.57,9.97,43.52,61.54,Medium
21199,PINK  HEART CONFETTI IN TUBE,2.31,11.68,50.99,67.17,Medium
21200,MULTICOLOUR HONEYCOMB PAPER GARLAND,2.7,18.98,82.86,101.77,Medium
21201,TROPICAL  HONEYCOMB PAPER GARLAND ,3.14,17.2,75.1,97.09,Medium
21202,DOLLY HONEYCOMB GARLAND,1.2,10.91,47.65,56.03,Medium
21204,DAISIES  HONEYCOMB GARLAND ,1.12,3.7,16.16,24.0,Low
21205,MULTICOLOUR 3D BALLS GARLAND,0.56,2.02,8.8,12.71,Low
21206,STRAWBERRY HONEYCOMB  GARLAND ,3.26,14.5,63.29,86.12,Medium
21207,SKULL AND CROSSBONES  GARLAND ,2.62,8.59,37.49,55.85,Medium
21208,PASTEL COLOUR HONEYCOMB FAN,2.33,8.54,37.3,53.64,Medium
21209,MULTICOLOUR HONEYCOMB FAN,3.05,12.61,55.06,76.43,Medium
21210,SET OF 72 RETROSPOT PAPER  DOILIES,15.18,34.15,149.07,255.33,High
21211,SET OF 72 SKULL PAPER  DOILIES,2.18,13.0,56.75,72.0,Medium
21212,PACK OF 72 RETROSPOT CAKE CASES,90.03,170.42,743.95,1374.14,High
21213,PACK OF 72 SKULL CAKE CASES,38.24,92.17,402.35,670.04,High
21215,IVORY PAPER CUP CAKE CASES ,2.32,9.51,41.51,57.72,Medium
21216,"SET 3 RETROSPOT TEA,COFFEE,SUGAR",4.91,12.72,55.52,89.88,Medium
21217,RED RETROSPOT ROUND CAKE TINS,2.6,8.18,35.69,53.92,Medium
21218,RED SPOTTY BISCUIT TIN,5.5,15.88,69.33,107.85,Medium
21219,SET/4 BADGES BALLOON GIRL,0.86,3.2,13.98,20.03,Low
21220,SET/4 BADGES DOGS,0.61,2.39,10.41,14.7,Low
21221,SET/4 BADGES CUTE CREATURES,0.54,2.4,10.49,14.26,Low
21222,SET/4 BADGES BEETLES,0.52,2.2,9.58,13.21,Low
21224,SET/4 SKULL BADGES,1.96,5.04,21.99,35.72,Medium
21226,POCKET MIRROR WOODLAND,0.02,0.27,1.19,1.34,Low
21228,"POCKET MIRROR ""GLAMOROUS""",0.01,0.21,0.93,1.02,Low
21231,SWEETHEART CERAMIC TRINKET BOX,15.37,26.7,116.54,224.12,High
21232,STRAWBERRY CERAMIC TRINKET BOX,27.68,55.83,243.71,437.5,High
21238,RED RETROSPOT CUP,9.41,20.41,89.12,154.98,Medium
21239,PINK  POLKADOT CUP,6.88,17.67,77.15,125.29,Medium
21240,BLUE POLKADOT CUP,8.43,26.08,113.86,172.88,Medium
21242,RED RETROSPOT PLATE ,8.21,19.87,86.74,144.22,Medium
21243,PINK  POLKADOT PLATE ,5.65,17.23,75.22,114.77,Medium
21244,BLUE POLKADOT PLATE ,5.7,16.96,74.04,113.93,Medium
21245,GREEN POLKADOT PLATE ,2.7,10.62,46.38,65.3,Medium
21246,RED RETROSPOT BIG BOWL,0.47,2.0,8.73,12.0,Low
21248,DOOR HANGER  MUM + DADS ROOM,0.5,1.95,8.52,12.02,Low
21249,WOODLAND  HEIGHT CHART STICKERS ,1.8,6.28,27.42,39.99,Medium
21250,SET OF SKULL WALL STICKERS,0.25,2.11,9.21,10.93,Low
21251,DINOSAUR HEIGHT CHART STICKER SET,0.44,1.79,7.8,10.89,Low
21253,SET OF PICTURE FRAME  STICKERS,0.17,1.28,5.58,6.8,Low
21257,VICTORIAN SEWING BOX MEDIUM,1.3,5.69,24.85,33.98,Medium
21258,VICTORIAN SEWING BOX LARGE,1.14,4.18,18.25,26.21,Low
21259,VICTORIAN SEWING BOX SMALL ,3.0,12.04,52.56,73.57,Medium
21260,FIRST AID TIN,3.02,11.58,50.54,71.67,Medium
21261,GREEN GOOSE FEATHER CHRISTMAS TREE ,0.45,2.87,12.55,15.68,Low
21262,WHITE GOOSE FEATHER CHRISTMAS TREE ,0.71,2.48,10.83,15.79,Low
21263,GREEN GOOSE FEATHER TREE 60CM,0.43,2.01,8.78,11.8,Low
21264,WHITE GOOSE FEATHER TREE 60CM ,0.68,2.85,12.45,17.2,Low
21265,PINK GOOSE FEATHER TREE 60CM,0.34,2.07,9.03,11.43,Low
21268,VINTAGE BLUE TINSEL REEL,0.01,0.1,0.45,0.49,Low
21269,ANTIQUE CREAM CUTLERY SHELF ,0.07,0.39,1.69,2.21,Low
21270,ANTIQUE CREAM CUTLERY CUPBOARD,0.04,0.22,0.94,1.21,Low
21272,SALLE DE BAIN HOOK,1.33,7.98,34.84,44.16,Medium
21275,ZINC TOP  2 DOOR WOODEN SHELF ,0.03,0.18,0.77,0.96,Low
21277,FRENCH STYLE EMBOSSED HEART CABINET,0.06,0.28,1.23,1.66,Low
21278,VINTAGE KITCHEN PRINT PUDDINGS,0.08,0.66,2.88,3.46,Low
21279,VINTAGE KITCHEN PRINT FRUITS,0.17,1.07,4.69,5.9,Low
21280,VINTAGE KITCHEN PRINT VEGETABLES,0.17,1.07,4.69,5.9,Low
21281,VINTAGE KITCHEN PRINT SEAFOOD,0.09,0.96,4.19,4.85,Low
21284,RETROSPOT CANDLE  SMALL,1.03,6.82,29.79,36.97,Medium
21285,RETROSPOT CANDLE  MEDIUM,0.94,6.41,28.0,34.55,Medium
21286,RETROSPOT CANDLE  LARGE,0.68,4.98,21.73,26.5,Low
21287,SCENTED VELVET LOUNGE CANDLE ,4.78,22.96,100.22,133.69,Medium
21288,STRIPEY CHOCOLATE NESTING BOXES,0.68,3.45,15.05,19.79,Low
21289,LARGE STRIPES CHOCOLATE GIFT BAG,1.18,9.77,42.66,50.95,Medium
21291,SMALL POLKADOT CHOCOLATE GIFT BAG ,2.46,11.39,49.73,66.95,Medium
21292,SMALL STRIPES CHOCOLATE GIFT BAG ,2.31,20.89,91.2,107.39,Medium
21293,MIRRORED DOVE WALL DECORATION,0.27,1.67,7.27,9.16,Low
21294,ETCHED GLASS COASTER,4.11,16.74,73.08,101.83,Medium
21306,SET/4 DAISY MIRROR MAGNETS,1.3,6.5,28.36,37.46,Medium
21307,SET/4 BUTTERFLY MIRROR MAGNETS,0.21,2.26,9.87,11.35,Low
21310,CAPIZ CHANDELIER,0.0,0.05,0.23,0.24,Low
21311,SET/4 BIRD MIRROR MAGNETS ,1.21,5.58,24.35,32.81,Medium
21313,GLASS HEART T-LIGHT HOLDER ,7.56,21.15,92.35,145.28,Medium
21314,SMALL GLASS HEART TRINKET POT,9.8,15.91,69.47,138.05,Medium
21316,SMALL CHUNKY GLASS ROMAN  BOWL,0.4,5.21,22.76,25.53,Low
21317,GLASS SPHERE CANDLE STAND MEDIUM,0.25,1.45,6.32,8.1,Low
21318,GLASS CHALICE BLUE SMALL ,1.81,9.59,41.87,54.56,Medium
21319,GLASS CHALICE GREEN  SMALL ,0.39,4.22,18.43,21.18,Low
21320,GLASS CHALICE GREEN  LARGE ,0.5,4.97,21.69,25.17,Low
21324,HANGING MEDINA LANTERN SMALL,0.18,1.03,4.48,5.77,Low
21326,AGED GLASS SILVER T-LIGHT HOLDER,26.84,54.17,236.49,424.41,High
21327,SKULLS WRITING SET ,1.44,3.52,15.35,25.42,Low
21328,BALLOONS  WRITING SET ,2.02,4.36,19.02,33.15,Medium
21329,DINOSAURS  WRITING SET ,1.57,4.23,18.48,29.45,Medium
21331,MOROCCAN BEATEN METAL DISH LARGE,0.03,0.26,1.12,1.33,Low
21332,MOROCCAN BEATEN METAL MIRROR,0.04,0.3,1.31,1.57,Low
21333,CLASSIC WHITE FRAME,0.15,0.97,4.22,5.25,Low
21336,GOLD WASHBAG,0.02,0.32,1.39,1.54,Low
21340,CLASSIC METAL BIRDCAGE PLANT HOLDER,2.47,4.77,20.82,38.13,Medium
21344,MOROCCAN BEATEN METAL DISH,0.04,0.36,1.59,1.85,Low
21348,PINK SPOTS CHOCOLATE NESTING BOXES ,0.37,5.93,25.89,28.49,Low
21349,IVY HEART WREATH,0.03,0.27,1.19,1.41,Low
21351,CINAMMON & ORANGE WREATH,0.27,1.66,7.23,9.12,Low
21352,EUCALYPTUS & PINECONE  WREATH,0.83,5.11,22.32,28.14,Low
21354,TOAST ITS - BEST MUM,2.01,6.78,29.58,43.64,Medium
21355,TOAST ITS - I LOVE YOU ,2.06,6.62,28.89,43.34,Medium
21356,TOAST ITS - FAIRY FLOWER,0.81,3.08,13.42,19.1,Low
21357,TOAST ITS - DINOSAUR,0.05,0.42,1.84,2.19,Low
21358,TOAST ITS - HAPPY BIRTHDAY,0.87,3.1,13.54,19.66,Low
21359,RELAX LARGE WOOD LETTERS,0.34,2.13,9.3,11.66,Low
21360,JOY LARGE WOOD LETTERS,0.1,0.91,3.98,4.67,Low
21361,LOVE LARGE WOOD LETTERS ,0.24,1.15,5.04,6.74,Low
21363,HOME SMALL WOOD LETTERS,0.55,1.72,7.51,11.39,Low
21364,PEACE SMALL WOOD LETTERS,0.07,0.38,1.65,2.12,Low
21365,MIRRORED WALL ART STARS,0.93,3.96,17.3,23.81,Low
21366,MIRRORED WALL ART PHOTO FRAMES,0.06,0.42,1.81,2.26,Low
21367,MIRRORED WALL ART GENTS,0.44,2.93,12.81,15.86,Low
21368,MIRRORED WALL ART LADIES,0.43,2.93,12.79,15.78,Low
21369,MIRRORED WALL ART SPLODGES,0.26,1.66,7.23,9.07,Low
21370,MIRRORED WALL ART FOXY,0.04,0.34,1.47,1.75,Low
21371,MIRRORED WALL ART POPPIES,0.74,3.68,16.06,21.21,Low
21372,MIRRORED WALL ART TABLE LAMP,0.18,0.94,4.11,5.37,Low
21373,MIRRORED WALL ART SNOWFLAKES,1.36,5.57,24.32,33.81,Medium
21374,MIRRORED WALL ART SKULLS,0.79,4.22,18.44,23.94,Low
21375,LARGE CAMPHOR WOOD FIELD MUSHROOM ,0.06,0.38,1.67,2.08,Low
21376,LARGE  TALL CAMPHOR WOOD TOADSTOOL ,0.08,0.45,1.98,2.52,Low
21377,SMALL CAMPHOR WOOD FIELD  MUSHROOM,0.25,1.22,5.31,7.05,Low
21378,SMALL TALL CAMPHOR WOOD TOADSTOOL,0.34,1.56,6.82,9.23,Low
21379,CAMPHOR WOOD PORTOBELLO MUSHROOM,0.38,1.72,7.52,10.16,Low
21380,WOODEN HAPPY BIRTHDAY GARLAND,5.59,18.23,79.58,118.7,Medium
21381,MINI WOODEN HAPPY BIRTHDAY GARLAND,4.53,30.57,133.46,165.19,Medium
21382,SET/4 SPRING FLOWER DECORATION,2.78,10.37,45.29,64.76,Medium
21383,PACK OF 12 STICKY BUNNIES,2.05,7.08,30.92,45.24,Medium
21385,IVORY HANGING DECORATION  HEART,9.51,25.77,112.5,179.1,Medium
21386,IVORY HANGING DECORATION  EGG,1.84,6.7,29.24,42.13,Medium
21389,IVORY HANGING DECORATION  BIRD,2.71,7.72,33.69,52.69,Medium
21390,FILIGRIS HEART WITH BUTTERFLY,10.1,31.48,137.43,208.14,High
21391,FRENCH LAVENDER SCENT HEART,2.58,8.99,39.24,57.3,Medium
21392,RED POLKADOT PUDDING BOWL,0.09,0.8,3.5,4.1,Low
21393,BLUE POLKADOT PUDDING BOWL,0.08,0.64,2.79,3.34,Low
21394,RED POLKADOT BEAKER ,10.22,27.93,121.92,193.45,Medium
21395,BLUE POLKADOT BEAKER ,7.5,22.51,98.29,150.81,Medium
21397,BLUE POLKADOT EGG CUP ,2.72,15.51,67.71,86.73,Medium
21398,RED POLKADOT COFFEE  MUG,4.01,20.13,87.89,115.95,Medium
21399,BLUE POLKADOT COFFEE MUG,5.44,20.89,91.22,129.3,Medium
21400,RED PUDDING SPOON,2.24,7.11,31.03,46.69,Medium
21401,BLUE PUDDING SPOON,2.7,9.06,39.56,58.47,Medium
21402,RED  EGG  SPOON,3.45,10.58,46.18,70.33,Medium
21403,BLUE EGG  SPOON,4.59,14.55,63.52,95.68,Medium
21407,BROWN CHECK CAT DOORSTOP ,0.62,1.83,8.0,12.36,Low
21408,SPOTTY PINK DUCK DOORSTOP,0.59,2.83,12.36,16.49,Low
21411,GINGHAM HEART  DOORSTOP RED,1.91,7.8,34.04,47.41,Medium
21413,PERIWINKLE T-LIGHT HOLDER,0.1,0.77,3.36,4.03,Low
21414,SCALLOP SHELL SOAP DISH,0.0,0.05,0.23,0.24,Low
21415,CLAM SHELL SMALL ,0.54,2.46,10.72,14.5,Low
21416,CLAM SHELL LARGE,0.01,0.14,0.6,0.69,Low
21417,COCKLE SHELL DISH,0.77,5.06,22.07,27.48,Low
21418,STARFISH SOAP DISH,0.16,1.02,4.44,5.54,Low
21420,OYSTER TRINKET BOX,0.13,1.48,6.48,7.36,Low
21421,PORCELAIN ROSE LARGE ,0.8,8.24,35.97,41.54,Medium
21422,PORCELAIN ROSE SMALL,4.17,27.16,118.55,147.75,Medium
21424,WOODLAND STORAGE BOX LARGE ,0.61,4.13,18.04,22.29,Low
21425,SKULLS STORAGE BOX LARGE,0.18,1.45,6.35,7.6,Low
21426,WOODLAND STORAGE BOX SMALL,0.57,4.11,17.95,21.94,Low
21427,SKULLS STORAGE BOX SMALL,0.21,1.03,4.49,5.93,Low
21428,SET3 BOOK BOX GREEN GINGHAM FLOWER ,2.94,8.69,37.92,58.47,Medium
21429,RED GINGHAM ROSE JEWELLERY BOX,4.31,11.37,49.66,79.83,Medium
21430,SET/3 RED GINGHAM ROSE STORAGE BOX,7.21,23.44,102.31,152.81,Medium
21439,BASKET OF TOADSTOOLS,3.53,23.7,103.48,128.22,Medium
21441,BLUE BIRDHOUSE DECORATION,1.01,5.0,21.83,28.87,Low
21442,GREEN BIRDHOUSE DECORATION,1.03,4.79,20.93,28.15,Low
21445,12 PINK ROSE PEG PLACE SETTINGS,0.57,5.39,23.55,27.55,Low
21446,12 RED ROSE PEG PLACE SETTINGS,1.05,4.24,18.49,25.83,Low
21447,12 IVORY ROSE PEG PLACE SETTINGS,2.0,5.72,24.95,38.97,Medium
21448,12 DAISY PEGS IN WOOD BOX,0.86,3.2,13.99,20.01,Low
21452,TOADSTOOL MONEY BOX,1.99,6.88,30.04,43.98,Medium
21454,PAINTED PINK RABBIT ,0.85,4.06,17.72,23.65,Low
21455,PAINTED YELLOW WOODEN DAISY,0.72,3.32,14.47,19.55,Low
21456,2 PICTURE BOOK EGGS EASTER CHICKS,0.43,2.44,10.63,13.65,Low
21457,2 PICTURE BOOK EGGS EASTER DUCKS,0.31,1.9,8.28,10.43,Low
21458,2 PICTURE BOOK EGGS EASTER BUNNY,0.42,2.26,9.87,12.82,Low
21459,YELLOW EASTER EGG HUNT START POST,0.2,1.09,4.75,6.16,Low
21460,GREEN EASTER EGG HUNT START POST,0.07,0.57,2.48,2.96,Low
21461,BLUE EASTER EGG HUNT START POST,0.02,0.27,1.19,1.34,Low
21462,"NURSERY A,B,C PAINTED LETTERS",0.51,2.85,12.43,16.03,Low
21463,MIRRORED DISCO BALL ,1.72,5.7,24.91,36.92,Medium
21464,DISCO BALL ROTATOR BATTERY OPERATED,0.65,1.71,7.47,12.04,Low
21465,PINK FLOWER CROCHET FOOD COVER,0.52,1.51,6.59,10.2,Low
21466,RED FLOWER CROCHET FOOD COVER,0.71,2.45,10.68,15.67,Low
21467,CHERRY CROCHET FOOD COVER,0.57,1.86,8.14,12.16,Low
21468,BUTTERFLY CROCHET FOOD COVER,0.33,1.19,5.21,7.51,Low
21469,POLKA DOT RAFFIA FOOD COVER,0.67,2.07,9.02,13.69,Low
21470,FLOWER VINE RAFFIA FOOD COVER,0.9,2.07,9.05,15.34,Low
21471,STRAWBERRY RAFFIA FOOD COVER,1.32,6.54,28.55,37.78,Medium
21472,LADYBIRD + BEE RAFFIA FOOD COVER,0.32,1.54,6.71,8.94,Low
21473,SWEETHEART CREAM STEEL TABLE RECT,0.06,0.29,1.25,1.66,Low
21476,STEEL SWEETHEART ROUND TABLE CREAM,0.08,0.42,1.81,2.39,Low
21479,WHITE SKULL HOT WATER BOTTLE ,7.22,24.74,108.01,158.52,Medium
21481,FAWN BLUE HOT WATER BOTTLE,7.8,18.25,79.69,134.32,Medium
21484,CHICK GREY HOT WATER BOTTLE,4.13,10.07,43.96,72.88,Medium
21485,RETROSPOT HEART HOT WATER BOTTLE,8.89,30.14,131.58,193.83,Medium
21486,PINK HEART DOTS HOT WATER BOTTLE,0.02,0.24,1.06,1.21,Low
21488,RED WHITE SCARF  HOT WATER BOTTLE,0.01,0.16,0.68,0.73,Low
21494,ROTATING LEAVES T-LIGHT HOLDER,3.27,10.32,45.05,67.92,Medium
21495,SKULLS AND CROSSBONES WRAP,15.51,35.26,153.94,262.49,High
21497,FANCY FONTS BIRTHDAY WRAP,22.86,69.68,304.17,464.19,High
21498,RED RETROSPOT WRAP ,28.13,50.23,219.26,416.19,High
21499,BLUE POLKADOT WRAP,18.45,36.57,159.66,288.81,High
21500,PINK POLKADOT WRAP ,16.98,30.29,132.22,251.07,High
21503,TOYBOX  WRAP ,1.94,11.92,52.02,65.61,Medium
21504,SKULLS GREETING CARD,4.97,14.5,63.31,98.12,Medium
21506,"FANCY FONT BIRTHDAY CARD, ",12.58,36.1,157.58,245.62,High
21507,"ELEPHANT, BIRTHDAY CARD, ",8.54,18.68,81.57,141.35,Medium
21508,VINTAGE KID DOLLY CARD ,6.37,13.35,58.29,102.85,Medium
21509,COWBOYS AND INDIANS BIRTHDAY CARD ,9.57,19.29,84.21,151.23,Medium
21518,BANK ACCOUNT  GREETING  CARD ,0.71,4.6,20.06,25.02,Low
21519,GIN & TONIC DIET GREETING CARD ,8.6,15.69,68.5,128.72,Medium
21520,BOOZE & WOMEN GREETING CARD ,1.22,5.05,22.06,30.61,Medium
21523,DOORMAT FANCY FONT HOME SWEET HOME,8.25,34.98,152.71,210.49,High
21524,DOORMAT SPOTTY HOME SWEET HOME,4.43,9.97,43.54,74.56,Medium
21527,RED RETROSPOT TRADITIONAL TEAPOT ,1.24,4.46,19.47,28.16,Low
21528,DAIRY MAID TRADITIONAL TEAPOT ,0.47,1.22,5.33,8.62,Low
21530,DAIRY MAID TOASTRACK,2.02,5.85,25.52,39.67,Medium
21531,RED RETROSPOT SUGAR JAM BOWL,3.93,12.82,55.95,83.44,Medium
21533,RETROSPOT LARGE MILK JUG,3.49,10.34,45.13,69.59,Medium
21534,DAIRY MAID LARGE MILK JUG,0.86,1.83,7.98,13.99,Low
21535,RED RETROSPOT SMALL MILK JUG,6.55,19.93,87.0,132.86,Medium
21537,RED RETROSPOT PUDDING BOWL,0.87,4.13,18.02,24.12,Low
21538,DAIRY MAID  PUDDING BOWL,0.01,0.21,0.93,1.02,Low
21539,RED RETROSPOT BUTTER DISH,2.5,6.37,27.81,45.33,Medium
21544,SKULLS  WATER TRANSFER TATTOOS ,5.0,15.85,69.19,104.17,Medium
21547,CERAMIC BIRDHOUSE CRESTED TIT SMALL,0.19,1.03,4.5,5.85,Low
21555,CERAMIC STRAWBERRY TRINKET TRAY,0.15,0.99,4.31,5.34,Low
21556,CERAMIC STRAWBERRY MONEY BOX,2.15,23.12,100.94,115.99,Medium
21557,SET OF 6 FUNKY BEAKERS,0.8,6.52,28.45,34.07,Medium
21558,SKULL LUNCH BOX WITH CUTLERY ,5.19,12.56,54.85,91.16,Medium
21559,STRAWBERRY LUNCH BOX WITH CUTLERY,9.92,21.65,94.53,163.99,Medium
21561,DINOSAUR LUNCH BOX WITH CUTLERY,3.28,10.1,44.09,67.05,Medium
21562,HAWAIIAN GRASS SKIRT ,0.85,5.5,24.02,29.99,Medium
21563,RED HEART SHAPE LOVE BUCKET ,3.63,20.99,91.62,117.04,Medium
21564,PINK  HEART SHAPE LOVE BUCKET ,2.72,20.38,88.97,107.99,Medium
21576,LETS GO SHOPPING COTTON TOTE BAG,0.47,1.63,7.1,10.41,Low
21577,SAVE THE PLANET COTTON TOTE BAG,1.47,3.14,13.73,24.0,Low
21578,WOODLAND DESIGN  COTTON TOTE BAG,1.56,5.76,25.17,36.08,Medium
21579,LOLITA  DESIGN  COTTON TOTE BAG,0.41,1.64,7.15,9.99,Low
21580,RABBIT  DESIGN  COTTON TOTE BAG,0.24,1.2,5.24,6.93,Low
21581,SKULLS  DESIGN  COTTON TOTE BAG,0.44,1.63,7.12,10.21,Low
21584,RETROSPOT SMALL TUBE MATCHES,2.83,7.99,34.87,54.69,Medium
21586,KINGS CHOICE GIANT TUBE MATCHES,1.95,11.83,51.63,65.32,Medium
21587,COSY HOUR GIANT TUBE MATCHES,0.52,3.37,14.71,18.36,Low
21588,RETROSPOT GIANT TUBE MATCHES,3.99,20.64,90.09,118.06,Medium
21591,COSY HOUR CIGAR BOX MATCHES ,3.16,10.99,47.97,70.11,Medium
21592,RETROSPOT CIGAR BOX MATCHES ,5.72,22.52,98.31,138.33,Medium
21609,SET 12 LAVENDER  BOTANICAL T-LIGHTS,2.03,11.22,48.97,63.19,Medium
21613,S/12 VANILLA  BOTANICAL T-LIGHTS,0.59,3.07,13.42,17.56,Low
21614,SET OF 12 ROSE BOTANICAL T-LIGHTS,0.13,1.42,6.2,7.1,Low
21615,4 LAVENDER BOTANICAL DINNER CANDLES,2.24,8.76,38.24,53.94,Medium
21616,4 PEAR BOTANICAL DINNER CANDLES,2.02,7.98,34.82,48.95,Medium
21617,4 LILY  BOTANICAL DINNER CANDLES,1.26,4.56,19.89,28.69,Low
21618,4 WILDFLOWER BOTANICAL CANDLES,0.8,3.44,15.02,20.65,Low
21619,4 VANILLA BOTANICAL CANDLES,2.4,8.91,38.9,55.67,Medium
21620,SET OF 4 ROSE BOTANICAL CANDLES,2.13,6.6,28.79,43.67,Medium
21621,VINTAGE UNION JACK BUNTING,6.79,19.46,84.94,132.44,Medium
21622,VINTAGE UNION JACK CUSHION COVER,0.96,2.66,11.63,18.33,Low
21623,VINTAGE UNION JACK MEMOBOARD,8.7,76.14,332.4,393.27,High
21624,VINTAGE UNION JACK DOORSTOP,0.54,1.57,6.84,10.64,Low
21625,VINTAGE UNION JACK APRON,0.81,1.89,8.27,13.94,Low
21626,VINTAGE UNION JACK PENNANT,1.98,6.36,27.76,41.63,Medium
21627,ELEPHANT CARNIVAL POUFFE,0.1,0.49,2.15,2.86,Low
21628,TRIANGULAR POUFFE VINTAGE ,0.11,0.83,3.62,4.42,Low
21629,SQUARE FLOOR CUSHION VINTAGE RED,0.14,0.65,2.84,3.8,Low
21630,FLOOR CUSHION ELEPHANT CARNIVAL,0.14,0.86,3.74,4.75,Low
21631,HIPPY CHIC DECORATIVE PARASOL,0.41,2.74,11.94,14.84,Low
21632,VINTAGE PINK DECORATIVE PARASOL,0.16,1.64,7.14,8.27,Low
21633,SUNFLOWER DECORATIVE PARASOL,0.23,1.93,8.42,10.05,Low
21634,ASSORTED MINI MADRAS NOTEBOOK,2.53,17.09,74.6,92.34,Medium
21635,MADRAS NOTEBOOK LARGE ,0.72,7.72,33.68,38.74,Medium
21636,MADRAS NOTEBOOK MEDIUM,2.44,8.99,39.26,56.31,Medium
21637,ASSORTED SANSKRIT MINI NOTEBOOK,0.29,2.62,11.44,13.48,Low
21638,ASSORTED TUTTI FRUTTI NOTEBOOK,0.62,3.29,14.35,18.71,Low
21640,ASSORTED TUTTI FRUTTI  FOB NOTEBOOK,1.41,6.86,29.93,39.84,Medium
21641,ASSORTED TUTTI FRUTTI KEYRING BALL,2.95,27.3,119.18,139.81,Medium
21642,ASSORTED TUTTI FRUTTI PEN,6.55,25.35,110.65,156.53,Medium
21643,ASSORTED TUTTI FRUTTI MIRROR,1.31,6.5,28.37,37.54,Medium
21644,ASSORTED TUTTI FRUTTI HEART BOX,0.57,2.46,10.74,14.76,Low
21647,ASSORTED TUTTI FRUTTI LARGE PURSE,0.28,1.8,7.84,9.82,Low
21648,ASSORTED TUTTI FRUTTI SMALL PURSE,1.73,9.76,42.62,54.71,Medium
21650,ASSORTED TUTTI FRUTTI BRACELET,5.87,24.01,104.82,145.94,Medium
21651,HANGING GLASS ETCHED TEALIGHT,0.33,2.9,12.67,15.01,Low
21654,RIDGED GLASS FINGER BOWL,2.5,11.75,51.28,68.76,Medium
21655,HANGING RIDGE GLASS T-LIGHT HOLDER,0.1,1.39,6.05,6.72,Low
21656,RIDGED GLASS POSY VASE ,0.31,1.65,7.19,9.38,Low
21657,MILK BOTTLE WITH GLASS STOPPER ,0.07,0.5,2.17,2.69,Low
21658,GLASS  BEURRE DISH,2.06,6.36,27.75,42.16,Medium
21661,VINTAGE GLASS TEA CADDY,0.01,0.09,0.39,0.45,Low
21662,VINTAGE GLASS COFFEE CADDY,0.2,2.51,10.94,12.33,Low
21664,RIDGED GLASS STORAGE JAR CREAM LID,0.26,2.64,11.53,13.33,Low
21666,RIDGED GLASS T-LIGHT HOLDER,1.03,4.15,18.12,25.31,Low
21667,GLASS CAKE COVER AND PLATE,0.01,0.1,0.45,0.49,Low
21668,RED STRIPE CERAMIC DRAWER KNOB,13.37,24.23,105.76,199.36,High
21669,BLUE STRIPE CERAMIC DRAWER KNOB,13.2,21.96,95.86,188.24,Medium
21670,BLUE SPOT CERAMIC DRAWER KNOB,10.59,21.53,94.0,168.15,Medium
21671,RED SPOT CERAMIC DRAWER KNOB,10.86,21.49,93.81,169.81,Medium
21672,WHITE SPOT RED CERAMIC DRAWER KNOB,12.12,23.81,103.93,188.79,Medium
21673,WHITE SPOT BLUE CERAMIC DRAWER KNOB,10.62,22.09,96.45,170.78,Medium
21675,BUTTERFLIES STICKERS,1.39,4.58,19.99,29.71,Medium
21676,FLOWERS  STICKERS,0.56,2.4,10.48,14.43,Low
21677,HEARTS  STICKERS,2.05,5.46,23.86,38.19,Medium
21678,PAISLEY PATTERN  STICKERS,0.28,1.59,6.95,8.9,Low
21679,SKULLS  STICKERS,2.82,8.09,35.31,55.04,Medium
21680,WOODLAND  STICKERS,2.15,9.2,40.17,55.22,Medium
21681,GIANT MEDINA STAMPED METAL BOWL ,0.01,0.07,0.32,0.36,Low
21682,LARGE MEDINA STAMPED METAL BOWL ,0.47,1.59,6.95,10.26,Low
21683,MEDIUM MEDINA STAMPED METAL BOWL ,0.79,2.81,12.26,17.82,Low
21684,SMALL MEDINA STAMPED METAL BOWL ,2.01,19.71,86.04,100.12,Medium
21686,MEDINA STAMPED METAL STOOL,0.09,0.6,2.62,3.24,Low
21688,SILVER PLATE CANDLE BOWL SMALL,0.84,3.42,14.91,20.82,Low
21689,SILVER VANILLA  FLOWER CANDLE POT,0.25,1.21,5.29,7.01,Low
21690,SILVER  CANDLEPOT JARDIN ,0.06,0.61,2.64,3.05,Low
21692,SILVER LATTICE VANILLA CANDLE POT,0.05,0.37,1.6,1.92,Low
21693,SMALL HAMMERED SILVER CANDLEPOT ,0.93,3.32,14.49,20.96,Low
21694,SMALL REGAL  SILVER CANDLEPOT ,0.81,7.17,31.29,36.97,Medium
21695,SMALL SILVER FLOWER CANDLE POT,0.74,3.04,13.29,18.47,Low
21696,SMALL SILVER TRELLIS CANDLEPOT,0.59,2.31,10.11,14.22,Low
21698,MOCK LOBSTER FRIDGE MAGNET,0.71,3.67,16.02,21.0,Low
21700,BIG DOUGHNUT FRIDGE MAGNETS,3.39,9.62,42.01,65.71,Medium
21703,BAG 125g SWIRLY MARBLES,24.79,93.13,406.55,580.09,High
21704,BAG 250g SWIRLY MARBLES,13.38,41.25,180.06,273.72,High
21705,BAG 500g SWIRLY MARBLES,3.68,18.81,82.1,107.88,Medium
21706,FOLDING UMBRELLA RED/WHITE POLKADOT,0.61,1.82,7.93,12.2,Low
21707,FOLDING UMBRELLA BLACKBLUE POLKADOT,0.32,1.08,4.73,6.97,Low
21708,FOLDING UMBRELLA CREAM POLKADOT,0.37,2.14,9.32,11.91,Low
21709,FOLDING UMBRELLA CHOCOLATE POLKADOT,0.23,0.94,4.1,5.73,Low
21710,FOLDING UMBRELLA PINKWHITE POLKADOT,0.22,0.98,4.3,5.87,Low
21711,FOLDING UMBRELLA WHITE/RED POLKADOT,0.23,1.99,8.71,10.32,Low
21713,CITRONELLA CANDLE FLOWERPOT,1.85,6.15,26.84,39.79,Medium
21714,CITRONELLA CANDLE GARDEN POT,2.89,8.27,36.08,56.28,Medium
21715,GIRLS VINTAGE TIN SEASIDE BUCKET,3.05,8.67,37.83,59.18,Medium
21716,BOYS VINTAGE TIN SEASIDE BUCKET,3.18,9.17,40.04,62.31,Medium
21717,EASTER TIN BUCKET,1.08,6.96,30.41,37.99,Medium
21718,RED METAL BEACH SPADE ,3.44,9.95,43.45,67.55,Medium
21719,LOVELY BONBON STICKER SHEET,0.8,3.66,16.0,21.63,Low
21720,CAKE SHOP  STICKER SHEET,0.15,1.22,5.32,6.39,Low
21721,CANDY SHOP  STICKER SHEET,0.47,2.45,10.71,13.98,Low
21722,SWEET PUDDING STICKER SHEET,0.17,1.14,4.97,6.19,Low
21723,ALPHABET HEARTS STICKER SHEET,0.98,4.67,20.39,27.26,Low
21724,PANDA AND BUNNIES STICKER SHEET,0.99,4.39,19.16,26.13,Low
21725,SWEETIES  STICKERS,0.73,3.97,17.31,22.44,Low
21726,MULTI HEARTS  STICKERS,0.62,2.61,11.4,15.72,Low
21730,GLASS STAR FROSTED T-LIGHT HOLDER,1.33,5.27,23.03,32.33,Medium
21731,RED TOADSTOOL LED NIGHT LIGHT,34.39,75.42,329.26,570.01,High
21733,RED HANGING HEART T-LIGHT HOLDER,20.72,64.46,281.39,426.43,High
21735,TWO DOOR CURIO CABINET,0.56,2.04,8.92,12.85,Low
21736,GOLD SCROLL GLASS T-LIGHT HOLDER,0.21,2.3,10.02,11.52,Low
21738,COSY SLIPPER SHOES SMALL  RED ,0.11,0.7,3.05,3.85,Low
21739,COSY SLIPPER SHOES SMALL GREEN,0.38,1.36,5.93,8.57,Low
21741,COSY SLIPPER SHOES LARGE GREEN,0.35,1.71,7.47,9.93,Low
21742,LARGE ROUND WICKER PLATTER ,0.51,1.65,7.22,10.82,Low
21743,STAR PORTABLE TABLE LIGHT ,0.73,6.28,27.41,32.54,Medium
21744,SNOWFLAKE PORTABLE TABLE LIGHT ,0.98,3.31,14.44,21.27,Low
21745,GAOLERS KEYS DECORATIVE GARDEN ,2.48,5.25,22.94,40.27,Medium
21746,SMALL RED RETROSPOT WINDMILL,7.95,20.55,89.73,145.4,Medium
21747,SMALL SKULL WINDMILL,1.17,5.27,23.01,31.19,Medium
21749,LARGE RED RETROSPOT WINDMILL,5.08,40.71,177.74,213.3,High
21750,LARGE SKULL WINDMILL,0.21,1.57,6.84,8.28,Low
21754,HOME BUILDING BLOCK WORD,7.04,8.51,37.13,86.41,Medium
21755,LOVE BUILDING BLOCK WORD,5.14,6.98,30.47,66.46,Medium
21756,BATH BUILDING BLOCK WORD,2.08,3.56,15.54,30.1,Medium
21757,LIGHTHOUSE PRINTED METAL SIGN,0.02,0.18,0.78,0.89,Low
21758,VINTAGE SHELLS PRINT,0.09,0.58,2.55,3.15,Low
21761,WOOD AND GLASS MEDICINE CABINET,0.03,0.16,0.71,0.89,Low
21763,VINTAGE WOODEN BAR STOOL,0.02,0.16,0.71,0.82,Low
21769,VINTAGE POST OFFICE CABINET,0.03,0.52,2.27,2.47,Low
21770,OPEN CLOSED METAL SIGN,4.21,22.81,99.59,129.05,Medium
21773,DECORATIVE ROSE BATHROOM BOTTLE,2.46,16.96,74.05,91.27,Medium
21774,DECORATIVE CATS BATHROOM BOTTLE,2.23,16.79,73.28,88.91,Medium
21775,DECORATIVE FLORE BATHROOM BOTTLE,0.76,3.67,16.02,21.32,Low
21777,RECIPE BOX WITH METAL HEART,0.02,0.36,1.58,1.71,Low
21781,MA CAMPAGNE CUTLERY BOX,0.37,1.09,4.77,7.33,Low
21784,SHOE SHINE BOX ,0.14,0.47,2.05,3.0,Low
21785,RAIN PONCHO ,1.1,21.05,91.87,99.55,Medium
21786,POLKADOT RAIN HAT ,4.24,16.1,70.27,99.95,Medium
21787,RAIN PONCHO RETROSPOT,23.4,127.87,558.2,722.01,High
21788,KIDS RAIN MAC BLUE,3.21,14.75,64.39,86.83,Medium
21789,KIDS RAIN MAC PINK,2.13,7.47,32.62,47.52,Medium
21790,VINTAGE SNAP CARDS,35.64,60.66,264.82,514.29,High
21791,VINTAGE HEADS AND TAILS CARD GAME ,19.03,43.83,191.35,324.58,High
21792,CLASSIC FRENCH STYLE BASKET GREEN ,0.89,3.89,16.98,23.18,Low
21793,CLASSIC FRENCH STYLE BASKET BROWN,0.79,3.08,13.45,18.99,Low
21794,CLASSIC FRENCH STYLE BASKET NATURAL,1.34,4.22,18.43,27.81,Low
21801,CHRISTMAS TREE DECORATION WITH BELL,1.22,7.23,31.55,40.11,Medium
21802,CHRISTMAS TREE HEART DECORATION,2.67,10.07,43.95,62.61,Medium
21803,CHRISTMAS TREE STAR DECORATION,2.94,11.7,51.06,71.67,Medium
21804,WHITE CHRISTMAS GARLAND STARS TREES,0.48,2.3,10.06,13.39,Low
21807,WHITE CHRISTMAS STAR DECORATION,1.11,6.89,30.07,37.82,Medium
21808,"CHRISTMAS GARLAND STARS,TREES",0.26,1.5,6.54,8.39,Low
21809,CHRISTMAS HANGING TREE WITH BELL,4.97,22.22,97.01,131.76,Medium
21810,CHRISTMAS HANGING STAR WITH BELL,13.9,53.62,234.07,331.4,High
21811,CHRISTMAS HANGING HEART WITH BELL,11.57,35.24,153.84,234.85,High
21812,GARLAND WITH HEARTS AND BELLS,0.58,2.63,11.49,15.55,Low
21813,GARLAND WITH STARS AND BELLS,0.67,3.23,14.11,18.79,Low
21814,HEART T-LIGHT HOLDER ,0.19,1.37,5.99,7.32,Low
21815,STAR  T-LIGHT HOLDER ,0.35,2.14,9.35,11.8,Low
21816,CHRISTMAS TREE T-LIGHT HOLDER,0.09,0.9,3.94,4.56,Low
21817,GLITTER CHRISTMAS TREE,2.41,9.6,41.91,58.79,Medium
21818,GLITTER CHRISTMAS HEART ,7.21,20.88,91.17,141.63,Medium
21819,GLITTER CHRISTMAS STAR ,6.58,25.6,111.74,157.82,Medium
21820,GLITTER HEART GARLAND WITH BELLS ,0.77,3.46,15.09,20.48,Low
21821,GLITTER STAR GARLAND WITH BELLS ,0.6,2.66,11.61,15.78,Low
21822,GLITTER CHRISTMAS TREE WITH BELLS,1.53,6.67,29.12,39.85,Medium
21823,PAINTED METAL HEART WITH HOLLY BELL,3.2,14.33,62.58,84.94,Medium
21824,PAINTED METAL STAR WITH HOLLY BELLS,3.87,13.82,60.35,87.47,Medium
21826,EIGHT PIECE DINOSAUR SET,0.25,1.39,6.06,7.78,Low
21827,EIGHT PIECE CREEPY CRAWLIE SET,0.02,0.22,0.96,1.07,Low
21828,EIGHT PIECE SNAKE  SET,0.83,2.91,12.68,18.5,Low
21829,DINOSAUR KEYRINGS ASSORTED,16.99,40.23,175.62,294.54,High
21830,ASSORTED CREEPY CRAWLIES,6.82,17.57,76.71,124.46,Medium
21832,CHOCOLATE CALCULATOR,2.08,5.6,24.45,39.03,Medium
21833,CAMOUFLAGE LED TORCH,7.03,23.1,100.86,150.05,Medium
21836,GINGHAM OVEN GLOVE RED HEART ,0.01,0.12,0.5,0.56,Low
21839,MUMMY MOUSE RED GINGHAM RIBBON,0.0,0.05,0.23,0.24,Low
21841,BABY MOUSE RED GINGHAM DRESS,0.19,1.57,6.86,8.2,Low
21843,RED RETROSPOT CAKE STAND,4.83,16.33,71.28,105.12,Medium
21844,RED RETROSPOT MUG,4.85,18.87,82.39,116.32,Medium
21845,DAIRY MAID STRIPE MUG,5.1,14.89,65.01,100.68,Medium
21846,PINK DIAMANTE PEN IN GIFT BOX,0.19,1.5,6.56,7.91,Low
21847,GREEN  DIAMANTE PEN IN GIFT BOX,0.02,0.24,1.03,1.2,Low
21849,SILVER DIAMANTE PEN IN GIFT BOX,0.13,0.85,3.72,4.66,Low
21850,BLUE  DIAMANTE PEN IN GIFT BOX,0.16,1.89,8.23,9.36,Low
21851,LILAC DIAMANTE PEN IN GIFT BOX,0.07,0.39,1.72,2.21,Low
21864,UNION JACK FLAG PASSPORT COVER ,1.63,7.09,30.94,42.34,Medium
21865,PINK UNION JACK  PASSPORT COVER ,0.59,1.93,8.44,12.56,Low
21866,UNION JACK FLAG LUGGAGE TAG,1.43,4.13,18.03,28.02,Low
21867,PINK UNION JACK  LUGGAGE TAG,0.7,2.26,9.87,14.76,Low
21868,POTTING SHED TEA MUG,6.27,13.72,59.89,103.76,Medium
21870,I CAN ONLY PLEASE ONE PERSON MUG,3.61,10.65,46.48,71.72,Medium
21871,SAVE THE PLANET MUG,14.07,64.03,279.52,378.04,High
21872,GLAMOROUS  MUG,3.38,23.45,102.36,126.03,Medium
21873,IF YOU CAN'T STAND THE HEAT MUG,4.23,34.23,149.42,179.05,Medium
21874,GIN AND TONIC MUG,7.61,46.55,203.23,256.48,High
21875,KINGS CHOICE MUG,5.35,42.51,185.57,223.0,High
21876,POTTERING MUG,9.47,45.56,198.9,265.17,High
21877,HOME SWEET HOME MUG,14.28,71.69,312.95,412.9,High
21878,PACK OF 6 SANDCASTLE FLAGS ASSORTED,6.41,19.81,86.49,131.34,Medium
21879,HEARTS GIFT TAPE,2.74,14.06,61.36,80.55,Medium
21880,RED RETROSPOT TAPE,3.9,12.11,52.86,80.15,Medium
21881,CUTE CATS TAPE,2.61,17.51,76.45,94.7,Medium
21882,SKULLS TAPE,1.6,11.24,49.08,60.27,Medium
21883,STARS GIFT TAPE ,3.66,15.06,65.76,91.37,Medium
21884,CAKES AND BOWS GIFT  TAPE,2.72,18.12,79.11,98.14,Medium
21888,BINGO SET,4.15,12.77,55.76,84.79,Medium
21889,WOODEN BOX OF DOMINOES,15.42,33.84,147.71,255.63,High
21890,S/6 WOODEN SKITTLES IN COTTON BAG,2.86,9.51,41.53,61.55,Medium
21891,TRADITIONAL WOODEN SKIPPING ROPE,21.13,75.44,329.35,477.28,High
21892,TRADITIONAL WOODEN CATCH CUP GAME ,7.78,16.89,73.71,128.18,Medium
21894,POTTING SHED SEED ENVELOPES,1.26,3.9,17.01,25.83,Low
21895,POTTING SHED SOW 'N' GROW SET,0.0,0.05,0.23,0.24,Low
21896,POTTING SHED TWINE,2.53,23.79,103.87,121.57,Medium
21897,POTTING SHED CANDLE CITRONELLA,1.07,17.95,78.34,85.87,Medium
21898,POTTING SHED ROSE CANDLE,1.19,19.78,86.36,94.69,Medium
21899,"KEY FOB , GARAGE DESIGN",6.95,32.28,140.92,189.58,Medium
21900,"KEY FOB , SHED",8.24,34.02,148.52,206.19,High
21901,"KEY FOB , BACK DOOR ",4.66,9.44,41.22,73.83,Medium
21902,"KEY FOB , FRONT  DOOR ",5.09,30.71,134.08,169.68,Medium
21903,MAN FLU METAL SIGN,3.01,9.97,43.54,64.64,Medium
21904,HOUSE WRECKING METAL SIGN ,0.13,0.78,3.41,4.34,Low
21905,MORE BUTTER METAL SIGN ,1.83,6.81,29.73,42.54,Medium
21906,PHARMACIE FIRST AID TIN,1.29,7.39,32.28,41.32,Medium
21907,I'M ON HOLIDAY METAL SIGN,6.13,10.31,45.02,87.92,Medium
21908,CHOCOLATE THIS WAY METAL SIGN,9.71,26.97,117.73,185.72,Medium
21910,WAY OUT METAL SIGN ,0.1,0.94,4.1,4.77,Low
21911,GARDEN METAL SIGN ,0.28,1.89,8.23,10.19,Low
21912,VINTAGE SNAKES & LADDERS,4.2,13.26,57.88,87.28,Medium
21913,VINTAGE SEASIDE JIGSAW PUZZLES,0.82,2.8,12.21,17.92,Low
21914,BLUE HARMONICA IN BOX ,19.87,35.91,156.76,295.84,High
21915,RED  HARMONICA IN BOX ,56.0,187.58,818.88,1210.9,High
21916,SET 12 RETRO WHITE CHALK STICKS,11.66,41.56,181.43,263.08,High
21917,SET 12 KIDS  WHITE CHALK STICKS,10.94,37.89,165.41,241.96,High
21918,SET 12 KIDS COLOUR  CHALK STICKS,18.75,60.23,262.93,394.17,High
21922,UNION STRIPE WITH FRINGE  HAMMOCK,2.03,5.98,26.09,40.27,Medium
21925,UNION STRIPE CUSHION COVER ,1.08,3.7,16.13,23.68,Low
21926,RED/CREAM STRIPE CUSHION COVER ,1.11,3.9,17.04,24.79,Low
21927,BLUE/CREAM STRIPE CUSHION COVER ,1.66,4.59,20.05,31.69,Medium
21928,JUMBO BAG SCANDINAVIAN PAISLEY,25.93,49.34,215.38,396.91,High
21929,JUMBO BAG PINK VINTAGE PAISLEY,26.44,52.58,229.54,414.61,High
21930,JUMBO STORAGE BAG SKULLS,15.22,29.29,127.87,234.44,High
21931,JUMBO STORAGE BAG SUKI,30.78,44.95,196.21,411.69,High
21932,SCANDINAVIAN PAISLEY PICNIC BAG,6.59,16.35,71.4,117.5,Medium
21933,PINK VINTAGE PAISLEY PICNIC BAG,6.43,17.72,77.35,122.38,Medium
21934,SKULL SHOULDER BAG,3.44,9.64,42.07,66.18,Medium
21935,SUKI  SHOULDER BAG,4.71,12.87,56.19,89.18,Medium
21936,RED RETROSPOT PICNIC BAG,10.04,25.18,109.93,180.23,Medium
21937,STRAWBERRY   PICNIC BAG,4.25,12.6,55.01,84.77,Medium
21942,SKULLS DESIGN FLANNEL,0.43,2.33,10.16,13.17,Low
21943,CAKES AND RABBITS DESIGN FLANNEL ,0.15,1.25,5.45,6.52,Low
21944,KITTENS DESIGN FLANNEL,0.62,2.88,12.56,16.9,Low
21945,STRAWBERRIES  DESIGN FLANNEL ,0.6,2.96,12.92,17.14,Low
21946,PARTY TIME DESIGN FLANNEL,0.19,1.41,6.16,7.51,Low
21947,SET OF 6 HEART CHOPSTICKS,1.59,7.57,33.05,44.17,Medium
21948,SET OF 6 CAKE CHOPSTICKS,1.11,5.7,24.9,32.7,Medium
21949,SET OF 6 STRAWBERRY CHOPSTICKS,1.64,9.68,42.24,53.72,Medium
21955,DOORMAT UNION JACK GUNS AND ROSES,3.09,20.2,88.2,109.86,Medium
21967,PACK OF 12 SKULL TISSUES,13.8,113.87,497.09,593.71,High
21972,SET OF 36 DINOSAUR PAPER DOILIES,0.78,3.38,14.77,20.24,Low
21973,SET OF 36 MUSHROOM PAPER DOILIES,0.43,2.91,12.69,15.67,Low
21974,SET OF 36 PAISLEY FLOWER DOILIES,5.44,11.62,50.75,88.85,Medium
21975,PACK OF 60 DINOSAUR CAKE CASES,32.37,84.69,369.72,596.31,High
21976,PACK OF 60 MUSHROOM CAKE CASES,13.2,33.48,146.15,238.53,High
21977,PACK OF 60 PINK PAISLEY CAKE CASES,64.79,184.26,804.38,1257.88,High
21980,PACK OF 12 RED RETROSPOT TISSUES ,17.44,45.94,200.55,322.6,High
21981,PACK OF 12 WOODLAND TISSUES ,14.12,49.19,214.75,313.59,High
21982,PACK OF 12 SUKI TISSUES ,18.47,80.0,349.24,478.52,High
21983,PACK OF 12 BLUE PAISLEY TISSUES ,5.94,16.54,72.22,113.83,Medium
21984,PACK OF 12 PINK PAISLEY TISSUES ,8.81,34.71,151.51,213.16,High
21985,PACK OF 12 HEARTS DESIGN TISSUES ,22.84,79.73,348.06,507.92,High
21986,PACK OF 12 PINK POLKADOT TISSUES,10.66,69.07,301.5,376.09,High
21987,PACK OF 6 SKULL PAPER CUPS,5.48,22.03,96.18,134.54,Medium
21988,PACK OF 6 SKULL PAPER PLATES,5.87,20.88,91.15,132.22,Medium
21989,PACK OF 20 SKULL PAPER NAPKINS,5.52,15.56,67.91,106.56,Medium
21990,MODERN FLORAL STATIONERY SET,3.24,8.22,35.89,58.57,Medium
21991,BOHEMIAN COLLAGE STATIONERY SET,1.26,3.48,15.19,24.0,Low
21992,VINTAGE PAISLEY STATIONERY SET,3.08,6.96,30.4,51.94,Medium
21993,FLORAL FOLK STATIONERY SET,3.64,8.21,35.84,61.3,Medium
22021,BLUE FELT EASTER EGG BASKET,0.94,3.44,15.01,21.57,Low
22023,EMPIRE BIRTHDAY CARD,3.02,7.2,31.43,52.6,Medium
22024,RAINY LADIES BIRTHDAY CARD,6.1,15.72,68.63,111.3,Medium
22025,RING OF ROSES BIRTHDAY CARD,4.72,15.39,67.17,100.19,Medium
22026,BANQUET BIRTHDAY  CARD  ,4.17,10.34,45.13,74.33,Medium
22027,TEA PARTY BIRTHDAY CARD,11.07,20.83,90.94,168.44,Medium
22028,PENNY FARTHING BIRTHDAY CARD,7.76,14.28,62.34,116.67,Medium
22029,SPACEBOY BIRTHDAY CARD,20.95,37.52,163.79,310.42,High
22030,SWALLOWS GREETING CARD,14.27,51.44,224.58,324.47,High
22031,BOTANICAL LAVENDER BIRTHDAY CARD,0.97,3.47,15.13,21.92,Low
22032,BOTANICAL LILY GREETING CARD,0.97,3.6,15.72,22.48,Low
22033,BOTANICAL ROSE GREETING CARD,0.9,4.21,18.38,24.67,Low
22034,ROBIN CHRISTMAS CARD,0.01,0.16,0.68,0.73,Low
22035,VINTAGE CARAVAN GREETING CARD ,3.73,10.65,46.5,72.59,Medium
22037,ROBOT BIRTHDAY CARD,10.02,17.57,76.72,146.85,Medium
22038,BOTANICAL LAVENDER GIFT WRAP ,1.27,5.5,24.0,32.89,Medium
22039,BOTANICAL LILY GIFT WRAP,0.67,6.03,26.34,31.02,Medium
22040,BOTANICAL ROSE GIFT WRAP,1.94,7.18,31.34,44.91,Medium
22041,"RECORD FRAME 7"" SINGLE SIZE ",10.19,25.03,109.28,180.63,Medium
22042,CHRISTMAS CARD SINGING ANGEL,0.96,4.38,19.1,25.84,Low
22043,CHRISTMAS CARD SCREEN PRINT ,3.18,12.38,54.03,76.27,Medium
22044,CHRISTMAS CARD STACK OF PRESENTS,2.18,10.9,47.57,62.85,Medium
22045,SPACEBOY GIFT WRAP,17.32,36.69,160.18,281.41,High
22046,TEA PARTY  WRAPPING PAPER ,6.02,18.5,80.78,122.89,Medium
22047,EMPIRE GIFT WRAP,8.96,23.8,103.89,166.59,Medium
22048,BIRTHDAY BANQUET GIFT WRAP,2.61,12.74,55.64,73.88,Medium
22049,WRAP CHRISTMAS SCREEN PRINT,2.67,12.66,55.29,74.0,Medium
22050,PINK PAISLEY ROSE GIFT WRAP,3.28,14.56,63.58,86.51,Medium
22051,BLUE SCANDINAVIAN PAISLEY WRAP,2.61,7.87,34.34,52.59,Medium
22052,VINTAGE CARAVAN GIFT WRAP,1.53,6.25,27.28,37.97,Medium
22053,EMPIRE DESIGN ROSETTE,11.33,202.03,881.98,961.26,High
22055,MINI CAKE STAND  HANGING STRAWBERY,3.33,11.06,48.3,71.62,Medium
22057,CERAMIC PLATE STRAWBERRY DESIGN,1.55,6.55,28.58,39.4,Medium
22059,CERAMIC STRAWBERRY DESIGN MUG,4.65,15.17,66.22,98.77,Medium
22060,LARGE CAKE STAND HANGING HEARTS,0.62,3.5,15.27,19.59,Low
22061,LARGE CAKE STAND  HANGING STRAWBERY,1.51,5.5,24.0,34.56,Medium
22062,CERAMIC BOWL WITH LOVE HEART DESIGN,1.48,6.62,28.9,39.27,Medium
22063,CERAMIC BOWL WITH STRAWBERRY DESIGN,1.44,6.59,28.77,38.82,Medium
22064,PINK DOUGHNUT TRINKET POT ,4.28,13.5,58.96,88.94,Medium
22065,CHRISTMAS PUDDING TRINKET POT ,17.16,92.33,403.04,523.17,High
22066,LOVE HEART TRINKET POT,5.97,16.12,70.39,112.16,Medium
22067,CHOC TRUFFLE GOLD TRINKET POT ,1.03,3.91,17.09,24.3,Low
22068,BLACK PIRATE TREASURE CHEST,1.16,5.56,24.28,32.37,Medium
22069,BROWN  PIRATE TREASURE CHEST ,0.58,3.54,15.47,19.55,Low
22070,SMALL RED RETROSPOT MUG IN BOX ,2.33,14.62,63.81,80.15,Medium
22071,SMALL WHITE RETROSPOT MUG IN BOX ,1.9,14.67,64.04,77.33,Medium
22072,RED RETROSPOT TEA CUP AND SAUCER ,2.16,5.43,23.68,38.79,Medium
22073,RED RETROSPOT STORAGE JAR,0.8,3.93,17.15,22.73,Low
22074,6 RIBBONS SHIMMERING PINKS ,2.67,11.25,49.1,67.82,Medium
22075,6 RIBBONS ELEGANT CHRISTMAS ,4.11,19.66,85.84,114.63,Medium
22076,6 RIBBONS EMPIRE  ,2.76,9.53,41.58,60.94,Medium
22077,6 RIBBONS RUSTIC CHARM,22.98,33.96,148.23,309.08,High
22078,RIBBON REEL LACE DESIGN ,3.44,13.56,59.2,83.31,Medium
22079,RIBBON REEL HEARTS DESIGN ,4.55,12.03,52.52,84.36,Medium
22080,RIBBON REEL POLKADOTS ,3.12,12.01,52.42,74.26,Medium
22081,RIBBON REEL FLORA + FAUNA ,1.56,4.63,20.22,31.17,Medium
22082,RIBBON REEL STRIPES DESIGN ,6.75,13.15,57.42,104.68,Medium
22083,PAPER CHAIN KIT RETROSPOT,11.4,17.73,77.42,157.24,Medium
22084,PAPER CHAIN KIT EMPIRE,13.06,39.66,173.14,264.57,High
22085,PAPER CHAIN KIT SKULLS ,1.36,6.41,27.99,37.48,Medium
22086,PAPER CHAIN KIT 50'S CHRISTMAS ,41.69,99.97,436.41,728.22,High
22087,PAPER BUNTING WHITE LACE,10.09,28.51,124.46,195.06,Medium
22088,PAPER BUNTING COLOURED LACE,4.54,11.97,52.25,84.03,Medium
22089,PAPER BUNTING VINTAGE PAISLEY,3.18,7.54,32.9,55.16,Medium
22090,PAPER BUNTING RETROSPOT,18.39,28.92,126.27,254.98,High
22091,EMPIRE TISSUE BOX,5.18,22.42,97.89,134.15,Medium
22092,BLUE PAISLEY TISSUE BOX,1.78,7.37,32.19,44.66,Medium
22093,MOTORING TISSUE BOX,4.87,21.83,95.31,129.43,Medium
22094,RED RETROSPOT TISSUE BOX,5.56,24.79,108.22,147.17,Medium
22095,LADS ONLY TISSUE BOX,4.2,24.35,106.29,135.7,Medium
22096,PINK PAISLEY SQUARE TISSUE BOX ,3.63,26.04,113.67,139.07,Medium
22097,SWALLOW SQUARE TISSUE BOX,4.22,23.55,102.81,132.33,Medium
22098,BOUDOIR SQUARE TISSUE BOX,5.23,24.41,106.57,143.16,Medium
22099,CARAVAN SQUARE TISSUE BOX,3.74,20.73,90.51,116.69,Medium
22100,SKULLS SQUARE TISSUE BOX,1.94,11.5,50.21,63.82,Medium
22101,MIRROR MOSAIC VOTIVE HOLDER,2.24,33.62,146.76,162.42,Medium
22102,MIRROR MOSAIC T-LIGHT HOLDER ,4.1,74.46,325.05,353.74,High
22103,MIRROR MOSAIC T-LIGHT HOLDER ROUND,3.08,48.67,212.47,234.05,High
22104,MIRROR MOSAIC CANDLE PLATE,0.4,5.08,22.16,24.99,Low
22105,MIRROR MOSAIC GOBLET CANDLE HOLDER,1.35,24.82,108.36,117.83,Medium
22106,MIRROR MOSAIC HURRICANE LAMP ,0.76,12.44,54.31,59.67,Medium
22107,PIZZA PLATE IN BOX,0.78,2.49,10.86,16.3,Low
22108,PING! MICROWAVE PLATE,0.27,1.33,5.79,7.68,Low
22109,FULL ENGLISH BREAKFAST PLATE,3.69,12.55,54.81,80.66,Medium
22110,BIRD HOUSE HOT WATER BOTTLE,1.65,4.31,18.83,30.38,Medium
22111,SCOTTIE DOG HOT WATER BOTTLE,11.36,34.52,150.68,230.19,High
22112,CHOCOLATE HOT WATER BOTTLE,13.78,25.65,111.97,208.4,High
22113,GREY HEART HOT WATER BOTTLE,8.41,19.58,85.48,144.34,Medium
22114,HOT WATER BOTTLE TEA AND SYMPATHY,9.97,28.58,124.74,194.54,Medium
22115,METAL SIGN EMPIRE TEA,4.0,10.5,45.83,73.81,Medium
22116,METAL SIGN HIS DINNER IS SERVED,1.35,4.23,18.45,27.91,Low
22117,METAL SIGN HER DINNER IS SERVED ,3.45,41.14,179.59,203.74,High
22118,JOY WOODEN BLOCK LETTERS,0.58,2.88,12.55,16.61,Low
22119,PEACE WOODEN BLOCK LETTERS,0.91,4.05,17.67,24.07,Low
22120,WELCOME  WOODEN BLOCK LETTERS,1.34,2.96,12.93,22.33,Low
22121,NOEL WOODEN BLOCK LETTERS ,0.89,3.34,14.59,20.81,Low
22123,PING MICROWAVE APRON,1.18,4.22,18.41,26.68,Low
22124,SET OF 2 TEA TOWELS PING MICROWAVE,0.21,1.5,6.54,8.0,Low
22125,UNION JACK HOT WATER BOTTLE ,0.01,0.21,0.9,0.98,Low
22127,PARTY CONES CARNIVAL ASSORTED,1.07,7.45,32.52,40.04,Medium
22128,PARTY CONES CANDY ASSORTED,4.62,18.77,81.94,114.3,Medium
22129,PARTY CONES CANDY TREE DECORATION,2.64,16.24,70.91,89.36,Medium
22130,PARTY CONE CHRISTMAS DECORATION ,4.02,12.77,55.76,83.92,Medium
22131,FOOD CONTAINER SET 3 LOVE HEART ,5.04,20.59,89.88,125.14,Medium
22132,RED LOVE HEART SHAPE CUP,2.5,9.62,42.0,59.5,Medium
22133,PINK LOVE HEART SHAPE CUP,1.88,8.43,36.82,49.96,Medium
22134,LADLE LOVE HEART RED ,1.7,15.35,67.01,78.92,Medium
22135,LADLE LOVE HEART PINK,0.7,2.78,12.12,17.01,Low
22136,LOVE HEART SOCK HANGER,0.89,5.51,24.05,30.28,Medium
22137,BATHROOM SET LOVE HEART DESIGN,0.18,1.68,7.32,8.59,Low
22138,BAKING SET 9 PIECE RETROSPOT ,12.8,28.55,124.66,214.23,High
22139,RETROSPOT TEA SET CERAMIC 11 PC ,11.33,15.66,68.38,147.72,Medium
22141,CHRISTMAS CRAFT TREE TOP ANGEL,6.53,16.83,73.47,119.19,Medium
22142,CHRISTMAS CRAFT WHITE FAIRY ,8.21,20.6,89.95,147.41,Medium
22144,CHRISTMAS CRAFT LITTLE FRIENDS,9.25,22.35,97.59,162.33,Medium
22145,CHRISTMAS CRAFT HEART STOCKING ,0.08,1.55,6.77,7.33,Low
22146,EASTER CRAFT IVY WREATH WITH CHICK,0.0,0.05,0.23,0.24,Low
22147,FELTCRAFT BUTTERFLY HEARTS,16.37,71.61,312.63,427.23,High
22148,EASTER CRAFT 4 CHICKS ,4.85,18.16,79.29,113.22,Medium
22149,FELTCRAFT 6 FLOWER FRIENDS,15.73,58.43,255.06,365.16,High
22150,3 STRIPEY MICE FELTCRAFT,7.79,14.19,61.96,116.5,Medium
22151,PLACE SETTING WHITE HEART,39.71,109.08,476.18,754.18,High
22152,PLACE SETTING WHITE STAR,6.28,27.69,120.88,164.87,Medium
22153,ANGEL DECORATION STARS ON DRESS,6.41,28.23,123.23,168.14,Medium
22154,ANGEL DECORATION 3 BUTTONS ,9.43,35.32,154.2,220.23,High
22155,STAR DECORATION RUSTIC,5.89,22.45,98.02,139.21,Medium
22156,HEART DECORATION WITH PEARLS ,5.01,12.1,52.83,87.88,Medium
22157,ANGEL DECORATION WITH LACE PADDED,0.57,4.36,19.03,23.0,Low
22158,3 HEARTS HANGING DECORATION RUSTIC,7.61,25.44,111.06,164.31,Medium
22161,HEART DECORATION RUSTIC HANGING ,11.06,31.57,137.82,215.27,High
22162,HEART GARLAND RUSTIC PADDED,0.28,1.4,6.09,8.07,Low
22163,HEART STRING MEMO HOLDER HANGING,1.67,7.28,31.8,43.52,Medium
22164,STRING OF STARS CARD HOLDER,0.19,1.47,6.43,7.76,Low
22165,"DIAMANTE HEART SHAPED WALL MIRROR, ",0.71,7.96,34.77,39.77,Medium
22166,WALL MIRROR RECTANGLE DIAMANTE PINK,0.33,4.98,21.73,24.01,Low
22167, OVAL WALL MIRROR DIAMANTE ,0.32,1.45,6.33,8.57,Low
22168,ORGANISER WOOD ANTIQUE WHITE ,0.37,1.22,5.35,7.95,Low
22169,FAMILY ALBUM WHITE PICTURE FRAME,2.87,7.93,34.64,54.74,Medium
22170,PICTURE FRAME WOOD TRIPLE PORTRAIT,2.74,8.65,37.75,56.89,Medium
22171,3 HOOK PHOTO SHELF ANTIQUE WHITE,4.56,21.49,93.84,125.77,Medium
22173,METAL 4 HOOK HANGER FRENCH CHATEAU,5.75,10.99,47.97,88.2,Medium
22174,PHOTO CUBE,7.13,44.09,192.47,242.39,High
22175,PINK OWL SOFT TOY,2.24,9.38,40.96,56.67,Medium
22176,BLUE OWL SOFT TOY,1.3,3.88,16.94,26.07,Low
22178,VICTORIAN GLASS HANGING T-LIGHT,59.9,99.71,435.29,854.62,High
22179,SET 10 LIGHTS NIGHT OWL,2.13,6.13,26.78,41.66,Medium
22180,RETROSPOT LAMP,0.8,1.8,7.86,13.46,Low
22181,SNOWSTORM PHOTO FRAME FRIDGE MAGNET,1.54,6.89,30.06,40.86,Medium
22182,CAKE STAND VICTORIAN FILIGREE SMALL,0.55,2.7,11.78,15.6,Low
22183,CAKE STAND VICTORIAN FILIGREE MED,0.2,1.43,6.26,7.65,Low
22184,CAKE STAND VICTORIAN FILIGREE LARGE,0.02,0.21,0.9,1.05,Low
22185,SLATE TILE NATURAL HANGING,3.72,12.46,54.38,80.39,Medium
22186,RED STAR CARD HOLDER,2.14,6.88,30.05,45.05,Medium
22187,GREEN CHRISTMAS TREE CARD HOLDER,3.16,10.7,46.72,68.86,Medium
22188,BLACK HEART CARD HOLDER,12.95,111.63,487.3,577.94,High
22189,CREAM HEART CARD HOLDER,21.89,126.76,553.35,706.6,High
22190,LOCAL CAFE MUG,1.51,7.41,32.33,42.93,Medium
22191,IVORY DINER WALL CLOCK,3.79,19.02,83.03,109.59,Medium
22192,BLUE DINER WALL CLOCK,2.43,4.26,18.59,35.57,Medium
22193,RED DINER WALL CLOCK,3.61,8.31,36.26,61.5,Medium
22194,BLACK DINER WALL CLOCK,0.14,0.5,2.19,3.18,Low
22195,LARGE HEART MEASURING SPOONS,4.53,10.12,44.19,75.94,Medium
22196,SMALL HEART MEASURING SPOONS,6.36,15.84,69.13,113.66,Medium
22197,SMALL POPCORN HOLDER,131.44,343.56,1499.79,2419.89,High
22198,LARGE POPCORN HOLDER ,2.33,13.69,59.74,76.08,Medium
22199,FRYING PAN RED RETROSPOT,1.02,3.45,15.08,22.25,Low
22200,FRYING PAN PINK POLKADOT,0.87,3.51,15.32,21.42,Low
22201,FRYING PAN BLUE POLKADOT,0.29,1.59,6.96,8.98,Low
22202,MILK PAN PINK POLKADOT,0.1,0.68,2.97,3.7,Low
22203,MILK PAN RED RETROSPOT,0.83,2.62,11.44,17.24,Low
22204,MILK PAN BLUE POLKADOT,0.26,1.13,4.94,6.74,Low
22207,FRYING PAN UNION FLAG,3.21,11.52,50.29,72.73,Medium
22208,WOOD STAMP SET THANK YOU,3.43,8.14,35.55,59.56,Medium
22209,WOOD STAMP SET HAPPY BIRTHDAY,2.19,6.02,26.3,41.65,Medium
22210,WOOD STAMP SET BEST WISHES,2.44,8.74,38.14,55.21,Medium
22211,WOOD STAMP SET FLOWERS,2.09,5.41,23.61,38.25,Medium
22212,FOUR HOOK  WHITE LOVEBIRDS,3.79,10.55,46.05,72.56,Medium
22214,CANDLE PLATE LACE WHITE,0.3,2.1,9.15,11.29,Low
22215,CAKE STAND WHITE TWO TIER LACE,0.88,3.25,14.18,20.35,Low
22216,T-LIGHT HOLDER WHITE LACE,0.87,5.75,25.09,31.21,Medium
22217,T-LIGHT HOLDER HANGING LACE,2.04,9.98,43.56,57.86,Medium
22218,CAKE STAND LACE WHITE,0.0,0.05,0.23,0.24,Low
22219,LOVEBIRD HANGING DECORATION WHITE ,9.0,22.45,98.01,161.03,Medium
22220,CAKE STAND LOVEBIRD 2 TIER WHITE,0.57,2.39,10.42,14.4,Low
22221,CAKE STAND LOVEBIRD 2 TIER PINK,0.33,1.42,6.2,8.52,Low
22222,CAKE PLATE LOVEBIRD WHITE,2.2,7.16,31.24,46.67,Medium
22223,CAKE PLATE LOVEBIRD PINK,0.84,3.66,15.98,21.88,Low
22224,WHITE LOVEBIRD LANTERN,1.84,4.26,18.59,31.45,Medium
22227,HANGING HEART MIRROR DECORATION ,5.26,11.11,48.51,85.36,Medium
22228,BUNNY WOODEN PAINTED WITH BIRD ,2.28,5.95,25.99,41.91,Medium
22229,BUNNY WOODEN PAINTED WITH FLOWER ,1.32,4.12,17.98,27.25,Low
22230,JIGSAW TREE WITH WATERING CAN,2.47,14.47,63.15,80.47,Medium
22231,JIGSAW TREE WITH BIRDHOUSE,2.32,6.71,29.31,45.54,Medium
22232,JIGSAW TOADSTOOLS 3 PIECE,1.67,5.75,25.11,36.78,Medium
22233,JIGSAW RABBIT AND BIRDHOUSE,1.44,4.64,20.26,30.37,Medium
22236,CAKE STAND 3 TIER MAGIC GARDEN,0.82,2.9,12.65,18.42,Low
22241,GARLAND WOODEN HAPPY EASTER,4.71,16.54,72.19,105.17,Medium
22242,5 HOOK HANGER MAGIC TOADSTOOL,1.69,12.67,55.33,67.14,Medium
22243,5 HOOK HANGER RED MAGIC TOADSTOOL,8.17,56.09,244.87,302.03,High
22244,3 HOOK HANGER MAGIC GARDEN,4.32,18.63,81.34,111.57,Medium
22245,"HOOK, 1 HANGER ,MAGIC GARDEN",3.2,16.56,72.29,94.72,Medium
22246,"GARLAND, MAGIC GARDEN 1.8M",0.74,3.35,14.61,19.81,Low
22247,BUNNY DECORATION MAGIC GARDEN,1.29,4.59,20.03,29.07,Low
22248,DECORATION  PINK CHICK MAGIC GARDEN,1.02,3.96,17.28,24.43,Low
22249,DECORATION WHITE CHICK MAGIC GARDEN,1.68,5.55,24.25,36.02,Medium
22250,DECORATION  BUTTERFLY  MAGIC GARDEN,1.2,5.07,22.13,30.49,Medium
22251,BIRDHOUSE DECORATION MAGIC GARDEN,1.39,4.29,18.72,28.42,Low
22252,BIRDCAGE DECORATION TEALIGHT HOLDER,1.72,7.13,31.12,43.16,Medium
22254,FELT TOADSTOOL LARGE,1.59,10.64,46.44,57.56,Medium
22255,FELT TOADSTOOL  SMALL,1.45,6.36,27.75,37.89,Medium
22256,FELT FARM ANIMAL CHICKEN,0.69,2.97,12.95,17.76,Low
22257,FELT FARM ANIMAL SHEEP,0.76,8.02,35.01,40.31,Medium
22258,FELT FARM ANIMAL RABBIT,1.93,11.55,50.42,63.93,Medium
22259,FELT FARM ANIMAL HEN,1.03,8.89,38.79,45.98,Medium
22260,FELT EGG COSY BLUE RABBIT ,1.1,4.23,18.48,26.15,Low
22261,FELT EGG COSY WHITE RABBIT ,1.37,4.37,19.07,28.69,Low
22262,FELT EGG COSY CHICKEN,2.46,7.34,32.03,49.25,Medium
22263,FELT EGG COSY LADYBIRD ,0.68,5.09,22.22,26.99,Low
22264,FELT FARM ANIMAL WHITE BUNNY ,3.72,20.92,91.33,117.36,Medium
22265,EASTER DECORATION NATURAL CHICK,1.36,5.42,23.64,33.19,Medium
22266,EASTER DECORATION HANGING BUNNY,4.97,34.99,152.74,187.55,Medium
22267,EASTER DECORATION EGG BUNNY ,2.21,9.67,42.2,57.7,Medium
22268,EASTER DECORATION SITTING BUNNY,4.91,16.85,73.58,107.94,Medium
22269,EGG CUP NATURAL CHICKEN,2.25,6.99,30.5,46.22,Medium
22270,HAPPY EASTER HANGING DECORATION,0.56,3.08,13.46,17.39,Low
22271,FELTCRAFT DOLL ROSIE,4.41,9.61,41.94,72.78,Medium
22272,FELTCRAFT DOLL MARIA,0.52,3.07,13.41,17.04,Low
22273,FELTCRAFT DOLL MOLLY,11.94,87.42,381.62,465.17,High
22274,FELTCRAFT DOLL EMILY,3.46,8.94,39.02,63.23,Medium
22275,WEEKEND BAG VINTAGE ROSE PAISLEY,0.18,3.57,15.58,16.87,Low
22276,WASH BAG VINTAGE ROSE PAISLEY,0.68,2.74,11.96,16.7,Low
22277,COSMETIC BAG VINTAGE ROSE PAISLEY,0.95,5.82,25.39,32.03,Medium
22278,OVERNIGHT BAG VINTAGE ROSE PAISLEY,0.65,2.13,9.28,13.83,Low
22279,POCKET BAG BLUE PAISLEY RED SPOT,1.28,6.94,30.3,39.23,Medium
22280,POCKET BAG PINK PAISELY BROWN SPOT,0.47,2.28,9.95,13.24,Low
22281,EASTER TREE YELLOW BIRDS,0.29,0.98,4.29,6.31,Low
22282,12 EGG HOUSE PAINTED WOOD,0.3,0.83,3.65,5.72,Low
22283,6 EGG HOUSE PAINTED WOOD,0.68,1.49,6.49,11.28,Low
22284,HEN HOUSE DECORATION,2.34,6.49,28.31,44.67,Medium
22285,"DECORATION HEN ON NEST, HANGING",2.23,6.27,27.39,42.98,Medium
22286,"DECORATION , WOBBLY RABBIT , METAL ",2.74,10.29,44.91,64.09,Medium
22287,"DECORATION , WOBBLY CHICKEN, METAL ",2.0,8.51,37.15,51.15,Medium
22288,HANGING METAL RABBIT DECORATION,1.21,5.46,23.85,32.31,Medium
22289,HANGING METAL CHICKEN DECORATION,0.33,2.26,9.88,12.16,Low
22291,HANGING CHICK CREAM DECORATION,3.25,10.23,44.67,67.41,Medium
22292,HANGING CHICK  YELLOW DECORATION,2.9,17.45,76.19,96.49,Medium
22293,HANGING CHICK GREEN DECORATION,2.18,6.75,29.47,44.76,Medium
22294,HEART FILIGREE DOVE  SMALL,14.34,33.67,147.01,247.36,High
22295,HEART FILIGREE DOVE LARGE,7.27,21.8,95.18,146.07,Medium
22296,HEART IVORY TRELLIS LARGE,8.13,20.41,89.12,146.0,Medium
22297,HEART IVORY TRELLIS SMALL,10.31,28.49,124.36,196.54,Medium
22299,PIG KEYRING WITH LIGHT & SOUND ,3.52,15.15,66.14,90.77,Medium
22300,COFFEE MUG DOG + BALL DESIGN,3.84,22.92,100.07,126.95,Medium
22301,COFFEE MUG CAT + BIRD DESIGN,5.61,25.28,110.36,149.63,Medium
22302,COFFEE MUG PEARS  DESIGN,6.11,24.29,106.03,148.84,Medium
22303,COFFEE MUG APPLES DESIGN,7.39,24.89,108.66,160.39,Medium
22304,COFFEE MUG BLUE PAISLEY DESIGN,1.97,23.42,102.26,116.07,Medium
22305,COFFEE MUG PINK PAISLEY DESIGN,1.83,15.9,69.39,82.19,Medium
22306,SILVER MUG BONE CHINA TREE OF LIFE,3.01,8.96,39.1,60.18,Medium
22307,GOLD MUG BONE CHINA TREE OF LIFE,1.95,6.87,29.98,43.63,Medium
22308,TEA COSY BLUE STRIPE,0.39,2.87,12.54,15.25,Low
22309,TEA COSY RED  STRIPE,0.78,3.99,17.41,22.88,Low
22310,IVORY KNITTED MUG COSY ,1.42,9.11,39.75,49.69,Medium
22311,OFFICE MUG WARMER BLACK+SILVER ,2.8,16.77,73.2,92.83,Medium
22312,OFFICE MUG WARMER POLKADOT,1.33,4.74,20.68,30.02,Medium
22313,OFFICE MUG WARMER PINK,1.48,13.46,58.77,69.12,Medium
22314,OFFICE MUG WARMER CHOC+BLUE,1.38,4.25,18.56,28.21,Low
22315,200 RED + WHITE BENDY STRAWS,2.03,9.04,39.46,53.67,Medium
22316,200 BENDY SKULL STRAWS,1.7,14.95,65.27,77.19,Medium
22317,FIVE CATS HANGING DECORATION,0.46,1.8,7.87,11.07,Low
22318,FIVE HEART HANGING DECORATION,1.06,2.71,11.83,19.25,Low
22319,HAIRCLIPS FORTIES FABRIC ASSORTED,3.53,16.34,71.35,96.09,Medium
22320,BIRDS MOBILE VINTAGE DESIGN,0.49,1.51,6.59,10.01,Low
22321,BIRD DECORATION RED RETROSPOT,1.97,5.69,24.84,38.62,Medium
22322,BIRD DECORATION GREEN POLKADOT,1.04,4.29,18.75,26.05,Low
22323,PINK POLKADOT KIDS BAG,0.0,0.05,0.23,0.24,Low
22324,BLUE POLKADOT KIDS BAG,0.61,3.4,14.82,19.09,Low
22325,MOBILE VINTAGE HEARTS ,0.41,1.23,5.36,8.2,Low
22326,ROUND SNACK BOXES SET OF4 WOODLAND ,21.59,42.59,185.94,337.07,High
22327,ROUND SNACK BOXES SET OF 4 SKULLS,2.2,7.45,32.52,47.89,Medium
22328,ROUND SNACK BOXES SET OF 4 FRUITS ,17.3,81.99,357.94,479.01,High
22329,ROUND CONTAINER SET OF 5 RETROSPOT,3.71,11.92,52.05,77.99,Medium
22331,WOODLAND PARTY BAG + STICKER SET,4.73,15.01,65.55,98.64,Medium
22332,SKULLS PARTY BAG + STICKER SET,2.62,8.58,37.47,55.83,Medium
22333,RETROSPOT PARTY BAG + STICKER SET,11.74,24.63,107.52,189.67,Medium
22334,DINOSAUR PARTY BAG + STICKER SET,1.83,6.57,28.67,41.47,Medium
22335,HEART DECORATION PAINTED ZINC ,5.4,23.32,101.8,139.57,Medium
22336,DOVE DECORATION PAINTED ZINC ,6.1,33.24,145.09,187.78,Medium
22337,ANGEL DECORATION PAINTED ZINC ,1.7,15.64,68.29,80.18,Medium
22338,STAR DECORATION PAINTED ZINC ,11.16,38.45,167.86,246.01,High
22339,CHRISTMAS TREE PAINTED ZINC ,6.1,29.62,129.31,172.04,Medium
22340,NOEL GARLAND PAINTED ZINC ,2.62,9.56,41.74,60.08,Medium
22341,LOVE GARLAND PAINTED ZINC ,1.08,4.52,19.75,27.33,Low
22342,HOME GARLAND PAINTED ZINC ,2.23,7.21,31.49,47.09,Medium
22343,PARTY PIZZA DISH RED RETROSPOT,4.55,19.23,83.94,115.79,Medium
22344,PARTY PIZZA DISH PINK POLKADOT,2.8,15.42,67.32,86.9,Medium
22345,PARTY PIZZA DISH BLUE POLKADOT,2.59,15.23,66.49,84.62,Medium
22346,PARTY PIZZA DISH GREEN POLKADOT,2.36,15.45,67.44,83.95,Medium
22348,TEA BAG PLATE RED RETROSPOT,10.32,28.35,123.76,196.03,Medium
22349,DOG BOWL CHASING BALL DESIGN,3.58,39.37,171.85,196.91,Medium
22350,ILLUSTRATED CAT BOWL ,3.63,46.6,203.41,228.79,High
22351,DOTCOMGIFTSHOP TEA TOWEL,0.03,0.62,2.71,2.93,Low
22352,LUNCH BOX WITH CUTLERY RETROSPOT ,7.61,18.41,80.35,133.66,Medium
22353,LUNCH BOX WITH CUTLERY FAIRY CAKES ,0.16,0.88,3.85,4.97,Low
22354,RETROSPOT PADDED SEAT CUSHION,1.87,7.29,31.82,44.92,Medium
22355,CHARLOTTE BAG SUKI DESIGN,23.92,36.34,158.64,326.1,High
22356,CHARLOTTE BAG PINK POLKADOT,19.53,35.09,153.2,289.89,High
22357,KINGS CHOICE BISCUIT TIN,0.87,2.61,11.4,17.46,Low
22358,KINGS CHOICE TEA CADDY ,1.21,3.78,16.51,25.01,Low
22359,GLASS JAR KINGS CHOICE,0.43,1.5,6.56,9.57,Low
22360,GLASS JAR ENGLISH CONFECTIONERY,2.35,8.03,35.04,51.51,Medium
22361,GLASS JAR DAISY FRESH COTTON WOOL,1.44,6.83,29.8,39.85,Medium
22362,GLASS JAR PEACOCK BATH SALTS,0.93,6.43,28.07,34.6,Medium
22363,GLASS JAR MARMALADE ,1.21,9.03,39.43,47.91,Medium
22364,GLASS JAR DIGESTIVE BISCUITS,1.38,5.2,22.68,32.34,Medium
22365,DOORMAT RESPECTABLE HOUSE,1.95,12.21,53.28,66.93,Medium
22366,DOORMAT AIRMAIL ,1.93,9.36,40.84,54.36,Medium
22367,CHILDRENS APRON SPACEBOY DESIGN,9.46,16.99,74.18,140.38,Medium
22371,AIRLINE BAG VINTAGE TOKYO 78,2.21,5.27,23.0,38.44,Medium
22372,AIRLINE BAG VINTAGE WORLD CHAMPION ,0.59,1.58,6.92,11.05,Low
22374,AIRLINE BAG VINTAGE JET SET RED,1.19,2.67,11.66,19.99,Low
22375,AIRLINE BAG VINTAGE JET SET BROWN,0.67,2.1,9.17,13.85,Low
22376,AIRLINE BAG VINTAGE JET SET WHITE,0.51,1.33,5.8,9.38,Low
22377,BOTTLE BAG RETROSPOT ,2.78,11.12,48.54,67.97,Medium
22378,WALL TIDY RETROSPOT ,4.49,22.51,98.28,129.73,Medium
22379,RECYCLING BAG RETROSPOT ,16.24,55.27,241.27,354.96,High
22380,TOY TIDY SPACEBOY  ,3.08,6.89,30.08,51.64,Medium
22381,TOY TIDY PINK POLKADOT,8.47,32.38,141.37,200.64,High
22382,LUNCH BAG SPACEBOY DESIGN ,26.4,37.06,161.77,346.59,High
22383,LUNCH BAG SUKI  DESIGN ,31.25,40.26,175.75,394.51,High
22384,LUNCH BAG PINK POLKADOT,27.34,40.16,175.3,366.7,High
22385,JUMBO BAG SPACEBOY DESIGN,22.01,54.04,235.92,389.98,High
22386,JUMBO BAG PINK POLKADOT,53.87,98.39,429.51,806.62,High
22389,PAPERWEIGHT SAVE THE PLANET,0.88,5.94,25.92,32.08,Medium
22390,PAPERWEIGHT CHILDHOOD MEMORIES,0.69,3.97,17.32,22.17,Low
22391,PAPERWEIGHT HOME SWEET HOME,0.39,2.11,9.2,11.93,Low
22393,PAPERWEIGHT VINTAGE COLLAGE,1.3,8.81,38.46,47.54,Medium
22394,PAPERWEIGHT KINGS CHOICE ,0.43,3.49,15.25,18.24,Low
22395,PAPERWEIGHT VINTAGE PAISLEY,0.36,2.94,12.82,15.33,Low
22396,MAGNETS PACK OF 4 RETRO PHOTO,3.14,15.53,67.82,89.83,Medium
22398,MAGNETS PACK OF 4 SWALLOWS,6.8,14.16,61.83,109.44,Medium
22399,MAGNETS PACK OF 4 CHILDHOOD MEMORY,3.02,13.28,57.98,79.13,Medium
22400,MAGNETS PACK OF 4 HOME SWEET HOME,3.71,10.94,47.76,73.7,Medium
22402,MAGNETS PACK OF 4 VINTAGE COLLAGE,4.55,13.7,59.83,91.66,Medium
22403,MAGNETS PACK OF 4 VINTAGE LABELS ,3.27,11.83,51.63,74.5,Medium
22405,MONEY BOX POCKET MONEY DESIGN,0.92,3.98,17.37,23.82,Low
22406,MONEY BOX KINGS CHOICE DESIGN,0.85,3.36,14.66,20.63,Low
22407,MONEY BOX FIRST ADE DESIGN,0.25,1.47,6.4,8.14,Low
22408,MONEY BOX CONFECTIONERY DESIGN,0.36,2.47,10.79,13.34,Low
22409,MONEY BOX BISCUITS DESIGN,0.58,2.3,10.05,14.09,Low
22410,MONEY BOX HOUSEKEEPING DESIGN,0.6,2.8,12.24,16.41,Low
22411,JUMBO SHOPPER VINTAGE RED PAISLEY,28.05,44.17,192.83,389.16,High
22412,METAL SIGN NEIGHBOURHOOD WITCH ,2.34,9.32,40.69,57.05,Medium
22413,METAL SIGN TAKE IT OR LEAVE IT ,9.86,74.73,326.25,395.26,High
22414,DOORMAT NEIGHBOURHOOD WITCH ,0.68,5.33,23.25,27.99,Low
22415,WHITE TISSUE REAM,0.05,0.31,1.36,1.71,Low
22416,SET OF 36 DOILIES SPACEBOY DESIGN ,2.27,13.63,59.5,75.41,Medium
22417,PACK OF 60 SPACEBOY CAKE CASES,21.65,42.22,184.32,335.86,High
22418,10 COLOUR SPACEBOY PEN,16.76,36.58,159.69,276.98,High
22419,LIPSTICK PEN RED,7.49,22.82,99.63,152.09,Medium
22420,LIPSTICK PEN BABY PINK,3.2,12.87,56.19,78.61,Medium
22421,LIPSTICK PEN FUSCHIA,5.14,16.74,73.1,109.11,Medium
22422,TOOTHPASTE TUBE PEN,2.59,12.89,56.29,74.45,Medium
22423,REGENCY CAKESTAND 3 TIER,33.09,43.12,188.25,419.84,High
22424,ENAMEL BREAD BIN CREAM,1.9,3.79,16.57,29.87,Medium
22425,ENAMEL COLANDER CREAM,1.16,3.08,13.45,21.57,Low
22426,ENAMEL WASH BOWL CREAM,1.76,4.66,20.32,32.66,Medium
22427,ENAMEL FLOWER JUG CREAM,5.32,9.84,42.96,80.22,Medium
22428,ENAMEL FIRE BUCKET CREAM,0.59,1.66,7.23,11.37,Low
22429,ENAMEL MEASURING JUG CREAM,3.17,10.35,45.18,67.34,Medium
22430,ENAMEL WATERING CAN CREAM,1.44,2.92,12.75,22.84,Low
22431,WATERING CAN BLUE ELEPHANT,5.29,12.69,55.39,92.43,Medium
22432,WATERING CAN PINK BUNNY,4.4,9.73,42.49,73.26,Medium
22433,WATERING CAN GREEN DINOSAUR,3.59,10.51,45.86,70.96,Medium
22434,BALLOON PUMP WITH 10 BALLOONS,2.07,6.77,29.57,44.06,Medium
22435,SET OF 9 HEART SHAPED BALLOONS,7.14,16.22,70.81,120.8,Medium
22436,12 COLOURED PARTY BALLOONS,5.59,12.16,53.07,92.17,Medium
22437,SET OF 9 BLACK SKULL BALLOONS,7.29,18.68,81.53,132.53,Medium
22438,BALLOON ART MAKE YOUR OWN FLOWERS,2.37,16.28,71.06,87.66,Medium
22439,6 ROCKET BALLOONS ,4.71,10.07,43.95,76.93,Medium
22440,BALLOON WATER BOMB PACK OF 35,15.7,107.57,469.61,579.53,High
22441,GROW YOUR OWN BASIL IN ENAMEL MUG,2.65,5.89,25.72,44.25,Medium
22442,GROW YOUR OWN FLOWERS SET OF 3,0.78,4.66,20.36,25.83,Low
22443,GROW YOUR OWN HERBS SET OF 3,0.41,1.18,5.16,8.0,Low
22444,GROW YOUR OWN PLANT IN A CAN ,2.04,9.65,42.14,56.4,Medium
22445,PENCIL CASE LIFE IS BEAUTIFUL,1.25,4.37,19.07,27.85,Low
22446,PIN CUSHION BABUSHKA PINK,0.43,2.02,8.8,11.81,Low
22447,PIN CUSHION BABUSHKA BLUE,0.2,1.14,4.96,6.37,Low
22448,PIN CUSHION BABUSHKA RED,0.5,2.17,9.45,12.95,Low
22449,SILK PURSE BABUSHKA PINK,0.97,2.68,11.68,18.5,Low
22450,SILK PURSE BABUSHKA BLUE,0.49,1.91,8.33,11.76,Low
22451,SILK PURSE BABUSHKA RED,0.54,3.09,13.51,17.27,Low
22452,MEASURING TAPE BABUSHKA PINK,1.04,4.59,20.04,27.3,Low
22453,MEASURING TAPE BABUSHKA BLUE,0.89,4.18,18.24,24.48,Low
22454,MEASURING TAPE BABUSHKA RED,0.61,4.27,18.62,22.89,Low
22456,NATURAL SLATE CHALKBOARD LARGE ,3.87,6.49,28.34,55.44,Medium
22457,NATURAL SLATE HEART CHALKBOARD ,22.53,40.81,178.15,335.87,High
22458,CAST IRON HOOK GARDEN FORK,1.37,18.02,78.66,88.26,Medium
22459,CAST IRON HOOK GARDEN TROWEL,1.0,13.47,58.8,65.81,Medium
22460,EMBOSSED GLASS TEALIGHT HOLDER,6.33,16.93,73.89,118.21,Medium
22461,SAVOY ART DECO CLOCK,0.62,2.68,11.69,16.01,Low
22464,HANGING METAL HEART LANTERN,8.5,17.55,76.63,136.13,Medium
22465,HANGING METAL STAR LANTERN,5.24,15.93,69.56,106.2,Medium
22466,FAIRY TALE COTTAGE NIGHTLIGHT,7.83,36.19,157.99,212.79,High
22467,GUMBALL COAT RACK,20.46,35.3,154.1,297.32,High
22468,BABUSHKA LIGHTS STRING OF 10,1.25,3.9,17.05,25.79,Low
22469,HEART OF WICKER SMALL,44.83,118.5,517.32,831.16,High
22470,HEART OF WICKER LARGE,25.61,94.53,412.69,591.94,High
22471,TV DINNER TRAY AIR HOSTESS ,0.96,4.43,19.35,26.07,Low
22472,TV DINNER TRAY DOLLY GIRL,0.78,3.0,13.08,18.53,Low
22473,TV DINNER TRAY VINTAGE PAISLEY,1.17,5.61,24.51,32.69,Medium
22474,SPACEBOY TV DINNER TRAY,0.65,2.74,11.96,16.53,Low
22475,SKULL DESIGN TV DINNER TRAY,0.74,2.71,11.82,17.03,Low
22476,EMPIRE UNION JACK TV DINNER TRAY,2.17,31.06,135.59,150.75,Medium
22477,WATERING CAN GARDEN MARKER,3.42,26.7,116.56,140.52,Medium
22478,BIRDHOUSE GARDEN MARKER ,3.77,27.09,118.24,144.65,Medium
22479,DAISY GARDEN MARKER,2.88,26.83,117.12,137.3,Medium
22480,RED TEA TOWEL CLASSIC DESIGN,1.64,8.01,34.96,46.42,Medium
22481,BLACK TEA TOWEL CLASSIC DESIGN,1.85,5.85,25.52,38.47,Medium
22482,BLUE TEA TOWEL CLASSIC DESIGN,1.2,7.65,33.41,41.8,Medium
22483,RED GINGHAM TEDDY BEAR ,1.93,9.06,39.56,53.07,Medium
22485,SET OF 2 WOODEN MARKET CRATES,1.24,2.61,11.41,20.06,Low
22486,PLASMATRONIC LAMP,0.14,1.05,4.6,5.58,Low
22487,WHITE WOOD GARDEN PLANT LADDER,1.93,3.27,14.26,27.79,Low
22488,NATURAL SLATE RECTANGLE CHALKBOARD,7.78,14.11,61.58,116.04,Medium
22489,PACK OF 12 TRADITIONAL CRAYONS,24.9,61.27,267.46,441.77,High
22491,PACK OF 12 COLOURED PENCILS,10.42,39.68,173.22,246.18,High
22492,MINI PAINT SET VINTAGE ,69.72,163.48,713.66,1201.71,High
22493,PAINT YOUR OWN CANVAS SET,6.29,27.78,121.29,165.31,Medium
22494,EMERGENCY FIRST AID TIN ,2.38,8.71,38.02,54.68,Medium
22495,SET OF 2 ROUND TINS CAMEMBERT ,0.64,3.17,13.84,18.35,Low
22496,SET OF 2 ROUND TINS DUTCH CHEESE,0.65,3.17,13.83,18.36,Low
22497,SET OF 2 TINS VINTAGE BATHROOM ,0.47,1.5,6.53,9.85,Low
22498,WOODEN REGATTA BUNTING,0.61,1.49,6.51,10.78,Low
22499,WOODEN UNION JACK BUNTING,4.64,11.91,51.97,84.43,Medium
22500,SET OF 2 TINS JARDIN DE PROVENCE,0.63,2.49,10.88,15.28,Low
22501,PICNIC BASKET WICKER LARGE,3.19,12.64,55.17,77.48,Medium
22502,PICNIC BASKET WICKER SMALL,3.97,11.7,51.07,78.86,Medium
22503,CABIN BAG VINTAGE PAISLEY,0.17,1.17,5.09,6.29,Low
22504,CABIN BAG VINTAGE RETROSPOT,0.43,2.28,9.95,12.95,Low
22505,MEMO BOARD COTTAGE DESIGN,3.64,10.87,47.45,72.93,Medium
22507,MEMO BOARD RETROSPOT  DESIGN,7.45,34.14,149.06,201.2,High
22508,DOORSTOP RETROSPOT HEART,4.04,38.54,168.26,196.54,Medium
22509,SEWING BOX RETROSPOT DESIGN ,0.54,2.91,12.7,16.5,Low
22510,GINGHAM BABUSHKA DOORSTOP,0.56,3.28,14.3,18.22,Low
22511,RETROSPOT BABUSHKA DOORSTOP,0.66,3.03,13.21,17.79,Low
22512,DOORSTOP RACING CAR DESIGN,0.31,1.55,6.74,8.93,Low
22513,DOORSTOP FOOTBALL DESIGN,0.36,1.82,7.93,10.44,Low
22514,CHILDS GARDEN SPADE BLUE,0.7,2.49,10.89,15.76,Low
22515,CHILDS GARDEN SPADE PINK,0.63,2.44,10.66,15.09,Low
22516,CHILDS GARDEN RAKE BLUE,0.45,2.28,9.97,13.15,Low
22517,CHILDS GARDEN RAKE PINK,0.48,2.24,9.8,13.15,Low
22518,CHILDS GARDEN BRUSH BLUE,0.89,4.21,18.38,24.61,Low
22519,CHILDS GARDEN BRUSH PINK,0.99,4.31,18.8,25.73,Low
22520,CHILDS GARDEN TROWEL BLUE ,1.89,5.38,23.5,36.7,Medium
22521,CHILDS GARDEN TROWEL PINK,1.6,5.03,21.96,33.16,Medium
22522,CHILDS GARDEN FORK BLUE ,2.46,10.92,47.69,64.93,Medium
22523,CHILDS GARDEN FORK PINK,2.25,7.06,30.83,46.6,Medium
22524,CHILDRENS GARDEN GLOVES BLUE,1.58,6.92,30.21,41.29,Medium
22525,CHILDRENS GARDEN GLOVES PINK,1.22,6.75,29.48,38.06,Medium
22526,WHEELBARROW FOR CHILDREN ,0.3,1.03,4.48,6.57,Low
22529,MAGIC DRAWING SLATE GO TO THE FAIR ,2.18,11.79,51.46,66.69,Medium
22530,MAGIC DRAWING SLATE DOLLY GIRL ,9.39,28.25,123.34,189.05,Medium
22531,MAGIC DRAWING SLATE CIRCUS PARADE  ,8.8,34.15,149.09,210.69,High
22532,MAGIC DRAWING SLATE LEAP FROG ,2.84,17.89,78.11,98.01,Medium
22533,MAGIC DRAWING SLATE BAKE A CAKE ,4.65,34.72,151.56,184.13,Medium
22534,MAGIC DRAWING SLATE SPACEBOY ,11.58,38.79,169.35,250.42,High
22535,MAGIC DRAWING SLATE BUNNIES ,4.58,19.02,83.04,115.1,Medium
22536,MAGIC DRAWING SLATE PURDEY,12.61,52.14,227.61,315.92,High
22537,MAGIC DRAWING SLATE DINOSAUR,4.86,11.67,50.92,84.91,Medium
22538,MINI JIGSAW GO TO THE FAIR,1.03,6.56,28.64,35.86,Medium
22539,MINI JIGSAW DOLLY GIRL,7.54,31.82,138.89,191.69,Medium
22540,MINI JIGSAW CIRCUS PARADE ,6.55,33.77,147.43,193.3,Medium
22541,MINI JIGSAW LEAP FROG,1.24,12.99,56.71,65.41,Medium
22543,MINI JIGSAW BAKE A CAKE ,3.83,30.78,134.38,161.22,Medium
22544,MINI JIGSAW SPACEBOY,11.79,43.67,190.65,273.21,High
22545,MINI JIGSAW BUNNIES,2.91,18.89,82.45,102.81,Medium
22546,MINI JIGSAW PURDEY,5.52,35.44,154.7,193.33,Medium
22547,MINI JIGSAW DINOSAUR ,1.97,9.45,41.27,55.08,Medium
22548,HEADS AND TAILS SPORTING FUN,5.0,18.4,80.31,115.32,Medium
22549,PICTURE DOMINOES,8.0,18.48,80.69,136.67,Medium
22550,HOLIDAY FUN LUDO,2.95,13.54,59.11,79.74,Medium
22551,PLASTERS IN TIN SPACEBOY,20.47,41.72,182.12,325.42,High
22553,PLASTERS IN TIN SKULLS,10.72,19.69,85.94,160.98,Medium
22554,PLASTERS IN TIN WOODLAND ANIMALS,19.51,34.76,151.76,288.34,High
22555,PLASTERS IN TIN STRONGMAN,15.71,32.38,141.36,251.3,High
22556,PLASTERS IN TIN CIRCUS PARADE ,15.9,25.84,112.81,224.12,High
22557,PLASTERS IN TIN VINTAGE PAISLEY ,12.2,24.44,106.71,192.13,Medium
22558,CLOTHES PEGS RETROSPOT PACK 24 ,22.47,33.3,145.36,302.67,High
22559,SEASIDE FLYING DISC,1.03,4.75,20.75,28.0,Low
22560,TRADITIONAL MODELLING CLAY,21.36,59.41,259.37,408.92,High
22561,WOODEN SCHOOL COLOURING SET,15.21,39.26,171.38,277.87,High
22562,MONSTERS STENCIL CRAFT,3.72,9.59,41.85,67.87,Medium
22563,HAPPY STENCIL CRAFT,7.43,24.78,108.17,160.14,Medium
22564,ALPHABET STENCIL CRAFT,7.13,38.84,169.54,219.47,High
22565,FELTCRAFT HAIRBANDS PINK AND WHITE ,2.18,5.41,23.62,38.91,Medium
22566,FELTCRAFT HAIRBAND PINK AND PURPLE,2.21,5.62,24.54,40.04,Medium
22567,20 DOLLY PEGS RETROSPOT,6.27,29.14,127.19,171.1,Medium
22568,FELTCRAFT CUSHION OWL,8.76,25.54,111.49,172.82,Medium
22569,FELTCRAFT CUSHION BUTTERFLY,7.2,24.9,108.69,159.08,Medium
22570,FELTCRAFT CUSHION RABBIT,8.05,28.57,124.71,181.08,Medium
22571,ROCKING HORSE RED CHRISTMAS ,5.88,17.56,76.68,117.86,Medium
22572,ROCKING HORSE GREEN CHRISTMAS ,3.35,12.34,53.87,77.3,Medium
22573,STAR WOODEN CHRISTMAS DECORATION,6.52,32.79,143.12,188.79,Medium
22574,HEART WOODEN CHRISTMAS DECORATION,5.67,17.09,74.58,114.28,Medium
22575,METAL MERRY CHRISTMAS WREATH,1.66,8.0,34.91,46.49,Medium
22576,SWALLOW WOODEN CHRISTMAS DECORATION,3.79,12.01,52.42,78.96,Medium
22577,WOODEN HEART CHRISTMAS SCANDINAVIAN,26.16,66.77,291.48,474.57,High
22578,WOODEN STAR CHRISTMAS SCANDINAVIAN,25.74,73.48,320.77,500.98,High
22579,WOODEN TREE CHRISTMAS SCANDINAVIAN,12.85,37.0,161.53,251.46,High
22580,ADVENT CALENDAR GINGHAM SACK,2.23,7.01,30.58,46.19,Medium
22581,WOOD STOCKING CHRISTMAS SCANDISPOT,2.91,10.65,46.5,66.86,Medium
22582,PACK OF 6 SWEETIE GIFT BOXES,2.75,18.74,81.79,101.05,Medium
22583,PACK OF 6 HANDBAG GIFT BOXES,1.41,6.55,28.61,38.49,Medium
22584,PACK OF 6 PANNETONE GIFT BOXES,5.98,24.18,105.54,147.43,Medium
22585,PACK OF 6 BIRDY GIFT TAGS,16.18,39.75,173.55,286.8,High
22586,FELTCRAFT HAIRBAND PINK AND BLUE,2.13,5.77,25.2,40.1,Medium
22587,FELTCRAFT HAIRBAND RED AND BLUE,2.25,5.94,25.95,41.71,Medium
22588,CARD HOLDER GINGHAM HEART,1.61,3.6,15.7,26.97,Low
22589,CARDHOLDER GINGHAM STAR,0.86,3.56,15.54,21.58,Low
22591,CARDHOLDER GINGHAM CHRISTMAS TREE,1.0,4.05,17.67,24.67,Low
22592,CARDHOLDER HOLLY WREATH METAL,1.35,5.35,23.36,32.83,Medium
22593,CHRISTMAS GINGHAM STAR,5.47,16.49,71.98,110.3,Medium
22594,CHRISTMAS GINGHAM TREE,4.66,14.72,64.27,96.91,Medium
22595,CHRISTMAS GINGHAM HEART,17.39,100.15,437.22,558.94,High
22596,CHRISTMAS STAR WISH LIST CHALKBOARD,8.73,24.72,107.91,169.0,Medium
22597,CHRISTMAS MUSICAL ZINC HEART ,6.77,23.85,104.13,151.54,Medium
22598,CHRISTMAS MUSICAL ZINC TREE,2.17,11.59,50.61,65.79,Medium
22599,CHRISTMAS MUSICAL ZINC STAR,3.98,16.19,70.69,98.56,Medium
22600,CHRISTMAS RETROSPOT STAR WOOD,4.11,12.1,52.81,81.6,Medium
22601,CHRISTMAS RETROSPOT ANGEL WOOD,5.98,32.62,142.4,184.23,Medium
22602,CHRISTMAS RETROSPOT HEART WOOD,5.24,13.22,57.73,94.41,Medium
22603,CHRISTMAS RETROSPOT TREE WOOD,3.46,10.88,47.5,71.7,Medium
22604,SET OF 4 NAPKIN CHARMS CUTLERY,3.13,20.17,88.03,109.95,Medium
22605,WOODEN CROQUET GARDEN SET,1.9,3.6,15.72,28.99,Low
22606,WOODEN SKITTLES GARDEN SET,0.81,2.13,9.3,14.97,Low
22607,WOODEN ROUNDERS GARDEN SET ,3.38,9.38,40.95,64.63,Medium
22608,PENS ASSORTED FUNKY JEWELED ,13.09,50.59,220.84,312.49,High
22609,PENS ASSORTED SPACEBALL,14.88,35.01,152.83,256.97,High
22610,PENS ASSORTED FUNNY FACE,24.36,62.1,271.08,441.59,High
22611,VINTAGE UNION JACK SHOPPING BAG,0.59,3.32,14.49,18.58,Low
22613,PACK OF 20 SPACEBOY NAPKINS,3.98,16.31,71.22,99.07,Medium
22614,PACK OF 12 SPACEBOY TISSUES,7.9,14.56,63.55,118.85,Medium
22615,PACK OF 12 CIRCUS PARADE TISSUES ,5.41,26.27,114.7,152.54,Medium
22616,PACK OF 12 LONDON TISSUES ,67.72,189.21,826.01,1300.09,High
22617,BAKING SET SPACEBOY DESIGN,5.76,15.39,67.17,107.46,Medium
22618,COOKING SET RETROSPOT,0.18,1.38,6.03,7.27,Low
22619,SET OF 6 SOLDIER SKITTLES,6.12,15.35,67.01,109.87,Medium
22620,4 TRADITIONAL SPINNING TOPS,11.99,31.8,138.83,222.8,High
22621,TRADITIONAL KNITTING NANCY,15.76,26.17,114.25,224.55,High
22622,BOX OF VINTAGE ALPHABET BLOCKS,3.46,11.68,51.0,75.24,Medium
22623,BOX OF VINTAGE JIGSAW BLOCKS ,2.45,6.62,28.89,46.07,Medium
22624,IVORY KITCHEN SCALES,4.72,7.61,33.21,66.25,Medium
22625,RED KITCHEN SCALES,3.93,8.14,35.53,63.02,Medium
22626,BLACK KITCHEN SCALES,1.34,3.87,16.89,26.26,Low
22627,MINT KITCHEN SCALES,2.11,3.99,17.41,32.18,Medium
22628,PICNIC BOXES SET OF 3 RETROSPOT ,2.07,10.97,47.89,62.37,Medium
22629,SPACEBOY LUNCH BOX ,37.19,74.09,323.44,583.75,High
22630,DOLLY GIRL LUNCH BOX,30.28,70.03,305.71,517.64,High
22631,CIRCUS PARADE LUNCH BOX ,9.01,23.21,101.34,164.43,Medium
22632,HAND WARMER RED POLKA DOT,11.73,34.72,151.58,233.71,High
22633,HAND WARMER UNION JACK,12.65,33.75,147.35,235.88,High
22634,CHILDS BREAKFAST SET SPACEBOY ,1.95,4.46,19.46,33.09,Medium
22635,CHILDS BREAKFAST SET DOLLY GIRL ,1.75,5.52,24.11,36.39,Medium
22636,CHILDS BREAKFAST SET CIRCUS PARADE,1.51,3.16,13.79,24.37,Low
22637,PIGGY BANK RETROSPOT ,6.99,40.48,176.7,225.65,High
22638,SET OF 4 NAPKIN CHARMS CROWNS ,0.68,4.21,18.36,23.13,Low
22639,SET OF 4 NAPKIN CHARMS HEARTS,2.04,5.82,25.42,39.68,Medium
22640,SET OF 4 NAPKIN CHARMS 3 KEYS ,0.49,2.87,12.54,16.0,Low
22641,SET OF 4 NAPKIN CHARMS INSTRUMENT,0.3,2.13,9.28,11.37,Low
22642,SET OF 4 NAPKIN CHARMS STARS   ,0.68,3.47,15.16,19.89,Low
22643,SET OF 4 NAPKIN CHARMS LEAVES   ,0.49,2.86,12.5,15.93,Low
22644,CERAMIC CHERRY CAKE MONEY BANK,5.46,19.0,82.93,121.17,Medium
22645,CERAMIC HEART FAIRY CAKE MONEY BANK,4.67,11.71,51.13,83.84,Medium
22646,CERAMIC STRAWBERRY CAKE MONEY BANK,10.48,28.77,125.59,198.94,Medium
22647,CERAMIC LOVE HEART MONEY BANK,1.93,8.09,35.32,48.82,Medium
22649,STRAWBERRY FAIRY CAKE TEAPOT,2.0,4.52,19.72,33.72,Medium
22650,CERAMIC PIRATE CHEST MONEY BANK,2.11,5.82,25.43,40.23,Medium
22651,GENTLEMAN SHIRT REPAIR KIT ,5.33,24.11,105.26,142.55,Medium
22652,TRAVEL SEWING KIT,12.99,34.14,149.05,240.0,High
22653,BUTTON BOX ,2.86,12.76,55.69,75.73,Medium
22654,DELUXE SEWING KIT ,2.83,8.75,38.18,57.96,Medium
22655,VINTAGE RED KITCHEN CABINET,0.16,0.6,2.64,3.76,Low
22656,VINTAGE BLUE KITCHEN CABINET,0.07,0.36,1.57,2.06,Low
22659,LUNCH BOX I LOVE LONDON,29.61,75.11,327.88,535.17,High
22660,DOORMAT I LOVE LONDON,0.87,5.95,25.96,32.08,Medium
22661,CHARLOTTE BAG DOLLY GIRL DESIGN,13.54,30.26,132.1,226.9,High
22662,LUNCH BAG DOLLY GIRL DESIGN,17.45,32.4,141.44,263.6,High
22663,JUMBO BAG DOLLY GIRL DESIGN,8.28,21.26,92.79,150.74,Medium
22664,TOY TIDY DOLLY GIRL DESIGN,1.72,6.17,26.93,38.95,Medium
22665,RECIPE BOX BLUE SKETCHBOOK DESIGN,3.26,9.95,43.44,66.24,Medium
22666,RECIPE BOX PANTRY YELLOW DESIGN,19.7,50.26,219.42,357.28,High
22667,RECIPE BOX RETROSPOT ,7.62,23.87,104.2,157.56,Medium
22668,PINK BABY BUNTING,5.22,13.26,57.91,94.48,Medium
22669,RED BABY BUNTING ,2.75,6.16,26.91,46.13,Medium
22670,FRENCH WC SIGN BLUE METAL,4.69,8.79,38.36,71.17,Medium
22671,FRENCH LAUNDRY SIGN BLUE METAL,2.45,11.88,51.88,69.06,Medium
22672,FRENCH BATHROOM SIGN BLUE METAL,3.7,12.4,54.13,79.99,Medium
22673,FRENCH GARDEN SIGN BLUE METAL,2.06,5.09,22.24,36.63,Medium
22674,FRENCH TOILET SIGN BLUE METAL,3.4,12.27,53.57,77.34,Medium
22675,FRENCH KITCHEN SIGN BLUE METAL,3.14,12.33,53.82,75.78,Medium
22676,FRENCH BLUE METAL DOOR SIGN 1,2.78,7.67,33.46,52.89,Medium
22677,FRENCH BLUE METAL DOOR SIGN 2,2.34,6.68,29.17,45.53,Medium
22678,FRENCH BLUE METAL DOOR SIGN 3,2.01,5.48,23.92,37.95,Medium
22679,FRENCH BLUE METAL DOOR SIGN 4,1.73,4.86,21.19,33.29,Medium
22680,FRENCH BLUE METAL DOOR SIGN 5,1.99,5.6,24.44,38.34,Medium
22681,FRENCH BLUE METAL DOOR SIGN 6,1.68,4.55,19.87,31.6,Medium
22682,FRENCH BLUE METAL DOOR SIGN 7,1.65,4.65,20.31,31.88,Medium
22683,FRENCH BLUE METAL DOOR SIGN 8,1.54,4.44,19.4,30.16,Medium
22684,FRENCH BLUE METAL DOOR SIGN 9,1.24,3.83,16.73,25.38,Low
22685,FRENCH BLUE METAL DOOR SIGN 0,1.45,4.63,20.23,30.39,Medium
22686,FRENCH BLUE METAL DOOR SIGN No,2.3,11.35,49.54,65.61,Medium
22687,DOORMAT CHRISTMAS VILLAGE,1.52,24.64,107.57,118.2,Medium
22688,DOORMAT PEACE ON EARTH BLUE,1.87,32.8,143.19,156.29,Medium
22689,DOORMAT MERRY CHRISTMAS RED ,1.64,12.05,52.59,64.08,Medium
22690,DOORMAT HOME SWEET HOME BLUE ,4.26,22.98,100.32,130.17,Medium
22691,DOORMAT WELCOME SUNRISE,0.92,6.41,27.96,34.38,Medium
22692,DOORMAT WELCOME TO OUR HOME,3.68,16.28,71.06,96.82,Medium
22693,GROW A FLYTRAP OR SUNFLOWER IN TIN,42.62,204.82,894.15,1192.5,High
22694,WICKER STAR ,4.3,10.17,44.39,74.48,Medium
22695,WICKER WREATH SMALL,1.86,6.52,28.44,41.45,Medium
22696,WICKER WREATH LARGE,1.85,6.24,27.24,40.2,Medium
22697,GREEN REGENCY TEACUP AND SAUCER,17.13,25.52,111.4,231.3,High
22698,PINK REGENCY TEACUP AND SAUCER,14.19,25.65,111.96,211.29,High
22699,ROSES REGENCY TEACUP AND SAUCER ,24.38,54.87,239.52,410.2,High
22700,BLACK AND WHITE DOG BOWL,3.19,30.16,131.65,153.96,Medium
22701,PINK DOG BOWL,1.17,6.38,27.84,36.0,Medium
22702,BLACK AND WHITE CAT BOWL,3.63,46.47,202.87,228.27,High
22703,PINK CAT BOWL,0.45,2.79,12.19,15.33,Low
22704,WRAP RED APPLES ,14.04,31.02,135.4,233.66,High
22705,WRAP GREEN PEARS ,5.01,12.14,53.0,88.09,Medium
22706,WRAP COWBOYS  ,5.48,17.46,76.24,114.61,Medium
22707,WRAP MONSTER FUN ,3.34,9.8,42.78,66.18,Medium
22708,WRAP DOLLY GIRL,7.42,19.11,83.45,135.38,Medium
22709,WRAP WEDDING DAY,3.54,16.55,72.25,97.05,Medium
22710,WRAP I LOVE LONDON ,11.83,44.3,193.39,276.21,High
22711,WRAP CIRCUS PARADE,7.56,18.25,79.68,132.59,Medium
22712,CARD DOLLY GIRL ,11.42,31.26,136.48,216.42,High
22713,CARD I LOVE LONDON ,8.69,32.53,142.0,202.81,High
22714,CARD BIRTHDAY COWBOY,9.0,32.21,140.62,203.64,High
22715,CARD WEDDING DAY,4.03,12.1,52.82,81.0,Medium
22716,CARD CIRCUS PARADE,8.22,15.25,66.59,124.16,Medium
22717,CARD DOG AND BALL ,3.13,7.69,33.56,55.46,Medium
22718,CARD CAT AND TREE ,4.11,9.67,42.21,70.96,Medium
22719,GUMBALL MONOCHROME COAT RACK,1.24,6.54,28.56,37.23,Medium
22720,SET OF 3 CAKE TINS PANTRY DESIGN ,18.74,46.37,202.44,333.64,High
22721,SET OF 3 CAKE TINS SKETCHBOOK,2.43,7.33,32.01,49.0,Medium
22722,SET OF 6 SPICE TINS PANTRY DESIGN,14.33,58.29,254.49,354.81,High
22723,SET OF 6 HERB TINS SKETCHBOOK,2.82,7.64,33.36,53.09,Medium
22725,ALARM CLOCK BAKELIKE CHOCOLATE,4.74,9.79,42.74,75.91,Medium
22726,ALARM CLOCK BAKELIKE GREEN,15.05,29.88,130.45,235.83,High
22727,ALARM CLOCK BAKELIKE RED ,19.27,54.64,238.54,373.41,High
22728,ALARM CLOCK BAKELIKE PINK,13.55,43.98,191.98,286.79,High
22729,ALARM CLOCK BAKELIKE ORANGE,5.83,18.62,81.3,122.09,Medium
22730,ALARM CLOCK BAKELIKE IVORY,7.28,18.22,79.55,130.48,Medium
22731,3D CHRISTMAS STAMPS STICKERS ,2.87,9.87,43.1,63.22,Medium
22732,3D VINTAGE CHRISTMAS STICKERS ,4.07,12.44,54.29,82.78,Medium
22733,3D TRADITIONAL CHRISTMAS STICKERS,3.93,11.41,49.82,77.36,Medium
22734,SET OF 6 RIBBONS VINTAGE CHRISTMAS,7.59,19.01,82.99,136.12,Medium
22735,RIBBON REEL SOCKS AND MITTENS,1.79,8.31,36.27,48.77,Medium
22736,RIBBON REEL MAKING SNOWMEN ,2.92,9.44,41.23,61.65,Medium
22737,RIBBON REEL CHRISTMAS PRESENT ,3.28,7.93,34.64,57.58,Medium
22738,RIBBON REEL SNOWY VILLAGE,5.32,16.86,73.61,110.87,Medium
22739,RIBBON REEL CHRISTMAS SOCK BAUBLE,4.2,10.82,47.22,76.63,Medium
22740,POLKADOT PEN,17.71,51.94,226.73,350.72,High
22741,FUNKY DIVA PEN,22.27,45.76,199.76,355.63,High
22742,MAKE YOUR OWN PLAYTIME CARD KIT,1.67,9.46,41.28,52.96,Medium
22743,MAKE YOUR OWN FLOWERPOWER CARD KIT,2.31,9.27,40.45,56.61,Medium
22744,MAKE YOUR OWN MONSOON CARD KIT,2.22,8.95,39.09,54.62,Medium
22745,POPPY'S PLAYHOUSE BEDROOM ,4.76,9.43,41.15,74.47,Medium
22746,POPPY'S PLAYHOUSE LIVINGROOM ,3.52,7.56,32.99,57.6,Medium
22747,POPPY'S PLAYHOUSE BATHROOM,2.34,6.72,29.33,45.73,Medium
22748,POPPY'S PLAYHOUSE KITCHEN,5.05,9.39,41.0,76.32,Medium
22749,FELTCRAFT PRINCESS CHARLOTTE DOLL,5.91,13.56,59.2,100.57,Medium
22750,FELTCRAFT PRINCESS LOLA DOLL,5.2,12.44,54.3,90.7,Medium
22751,FELTCRAFT PRINCESS OLIVIA DOLL,4.04,15.59,68.06,96.34,Medium
22752,SET 7 BABUSHKA NESTING BOXES,4.41,15.3,66.8,97.7,Medium
22753,SMALL YELLOW BABUSHKA NOTEBOOK ,2.45,7.23,31.57,48.73,Medium
22754,SMALL RED BABUSHKA NOTEBOOK ,4.81,20.96,91.49,125.18,Medium
22755,SMALL PURPLE BABUSHKA NOTEBOOK ,4.21,15.58,68.03,97.49,Medium
22756,LARGE YELLOW BABUSHKA NOTEBOOK ,1.48,6.85,29.89,40.26,Medium
22757,LARGE RED BABUSHKA NOTEBOOK ,2.7,12.43,54.25,73.12,Medium
22758,LARGE PURPLE BABUSHKA NOTEBOOK  ,2.99,16.63,72.59,93.55,Medium
22759,SET OF 3 NOTEBOOKS IN PARCEL,13.9,42.42,185.19,282.46,High
22760,"TRAY, BREAKFAST IN BED",0.69,3.52,15.39,20.23,Low
22761,CHEST 7 DRAWER MA CAMPAGNE,0.09,0.4,1.76,2.4,Low
22762,CUPBOARD 3 DRAWER MA CAMPAGNE,0.39,1.15,5.02,7.73,Low
22763,KEY CABINET MA CAMPAGNE,0.51,1.29,5.62,9.17,Low
22764,"RUSTIC WOODEN CABINET, GLASS DOORS",0.01,0.12,0.5,0.56,Low
22765,NEWSPAPER STAND,0.07,1.19,5.2,5.67,Low
22766,PHOTO FRAME CORNICE,8.49,24.77,108.11,167.56,Medium
22767,TRIPLE PHOTO FRAME CORNICE ,2.03,8.01,34.98,49.22,Medium
22768,FAMILY PHOTO FRAME CORNICE,2.24,8.64,37.74,53.38,Medium
22769,CHALKBOARD KITCHEN ORGANISER,0.02,0.23,1.01,1.12,Low
22770,MIRROR CORNICE,0.22,0.71,3.09,4.64,Low
22771,CLEAR DRAWER KNOB ACRYLIC EDWARDIAN,15.13,28.01,122.29,228.17,High
22772,PINK DRAWER KNOB ACRYLIC EDWARDIAN,8.74,24.95,108.9,170.09,Medium
22773,GREEN DRAWER KNOB ACRYLIC EDWARDIAN,4.92,13.42,58.59,93.03,Medium
22774,RED DRAWER KNOB ACRYLIC EDWARDIAN,5.3,21.19,92.51,129.62,Medium
22775,PURPLE DRAWERKNOB ACRYLIC EDWARDIAN,6.66,19.86,86.68,133.32,Medium
22776,SWEETHEART CAKESTAND 3 TIER,2.98,4.88,21.29,42.16,Medium
22777,GLASS BELL JAR LARGE,0.89,7.0,30.56,36.76,Medium
22778,GLASS CLOCHE SMALL,2.02,6.15,26.86,41.03,Medium
22779,WOODEN OWLS LIGHT GARLAND ,4.1,17.66,77.09,105.77,Medium
22780,LIGHT GARLAND BUTTERFILES PINK,3.58,16.71,72.93,98.01,Medium
22781,GUMBALL MAGAZINE RACK,1.42,3.51,15.34,25.29,Low
22782,SET 3 WICKER STORAGE BASKETS ,0.64,2.7,11.77,16.28,Low
22783,SET 3 WICKER OVAL BASKETS W LIDS,1.24,11.82,51.58,60.23,Medium
22784,LANTERN CREAM GAZEBO ,3.22,6.31,27.53,50.08,Medium
22785,SQUARECUSHION COVER PINK UNION FLAG,0.57,3.8,16.59,20.56,Low
22786,CUSHION COVER PINK UNION JACK,0.29,1.25,5.45,7.47,Low
22788,BROCANTE COAT RACK,0.55,4.57,19.95,23.79,Low
22789,T-LIGHT HOLDER SWEETHEART HANGING,2.2,5.28,23.07,38.45,Medium
22791,T-LIGHT GLASS FLUTED ANTIQUE,19.42,39.89,174.14,310.1,High
22792,FLUTED ANTIQUE CANDLE HOLDER,6.12,17.36,75.78,118.62,Medium
22794,SWEETHEART WIRE MAGAZINE RACK,0.8,1.42,6.19,11.8,Low
22795,SWEETHEART RECIPE BOOK STAND,2.94,6.47,28.26,48.81,Medium
22796,PHOTO FRAME 3 CLASSIC HANGING,1.48,2.6,11.34,21.67,Low
22797,CHEST OF DRAWERS GINGHAM HEART ,0.39,1.81,7.9,10.63,Low
22798,ANTIQUE GLASS DRESSING TABLE POT,4.39,10.98,47.91,78.65,Medium
22799,SWEETHEART WIRE FRUIT BOWL,0.53,1.73,7.57,11.26,Low
22800,ANTIQUE TALL SWIRLGLASS TRINKET POT,2.04,7.67,33.49,47.79,Medium
22801,ANTIQUE GLASS PEDESTAL BOWL,2.37,6.83,29.82,46.42,Medium
22802,FAUX FUR CHOCOLATE THROW,0.17,0.89,3.87,5.09,Low
22803,IVORY EMBROIDERED QUILT ,0.12,0.85,3.72,4.58,Low
22804,CANDLEHOLDER PINK HANGING HEART,7.64,25.46,111.15,164.65,Medium
22805,BLUE DRAWER KNOB ACRYLIC EDWARDIAN,4.17,12.1,52.81,82.01,Medium
22806,SET OF 6 T-LIGHTS WEDDING CAKE ,0.65,3.74,16.31,20.86,Low
22807,SET OF 6 T-LIGHTS TOADSTOOLS,1.79,6.02,26.3,38.82,Medium
22808,SET OF 6 T-LIGHTS EASTER CHICKS,0.86,3.26,14.24,20.22,Low
22809,SET OF 6 T-LIGHTS SANTA,3.17,9.57,41.76,63.92,Medium
22810,SET OF 6 T-LIGHTS SNOWMEN,2.41,7.21,31.48,48.33,Medium
22811,SET OF 6 T-LIGHTS CACTI ,2.07,13.64,59.57,74.07,Medium
22812,PACK 3 BOXES CHRISTMAS PANNETONE,4.2,15.61,68.13,97.51,Medium
22813,PACK 3 BOXES BIRD PANNETONE ,6.06,18.98,82.86,125.25,Medium
22814,CARD PARTY GAMES ,4.2,13.92,60.77,90.13,Medium
22815,CARD PSYCHEDELIC APPLES,4.81,10.97,47.89,81.54,Medium
22816,CARD MOTORBIKE SANTA,9.1,21.5,93.86,157.53,Medium
22817,CARD SUKI BIRTHDAY,4.97,11.27,49.22,84.0,Medium
22818,CARD CHRISTMAS VILLAGE,8.39,22.04,96.22,154.95,Medium
22819,"BIRTHDAY CARD, RETRO SPOT",4.94,12.4,54.14,88.73,Medium
22820,GIFT BAG BIRTHDAY,2.03,11.06,48.3,62.54,Medium
22821,GIFT BAG PSYCHEDELIC APPLES,2.2,6.26,27.35,42.73,Medium
22822,CREAM WALL PLANTER HEART SHAPED,1.11,2.77,12.1,19.89,Low
22823,CHEST NATURAL WOOD 20 DRAWERS,0.06,0.4,1.73,2.18,Low
22824,3 TIER SWEETHEART GARDEN SHELF,0.15,0.52,2.27,3.3,Low
22825,DECORATIVE PLANT POT WITH FRIEZE,0.19,0.94,4.09,5.4,Low
22826,LOVE SEAT ANTIQUE WHITE METAL,0.16,0.58,2.53,3.61,Low
22827,RUSTIC  SEVENTEEN DRAWER SIDEBOARD,0.09,0.4,1.75,2.4,Low
22828,REGENCY MIRROR WITH SHUTTERS,0.03,0.21,0.9,1.08,Low
22829,SWEETHEART WIRE WALL TIDY,0.57,1.49,6.5,10.49,Low
22830,UTILTY CABINET WITH HOOKS,0.35,5.2,22.69,25.14,Low
22831,WHITE BROCANTE SOAP DISH,1.83,8.36,36.49,49.29,Medium
22832,BROCANTE SHELF WITH HOOKS,0.41,1.37,6.0,8.9,Low
22833,HALL CABINET WITH 3 DRAWERS,0.2,3.72,16.26,17.66,Low
22834,HAND WARMER BABUSHKA DESIGN,12.31,60.72,265.06,351.23,High
22835,HOT WATER BOTTLE I AM SO POORLY,7.86,20.7,90.39,145.39,Medium
22837,HOT WATER BOTTLE BABUSHKA ,2.65,13.06,57.01,75.55,Medium
22838,3 TIER CAKE TIN RED AND CREAM,1.74,8.45,36.9,49.1,Medium
22839,3 TIER CAKE TIN GREEN AND CREAM,0.97,3.65,15.92,22.7,Low
22840,ROUND CAKE TIN VINTAGE RED,2.37,8.78,38.35,54.97,Medium
22841,ROUND CAKE TIN VINTAGE GREEN,1.38,3.66,15.96,25.6,Low
22842,BISCUIT TIN VINTAGE RED,1.53,5.07,22.14,32.84,Medium
22843,BISCUIT TIN VINTAGE GREEN,1.16,4.63,20.2,28.3,Low
22844,VINTAGE CREAM DOG FOOD CONTAINER,2.2,5.05,22.05,37.45,Medium
22845,VINTAGE CREAM CAT FOOD CONTAINER,1.88,5.03,21.95,35.11,Medium
22846,BREAD BIN DINER STYLE RED ,1.67,3.79,16.54,28.26,Low
22847,BREAD BIN DINER STYLE IVORY,2.28,4.63,20.22,36.14,Medium
22848,BREAD BIN DINER STYLE PINK,0.8,2.47,10.77,16.4,Low
22849,BREAD BIN DINER STYLE MINT,0.82,2.49,10.89,16.61,Low
22851,SET 20 NAPKINS FAIRY CAKES DESIGN ,6.95,15.42,67.31,115.99,Medium
22852,DOG BOWL VINTAGE CREAM,0.95,2.31,10.11,16.73,Low
22853,CAT BOWL VINTAGE CREAM,1.15,2.99,13.06,21.12,Low
22854,CREAM SWEETHEART EGG HOLDER,2.01,6.77,29.55,43.59,Medium
22855,FINE WICKER HEART ,6.7,17.26,75.37,122.27,Medium
22856,ASSORTED EASTER DECORATIONS  BELLS,1.51,15.27,66.64,77.2,Medium
22857,ASSORTED EASTER GIFT TAGS,3.05,13.45,58.73,80.1,Medium
22858,EASTER TIN KEEPSAKE,2.88,12.05,52.61,72.79,Medium
22859,EASTER TIN BUNNY BOUQUET,3.06,11.71,51.14,72.55,Medium
22860,EASTER TIN CHICKS PINK DAISY,1.5,6.1,26.64,37.12,Medium
22861,EASTER TIN CHICKS IN GARDEN,0.78,3.82,16.68,22.15,Low
22862,LOVE HEART NAPKIN BOX ,0.37,1.93,8.42,11.02,Low
22863,SOAP DISH BROCANTE,1.85,6.3,27.49,40.42,Medium
22865,HAND WARMER OWL DESIGN,21.54,56.67,247.4,398.18,High
22866,HAND WARMER SCOTTY DOG DESIGN,16.3,46.53,203.14,317.25,High
22867,HAND WARMER BIRD DESIGN,16.02,43.8,191.22,303.39,High
22868,NUMBER TILE COTTAGE GARDEN 0 ,0.14,1.01,4.43,5.42,Low
22869,NUMBER TILE COTTAGE GARDEN 1,0.18,1.07,4.68,5.97,Low
22870,NUMBER TILE COTTAGE GARDEN 2,0.18,1.1,4.8,6.03,Low
22871,NUMBER TILE COTTAGE GARDEN 3 ,0.14,0.98,4.28,5.25,Low
22872,NUMBER TILE COTTAGE GARDEN 4,0.15,0.98,4.29,5.32,Low
22873,NUMBER TILE COTTAGE GARDEN 5,0.13,0.89,3.9,4.78,Low
22874,NUMBER TILE COTTAGE GARDEN 6,0.14,0.99,4.31,5.32,Low
22875,NUMBER TILE COTTAGE GARDEN 7,0.14,0.91,3.97,4.92,Low
22876,NUMBER TILE COTTAGE GARDEN 8,0.14,0.98,4.27,5.24,Low
22877,NUMBER TILE COTTAGE GARDEN 9,0.15,0.99,4.31,5.36,Low
22878,NUMBER TILE COTTAGE GARDEN No,0.14,0.94,4.1,5.07,Low
22879,NUMBER TILE VINTAGE FONT 0,0.17,1.92,8.37,9.53,Low
22880,NUMBER TILE VINTAGE FONT 1,0.19,1.94,8.45,9.76,Low
22881,NUMBER TILE VINTAGE FONT 2,0.21,1.97,8.61,10.09,Low
22882,NUMBER TILE VINTAGE FONT 3,0.22,1.95,8.51,10.06,Low
22883,NUMBER TILE VINTAGE FONT 4,0.21,2.0,8.72,10.18,Low
22884,NUMBER TILE VINTAGE FONT 5,0.2,1.93,8.45,9.85,Low
22885,NUMBER TILE VINTAGE FONT 6 ,0.21,2.0,8.73,10.2,Low
22886,NUMBER TILE VINTAGE FONT 7,0.2,1.96,8.56,9.94,Low
22887,NUMBER TILE VINTAGE FONT 8,0.18,1.92,8.38,9.61,Low
22888,NUMBER TILE VINTAGE FONT 9 ,0.17,1.92,8.39,9.57,Low
22889,NUMBER TILE VINTAGE FONT No ,0.38,5.31,23.16,25.84,Low
22890,NOVELTY BISCUITS CAKE STAND 3 TIER,0.96,2.51,10.97,17.71,Low
22891,TEA FOR ONE POLKADOT,0.91,2.76,12.06,18.44,Low
22892,SET OF SALT AND PEPPER TOADSTOOLS,6.56,12.68,55.37,101.32,Medium
22893,MINI CAKE STAND T-LIGHT HOLDER,3.91,18.5,80.77,108.17,Medium
22894,TABLECLOTH RED APPLES DESIGN ,0.78,1.84,8.04,13.49,Low
22895,SET OF 2 TEA TOWELS APPLE AND PEARS,5.28,15.33,66.92,103.88,Medium
22896,PEG BAG APPLES DESIGN,3.98,10.71,46.78,74.66,Medium
22897,OVEN MITT APPLES DESIGN,3.47,8.23,35.92,60.17,Medium
22898,CHILDRENS APRON APPLES DESIGN,5.85,13.5,58.94,99.91,Medium
22899,CHILDREN'S APRON DOLLY GIRL ,5.3,12.7,55.44,92.52,Medium
22900, SET 2 TEA TOWELS I LOVE LONDON ,12.21,40.49,176.76,262.25,High
22902,TOTE BAG I LOVE LONDON,3.22,11.37,49.64,72.18,Medium
22903,CALENDAR FAMILY FAVOURITES,0.41,2.45,10.69,13.55,Low
22904,CALENDAR PAPER CUT DESIGN,4.72,11.98,52.29,85.3,Medium
22905,CALENDAR IN SEASON DESIGN,1.28,6.24,27.24,36.17,Medium
22906,12 MESSAGE CARDS WITH ENVELOPES,4.33,10.81,47.19,77.53,Medium
22907,PACK OF 20 NAPKINS PANTRY DESIGN,16.28,27.68,120.84,234.78,High
22908,PACK OF 20 NAPKINS RED APPLES,11.31,32.89,143.6,222.75,High
22909,SET OF 20 VINTAGE CHRISTMAS NAPKINS,21.69,56.18,245.24,397.05,High
22910,PAPER CHAIN KIT VINTAGE CHRISTMAS,25.2,52.81,230.53,406.9,High
22911,PAPER CHAIN KIT LONDON,1.17,5.41,23.61,31.79,Medium
22912,YELLOW COAT RACK PARIS FASHION,0.72,3.98,17.37,22.42,Low
22913,RED COAT RACK PARIS FASHION,0.87,5.81,25.38,31.5,Medium
22914,BLUE COAT RACK PARIS FASHION,1.14,5.89,25.7,33.7,Medium
22915,ASSORTED BOTTLE TOP  MAGNETS ,7.83,24.36,106.34,161.14,Medium
22916,HERB MARKER THYME,4.86,14.59,63.7,97.69,Medium
22917,HERB MARKER ROSEMARY,4.95,14.7,64.17,98.82,Medium
22918,HERB MARKER PARSLEY,4.74,14.45,63.08,96.23,Medium
22919,HERB MARKER MINT,4.45,10.8,47.13,78.29,Medium
22920,HERB MARKER BASIL,8.89,79.44,346.78,409.01,High
22921,HERB MARKER CHIVES ,4.39,14.39,62.83,93.58,Medium
22922,FRIDGE MAGNETS US DINER ASSORTED,3.96,12.25,53.48,81.22,Medium
22923,FRIDGE MAGNETS LES ENFANTS ASSORTED,3.39,12.46,54.39,78.14,Medium
22924,FRIDGE MAGNETS LA VIE EN ROSE,3.13,10.75,46.93,68.83,Medium
22925,BLUE GIANT GARDEN THERMOMETER,1.14,2.86,12.48,20.46,Low
22926,IVORY GIANT GARDEN THERMOMETER,1.51,4.21,18.37,28.97,Low
22927,GREEN GIANT GARDEN THERMOMETER,1.06,3.18,13.89,21.28,Low
22928,YELLOW GIANT GARDEN THERMOMETER,0.67,2.47,10.78,15.48,Low
22929,SCHOOL DESK AND CHAIR ,0.05,0.33,1.43,1.79,Low
22930,BAKING MOULD HEART MILK CHOCOLATE,2.78,11.88,51.86,71.32,Medium
22931,BAKING MOULD HEART WHITE CHOCOLATE,2.12,10.46,45.68,60.5,Medium
22932,BAKING MOULD TOFFEE CUP CHOCOLATE,2.33,15.25,66.57,82.89,Medium
22933,BAKING MOULD EASTER EGG MILK CHOC,2.34,16.71,72.96,89.35,Medium
22934,BAKING MOULD EASTER EGG WHITE CHOC,1.5,7.16,31.26,41.74,Medium
22935,BAKING MOULD ROSE MILK CHOCOLATE,1.8,9.44,41.2,53.8,Medium
22936,BAKING MOULD ROSE WHITE CHOCOLATE,0.69,5.4,23.55,28.38,Low
22937,BAKING MOULD CHOCOLATE CUPCAKES,2.51,6.67,29.14,46.71,Medium
22938,CUPCAKE LACE PAPER SET 6,6.21,15.48,67.56,111.0,Medium
22939,APRON APPLE DELIGHT,1.19,4.54,19.8,28.15,Low
22940,FELTCRAFT CHRISTMAS FAIRY,5.03,20.01,87.37,122.58,Medium
22941,CHRISTMAS LIGHTS 10 REINDEER,4.2,22.23,97.05,126.43,Medium
22942,CHRISTMAS LIGHTS 10 SANTAS ,1.55,5.53,24.14,34.99,Medium
22943,CHRISTMAS LIGHTS 10 VINTAGE BAUBLES,3.41,13.64,59.54,83.38,Medium
22944,CHRISTMAS METAL POSTCARD WITH BELLS,7.23,27.86,121.61,172.22,Medium
22945,CHRISTMAS METAL TAGS ASSORTED ,7.64,23.44,102.33,155.8,Medium
22946,WOODEN ADVENT CALENDAR CREAM,0.99,4.93,21.54,28.44,Low
22947,WOODEN ADVENT CALENDAR RED,1.43,5.4,23.58,33.62,Medium
22948,METAL DECORATION NAUGHTY CHILDREN ,3.89,11.5,50.2,77.42,Medium
22949,36 DOILIES DOLLY GIRL,2.5,11.53,50.35,67.85,Medium
22950,36 DOILIES VINTAGE CHRISTMAS,13.85,53.52,233.64,330.57,High
22951,60 CAKE CASES DOLLY GIRL DESIGN,19.28,43.16,188.43,323.39,High
22952,60 CAKE CASES VINTAGE CHRISTMAS,39.4,95.38,416.37,692.18,High
22953,BIRTHDAY PARTY CORDON BARRIER TAPE,1.23,4.31,18.83,27.44,Low
22954,HEN PARTY CORDON BARRIER TAPE,0.43,2.19,9.56,12.55,Low
22955,36 FOIL STAR CAKE CASES ,2.67,10.67,46.56,65.22,Medium
22956,36 FOIL HEART CAKE CASES,5.34,19.23,83.93,121.33,Medium
22957,SET 3 PAPER VINTAGE CHICK PAPER EGG,4.67,17.15,74.89,107.57,Medium
22959,WRAP CHRISTMAS VILLAGE,13.04,41.04,179.18,270.44,High
22960,JAM MAKING SET WITH JARS,21.76,31.91,139.28,291.63,High
22961,JAM MAKING SET PRINTED,40.21,67.62,295.19,576.67,High
22962,JAM JAR WITH PINK LID,9.83,26.28,114.73,183.52,Medium
22963,JAM JAR WITH GREEN LID,8.21,20.01,87.35,144.81,Medium
22964,3 PIECE SPACEBOY COOKIE CUTTER SET,6.71,21.91,95.66,142.64,Medium
22965,3 TRADITIONAL COOKIE CUTTERS  SET,3.52,10.16,44.36,68.99,Medium
22966,GINGERBREAD MAN COOKIE CUTTER,19.24,36.31,158.52,293.2,High
22967,SET 3 SONG BIRD PAPER EGGS ASSORTED,3.1,14.89,64.99,86.68,Medium
22968,ROSE COTTAGE KEEPSAKE BOX ,1.95,8.42,36.75,50.38,Medium
22969,HOMEMADE JAM SCENTED CANDLES,32.3,97.18,424.24,650.34,High
22970,LONDON BUS COFFEE MUG,11.26,36.98,161.43,240.28,High
22971,QUEENS GUARD COFFEE MUG,6.32,17.08,74.55,118.81,Medium
22972,CHILDREN'S SPACEBOY MUG,4.58,9.4,41.03,73.08,Medium
22973,CHILDREN'S CIRCUS PARADE MUG,3.17,8.55,37.32,59.52,Medium
22974,CHILDRENS DOLLY GIRL MUG,4.05,12.21,53.31,81.64,Medium
22975,SPACEBOY CHILDRENS EGG CUP,2.99,6.24,27.23,48.16,Medium
22976,CIRCUS PARADE CHILDRENS EGG CUP ,2.73,6.19,27.03,46.16,Medium
22977,DOLLY GIRL CHILDRENS EGG CUP,2.42,6.21,27.12,44.04,Medium
22978,PANTRY ROLLING PIN,6.43,40.33,176.05,221.08,High
22979,PANTRY WASHING UP BRUSH,10.46,41.1,179.42,252.66,High
22980,PANTRY SCRUBBING BRUSH,6.11,14.97,65.37,108.16,Medium
22981,PANTRY APPLE CORER,1.16,7.85,34.27,42.41,Medium
22982,PANTRY PASTRY BRUSH,2.79,7.51,32.76,52.3,Medium
22983,CARD BILLBOARD FONT,13.44,24.77,108.14,202.21,High
22984,CARD GINGHAM ROSE ,7.1,18.97,82.83,132.51,Medium
22985,"WRAP, BILLBOARD FONTS DESIGN",10.03,46.34,202.32,272.51,High
22986,GINGHAM ROSE WRAP,10.97,21.19,92.52,169.28,Medium
22987,WRAP SUMMER ROSE DESIGN,0.27,2.58,11.24,13.11,Low
22988,SOLDIERS EGG CUP ,23.41,66.96,292.3,456.2,High
22989,SET 2 PANTRY DESIGN TEA TOWELS,7.2,25.93,113.2,163.6,Medium
22990,COTTON APRON PANTRY DESIGN,1.61,7.36,32.13,43.4,Medium
22991,GIRAFFE WOODEN RULER,9.91,39.12,170.8,240.2,High
22992,REVOLVER WOODEN RULER ,13.14,46.07,201.12,293.1,High
22993,SET OF 4 PANTRY JELLY MOULDS,31.47,45.48,198.53,418.81,High
22994,TRAVEL CARD WALLET RETROSPOT,5.63,14.87,64.9,104.28,Medium
22995,TRAVEL CARD WALLET SUKI,5.96,15.98,69.74,111.44,Medium
22996,TRAVEL CARD WALLET VINTAGE TICKET,12.14,34.02,148.5,233.47,High
22997,TRAVEL CARD WALLET UNION JACK,6.62,14.14,61.73,108.09,Medium
22998,TRAVEL CARD WALLET KEEP CALM,31.14,81.3,354.91,572.87,High
22999,TRAVEL CARD WALLET RETRO PETALS,7.51,25.54,111.5,164.07,Medium
23000,TRAVEL CARD WALLET TRANSPORT,8.13,18.35,80.11,137.05,Medium
23002,TRAVEL CARD WALLET SKULLS,5.49,15.98,69.74,108.15,Medium
23003,TRAVEL CARD WALLET VINTAGE ROSE ,1.45,10.7,46.71,56.83,Medium
23004,TRAVEL CARD WALLET PANTRY,4.95,12.03,52.5,87.18,Medium
23005,TRAVEL CARD WALLET I LOVE LONDON,11.62,43.7,190.76,272.1,High
23006,TRAVEL CARD WALLET FLOWER MEADOW,4.53,11.38,49.7,81.39,Medium
23007, SPACEBOY BABY GIFT SET,1.2,3.58,15.62,24.02,Low
23008,DOLLY GIRL BABY GIFT SET,1.12,3.61,15.74,23.58,Low
23009,I LOVE LONDON BABY GIFT SET,0.56,2.27,9.91,13.82,Low
23010,CIRCUS PARADE BABY GIFT SET,0.76,2.95,12.87,18.21,Low
23012,GLASS APOTHECARY BOTTLE PERFUME,2.71,5.89,25.69,44.67,Medium
23013,GLASS APOTHECARY BOTTLE TONIC,2.31,5.15,22.5,38.69,Medium
23014,GLASS APOTHECARY BOTTLE ELIXIR,2.13,5.41,23.62,38.56,Medium
23015,CORDIAL GLASS JUG,0.1,0.56,2.46,3.13,Low
23016,GLASS TWIST BON BON JAR,0.18,1.08,4.72,6.01,Low
23017,APOTHECARY MEASURING JAR,0.17,0.98,4.26,5.46,Low
23018,LARGE APOTHECARY MEASURING JAR ,0.13,1.0,4.34,5.28,Low
23019,SMALL APOTHECARY MEASURING JAR ,0.22,1.2,5.24,6.76,Low
23020,GLASS  SONGBIRD STORAGE JAR,0.47,1.65,7.21,10.5,Low
23021,GLASS BONNE JAM JAR,0.31,1.68,7.35,9.54,Low
23022,SMALL BONNE JAM JAR  T-LIGHT HOLDER,1.11,7.15,31.2,38.98,Medium
23023,RIDGED BONNE JAM JAR T-LIGHT HOLDER,0.7,4.12,17.99,22.86,Low
23024,LARGE BONNE JAM JAR  T-LIGHT HOLDER,0.68,6.43,28.07,32.83,Medium
23025,DRAWER KNOB VINTAGE GLASS BALL,0.85,3.06,13.38,19.31,Low
23026,DRAWER KNOB VINTAGE GLASS STAR,1.34,6.09,26.57,35.99,Medium
23027,DRAWER KNOB VINTAGE GLASS HEXAGON,0.77,4.14,18.06,23.43,Low
23028,DRAWER KNOB CRACKLE GLAZE BLUE,3.32,12.74,55.61,78.84,Medium
23029,DRAWER KNOB CRACKLE GLAZE GREEN,3.43,10.5,45.83,69.86,Medium
23031,DRAWER KNOB CRACKLE GLAZE PINK,3.28,10.09,44.04,67.03,Medium
23032,DRAWER KNOB CRACKLE GLAZE IVORY,6.02,16.43,71.73,113.84,Medium
23033,DRAWER KNOB CERAMIC RED,1.82,8.23,35.94,48.65,Medium
23034,DRAWER KNOB CERAMIC BLACK,2.5,9.4,41.02,58.52,Medium
23035,DRAWER KNOB CERAMIC IVORY,5.54,16.33,71.3,110.07,Medium
23036,T-LIGHT HOLDER SILVER PETIT FOUR ,0.49,2.67,11.63,15.04,Low
23037,CANDLE HOLDER SILVER MADELINE,0.52,2.69,11.73,15.34,Low
23038,T-LIGHT HOLDER SILVER SAUCER,0.11,1.08,4.73,5.5,Low
23039,T-LIGHT HOLDER SILVER HEART HANDLE,0.51,2.75,11.99,15.58,Low
23040,PAPER LANTERN 9 POINT SNOW STAR ,0.66,6.32,27.61,32.21,Medium
23041,PAPER LANTERN 9 POINT SNOW STAR,0.7,3.1,13.52,18.39,Low
23042,PAPER LANTERN 7 POINT SNOW STAR,0.26,1.44,6.28,8.14,Low
23043,PAPER LANTERN 9 POINT HOLLY STAR 40,0.2,1.24,5.4,6.8,Low
23044,PAPER LANTERN 9 POINT HOLLY STAR S,0.27,1.52,6.62,8.49,Low
23045,PAPER LANTERN 5 POINT STAR MOON 30,0.31,2.0,8.74,10.91,Low
23046,PAPER LANTERN 9 POINT DELUXE STAR,0.93,12.48,54.49,60.99,Medium
23047,PAPER LANTERN 5 POINT SEQUIN STAR,0.16,0.76,3.33,4.42,Low
23048,SET OF 10 LANTERNS FAIRY LIGHT STAR,1.5,10.88,47.49,57.97,Medium
23049,RECYCLED ACAPULCO MAT RED,1.16,2.65,11.56,19.71,Low
23050,RECYCLED ACAPULCO MAT GREEN,1.23,2.75,12.01,20.6,Low
23051,RECYCLED ACAPULCO MAT BLUE,0.9,2.22,9.7,15.97,Low
23052,RECYCLED ACAPULCO MAT TURQUOISE,1.53,3.12,13.61,24.3,Low
23053,RECYCLED ACAPULCO MAT PINK,0.85,2.41,10.5,16.45,Low
23054,RECYCLED ACAPULCO MAT LAVENDER,0.71,1.69,7.38,12.36,Low
23055,IVORY CHANDELIER T-LIGHT HOLDER,1.5,14.87,64.9,75.38,Medium
23056,FLOWERS CHANDELIER T-LIGHT HOLDER,2.32,28.49,124.37,140.57,Medium
23057,GEMSTONE CHANDELIER T-LIGHT HOLDER,1.8,15.16,66.16,78.78,Medium
23058,CHRISTMAS HANGING SNOWFLAKE,1.3,5.92,25.86,34.96,Medium
23060,HEART BEADED TRELLIS DECORATION,0.65,2.4,10.5,15.06,Low
23061,VINTAGE EMBOSSED HEART,2.53,6.71,29.28,46.98,Medium
23064,CINDERELLA CHANDELIER ,0.59,6.64,28.99,33.11,Medium
23065,LARGE DECO JEWELLERY STAND,0.68,3.12,13.61,18.4,Low
23066,SMALL DECO JEWELLERY STAND,0.66,3.12,13.61,18.2,Low
23067,HANGING ENGRAVED METAL HEART,0.73,2.42,10.56,15.69,Low
23068,ALUMINIUM STAMPED HEART,2.14,6.03,26.34,41.33,Medium
23069,EDWARDIAN PHOTO FRAME,0.23,0.94,4.1,5.73,Low
23070,EDWARDIAN HEART PHOTO FRAME,0.39,1.44,6.28,9.03,Low
23071,MARIE ANTOIENETT TRINKET BOX GOLD,0.84,8.4,36.66,42.52,Medium
23072,MARIE ANTOINETTE TRINKET BOX SILVER,0.87,9.44,41.22,47.32,Medium
23073,GEORGIAN TRINKET BOX,0.38,1.76,7.68,10.32,Low
23074,EMBOSSED HEART TRINKET BOX,0.59,3.04,13.25,17.39,Low
23075,DOUBLE CERAMIC PARLOUR HOOK,1.24,4.26,18.59,27.29,Low
23076,ICE CREAM SUNDAE LIP GLOSS,21.11,39.93,174.33,322.11,High
23077,DOUGHNUT LIP GLOSS ,25.78,55.21,241.02,421.49,High
23078,ICE CREAM PEN LIP GLOSS ,17.67,35.45,154.76,278.42,High
23079,TOADSTOOL BEDSIDE LIGHT ,0.66,1.94,8.47,13.12,Low
23080,RED METAL BOX TOP SECRET,2.67,11.46,50.01,68.69,Medium
23081,GREEN METAL BOX ARMY SUPPLIES,1.21,4.61,20.13,28.61,Low
23082,SET 6 PAPER TABLE LANTERN HEARTS ,6.04,14.18,61.9,104.2,Medium
23083,SET 6 PAPER TABLE LANTERN STARS ,4.97,13.38,58.41,93.21,Medium
23084,RABBIT NIGHT LIGHT,72.6,265.28,1158.09,1666.3,High
23085,ANTIQUE SILVER BAUBLE LAMP  ,0.99,3.68,16.07,22.98,Low
23086,ZINC  STAR T-LIGHT HOLDER ,3.18,19.4,84.67,106.96,Medium
23087,ZINC  HEART T-LIGHT HOLDER,2.22,10.48,45.73,61.27,Medium
23088,ZINC HEART FLOWER T-LIGHT HOLDER,2.03,6.91,30.19,44.41,Medium
23089,GLASS BON BON JAR,5.71,25.07,109.43,149.39,Medium
23090,VINTAGE GLASS T-LIGHT HOLDER,5.69,18.87,82.37,122.21,Medium
23091,ZINC HERB GARDEN CONTAINER,1.49,3.78,16.52,26.99,Low
23092,LARGE ANTIQUE WHITE PHOTO FRAME,1.36,7.94,34.66,44.15,Medium
23093,SMALL PARISIENNE HEART PHOTO FRAME ,2.45,9.84,42.94,60.07,Medium
23094,LE GRAND TRAY CHIC SET,0.39,1.23,5.36,8.12,Low
23096,PETIT TRAY CHIC,2.66,8.91,38.89,57.48,Medium
23099,FRENCH CARRIAGE LANTERN,0.35,1.19,5.19,7.66,Low
23100,SILVER BELLS TABLE DECORATION,5.59,13.48,58.83,97.95,Medium
23101,SILVER STARS TABLE DECORATION,5.19,13.96,60.93,97.28,Medium
23102,SILVER HEARTS TABLE DECORATION,3.29,9.53,41.61,64.65,Medium
23103,BELL HEART DECORATION,10.51,22.45,98.02,171.6,Medium
23104,IVORY PANTRY HANGING LAMP ,0.31,1.67,7.3,9.47,Low
23106,ZINC HEARTS PLANT POT HOLDER,0.76,2.56,11.19,16.48,Low
23107,WHITE WIRE PLANT POT HOLDER,0.91,3.01,13.14,19.5,Low
23108,SET OF 10 LED DOLLY LIGHTS,5.86,24.17,105.52,146.54,Medium
23109,LED TEA LIGHTS,6.18,16.65,72.67,115.91,Medium
23110,PARISIENNE KEY CABINET ,1.77,4.16,18.16,30.56,Medium
23111,PARISIENNE SEWING BOX,0.79,2.43,10.6,16.14,Low
23112,PARISIENNE CURIO CABINET,1.26,2.96,12.93,21.74,Low
23113,PANTRY CHOPPING BOARD,3.04,48.79,213.0,234.3,High
23114,VINTAGE LEAF CHOPPING BOARD  ,0.39,2.68,11.7,14.4,Low
23115,RED APPLES CHOPPING BOARD   ,0.39,2.41,10.53,13.22,Low
23116,VEGETABLE GARDEN CHOPPING BOARD,0.19,1.94,8.47,9.78,Low
23117,POPPY FIELDS CHOPPING BOARD,0.23,0.96,4.2,5.79,Low
23118,PARISIENNE JEWELLERY DRAWER ,2.05,6.78,29.59,43.91,Medium
23119,PACK OF 6 LARGE FRUIT STRAWS ,5.76,22.46,98.07,138.4,Medium
23120,PACK OF 6 SMALL FRUIT STRAWS,4.32,22.87,99.82,130.09,Medium
23121,PACK OF 6 COCKTAIL PARASOL STRAWS,6.58,33.49,146.2,192.25,Medium
23122,PARTY CHARMS 50 PIECES,5.59,34.32,149.85,188.98,Medium
23123,COCKTAIL SWORDS 50 PIECES,2.4,12.61,55.05,71.87,Medium
23124,18PC WOODEN CUTLERY SET DISPOSABLE,1.34,10.38,45.33,54.74,Medium
23125,6PC WOOD PLATE SET DISPOSABLE,1.08,15.71,68.58,76.16,Medium
23126,DOLLCRAFT GIRL AMELIE KIT,2.9,6.14,26.81,47.1,Medium
23127,DOLLCRAFT GIRL NICOLE,1.91,4.39,19.16,32.5,Medium
23128,FELTCRAFT BOY JEAN-PAUL KIT,1.15,3.27,14.25,22.32,Low
23129,HEART SHAPED HOLLY WREATH,2.52,8.2,35.8,53.43,Medium
23130,MISTLETOE HEART WREATH GREEN,2.45,7.44,32.5,49.68,Medium
23131,MISTLETOE HEART WREATH CREAM,2.39,13.78,60.18,76.89,Medium
23132,SMALL IVORY HEART WALL ORGANISER,2.7,13.06,57.01,75.87,Medium
23133,LARGE IVORY HEART WALL ORGANISER,2.03,11.02,48.09,62.3,Medium
23134,LARGE ZINC HEART WALL ORGANISER,2.84,27.49,120.02,139.93,Medium
23135,SMALL ZINC HEART WALL ORGANISER,4.11,34.62,151.14,179.92,Medium
23136,IVORY WIRE SWEETHEART LETTER TRAY,0.34,1.34,5.83,8.21,Low
23137,ZINC WIRE SWEETHEART LETTER TRAY,0.21,1.56,6.8,8.3,Low
23138,SINGLE WIRE HOOK IVORY HEART,2.33,13.92,60.79,77.07,Medium
23139,SINGLE WIRE HOOK PINK HEART,1.09,13.12,57.28,64.88,Medium
23140,TRIPLE WIRE HOOK IVORY HEART,0.43,2.07,9.05,12.05,Low
23141,TRIPLE WIRE HOOK PINK HEART,0.18,1.09,4.76,6.03,Low
23142,IVORY WIRE KITCHEN ORGANISER,0.31,2.88,12.59,14.76,Low
23143,ZINC WIRE KITCHEN ORGANISER,0.07,0.56,2.45,2.92,Low
23144,ZINC T-LIGHT HOLDER STARS SMALL,13.09,33.0,144.08,235.68,High
23145,ZINC T-LIGHT HOLDER STAR LARGE,5.49,12.5,54.57,93.02,Medium
23146,TRIPLE HOOK ANTIQUE IVORY ROSE,2.08,4.31,18.82,33.38,Medium
23147,SINGLE ANTIQUE ROSE HOOK IVORY,4.93,8.82,38.49,72.98,Medium
23148,MINIATURE ANTIQUE ROSE HOOK IVORY,5.65,11.5,50.19,89.74,Medium
23149,ANTIQUE IVORY WIRE BOWL SMALL,0.26,1.4,6.1,7.91,Low
23150,IVORY SWEETHEART SOAP DISH,0.37,1.35,5.88,8.48,Low
23151,ZINC SWEETHEART SOAP DISH,0.16,0.96,4.18,5.28,Low
23152,IVORY SWEETHEART WIRE LETTER RACK ,1.45,4.01,17.5,27.62,Low
23153,ZINC SWEETHEART WIRE LETTER RACK,0.66,2.13,9.32,13.96,Low
23154,SET OF 4 JAM JAR MAGNETS,6.53,17.6,76.85,122.54,Medium
23155,KNICKERBOCKERGLORY MAGNET ASSORTED ,5.6,16.4,71.58,110.78,Medium
23156,SET OF 5 MINI GROCERY MAGNETS,4.36,12.79,55.84,86.36,Medium
23157,SET OF 6 NATIVITY MAGNETS ,6.76,25.78,112.55,159.9,Medium
23158,SET OF 5 LUCKY CAT MAGNETS ,6.78,19.89,86.85,134.31,Medium
23159,SET OF 5 PANCAKE DAY MAGNETS,6.03,16.79,73.29,115.5,Medium
23160,REGENCY TEA SPOON,3.72,13.82,60.33,86.38,Medium
23161,REGENCY CAKE FORK,4.3,15.27,66.67,96.77,Medium
23162,REGENCY TEA STRAINER,3.64,11.21,48.93,74.42,Medium
23163,REGENCY SUGAR TONGS,4.58,13.66,59.64,91.72,Medium
23164,REGENCY CAKE SLICE,1.51,6.2,27.07,37.63,Medium
23165,LARGE CERAMIC TOP STORAGE JAR,7.89,21.43,93.55,148.77,Medium
23166,MEDIUM CERAMIC TOP STORAGE JAR,208.33,3837.18,16751.15,18209.47,High
23167,SMALL CERAMIC TOP STORAGE JAR ,15.15,78.69,343.53,449.58,High
23168,CLASSIC SUGAR DISPENSER,7.62,17.83,77.84,131.16,Medium
23169,CLASSIC GLASS SWEET JAR,3.88,7.92,34.56,61.71,Medium
23170,REGENCY TEA PLATE ROSES ,17.55,55.43,241.96,364.8,High
23171,REGENCY TEA PLATE GREEN ,15.95,79.23,345.86,457.53,High
23172,REGENCY TEA PLATE PINK,9.86,25.23,110.13,179.16,Medium
23173,REGENCY TEAPOT ROSES ,7.12,36.47,159.22,209.04,High
23174,REGENCY SUGAR BOWL GREEN,7.9,44.25,193.18,248.47,High
23175,REGENCY MILK JUG PINK ,8.19,44.32,193.49,250.8,High
23176,ABC TREASURE BOOK BOX ,5.58,25.62,111.83,150.91,Medium
23177,TREASURE ISLAND BOOK BOX,6.49,34.81,151.98,197.42,Medium
23178,JAM CLOCK MAGNET,0.83,4.2,18.34,24.12,Low
23179,CLOCK MAGNET MUM'S KITCHEN,0.81,4.69,20.49,26.18,Low
23180,MUM'S KITCHEN CLOCK,0.28,1.14,4.99,6.94,Low
23181,BULL DOG BOTTLE TOP WALL CLOCK,0.49,1.61,7.03,10.49,Low
23182,TOILET SIGN OCCUPIED OR VACANT,9.03,17.58,76.74,139.96,Medium
23183,MOTHER'S KITCHEN SPOON REST ,0.48,1.47,6.41,9.75,Low
23184,BULL DOG BOTTLE OPENER,2.08,5.18,22.62,37.18,Medium
23185,FRENCH STYLE STORAGE JAR JAM,0.85,3.77,16.45,22.38,Low
23186,FRENCH STYLE STORAGE JAR CAFE ,5.3,21.18,92.48,129.57,Medium
23187,FRENCH STYLE STORAGE JAR BONBONS,6.25,20.5,89.48,133.24,Medium
23188,VINTAGE  2 METER FOLDING RULER,8.28,18.63,81.33,139.27,Medium
23189,SET OF 12 FORK CANDLES,3.25,11.21,48.94,71.68,Medium
23190,BUNDLE OF 3 SCHOOL EXERCISE BOOKS  ,4.49,11.97,52.27,83.68,Medium
23191,BUNDLE OF 3 RETRO NOTE BOOKS,5.77,12.67,55.33,95.74,Medium
23192,BUNDLE OF 3 ALPHABET EXERCISE BOOKS,8.74,21.43,93.53,154.72,Medium
23193,BUFFALO BILL TREASURE BOOK BOX,4.94,30.73,134.14,168.71,Medium
23194,GYMKHANNA TREASURE BOOK BOX,4.68,23.99,104.72,137.47,Medium
23196,RETRO LEAVES MAGNETIC NOTEPAD,4.7,11.38,49.68,82.54,Medium
23197,SKETCHBOOK MAGNETIC SHOPPING LIST,3.62,10.91,47.64,72.98,Medium
23198,PANTRY MAGNETIC  SHOPPING LIST,8.19,16.74,73.1,130.42,Medium
23199,JUMBO BAG APPLES,37.1,86.36,377.0,636.69,High
23200,JUMBO BAG PEARS,17.99,39.25,171.34,297.28,High
23201,JUMBO BAG ALPHABET,33.51,71.05,310.19,544.76,High
23202,JUMBO BAG VINTAGE LEAF,28.6,53.15,232.04,432.21,High
23203,JUMBO BAG DOILEY PATTERNS,52.13,104.29,455.28,820.22,High
23204,CHARLOTTE BAG APPLES DESIGN,18.82,40.65,177.47,309.22,High
23205,CHARLOTTE BAG VINTAGE ALPHABET ,13.77,34.22,149.38,245.77,High
23206,LUNCH BAG APPLE DESIGN,30.83,55.76,243.43,459.23,High
23207,LUNCH BAG ALPHABET DESIGN,20.14,45.77,199.8,340.79,High
23208,LUNCH BAG VINTAGE LEAF DESIGN,16.55,29.8,130.09,245.96,High
23209,LUNCH BAG DOILEY PATTERN ,34.72,58.05,253.41,496.44,High
23210,WHITE ROCKING HORSE HAND PAINTED,7.35,21.31,93.04,144.51,Medium
23211,RED ROCKING HORSE HAND PAINTED,5.9,19.48,85.06,126.35,Medium
23212,HEART WREATH DECORATION WITH BELL,5.82,18.85,82.27,122.98,Medium
23213,STAR WREATH DECORATION WITH BELL,4.26,15.03,65.6,95.43,Medium
23214,JINGLE BELL HEART ANTIQUE GOLD,2.06,6.31,27.55,42.0,Medium
23215,JINGLE BELL HEART ANTIQUE SILVER,9.48,42.94,187.47,253.8,High
23216,LAUREL HEART ANTIQUE GOLD,1.39,8.52,37.2,46.9,Medium
23217,LAUREL HEART ANTIQUE SILVER,3.45,15.78,68.88,93.03,Medium
23218,LAUREL STAR ANTIQUE GOLD,0.99,5.56,24.26,31.22,Medium
23219,LAUREL STAR ANTIQUE SILVER ,1.08,4.22,18.43,26.0,Low
23220,REINDEER HEART DECORATION GOLD,2.48,10.08,43.99,61.37,Medium
23221,REINDEER HEART DECORATION SILVER,3.91,12.78,55.8,83.14,Medium
23222,CHRISTMAS TREE HANGING GOLD,2.07,10.35,45.18,59.71,Medium
23223,CHRISTMAS TREE HANGING SILVER ,1.99,7.27,31.72,45.67,Medium
23224,CHERUB HEART DECORATION GOLD,1.92,9.98,43.57,57.02,Medium
23225,CHERUB HEART DECORATION SILVER ,3.47,15.84,69.15,93.41,Medium
23226,FILIGREE HEART DAISY WHITE,3.21,9.59,41.86,64.3,Medium
23227,FILIGREE HEART BUTTERFLY WHITE ,4.26,13.17,57.5,87.3,Medium
23228,FILIGREE HEART BIRD WHITE ,3.74,12.88,56.21,82.36,Medium
23229,VINTAGE DONKEY TAIL GAME ,4.82,14.65,63.94,97.7,Medium
23230,WRAP ALPHABET DESIGN,21.19,45.37,198.05,346.38,High
23231,WRAP DOILEY DESIGN,19.32,31.49,137.46,272.68,High
23232,WRAP VINTAGE PETALS  DESIGN,22.8,51.2,223.5,383.08,High
23233,WRAP POPPIES  DESIGN,13.84,41.63,181.75,278.61,High
23234,BISCUIT TIN VINTAGE CHRISTMAS,4.36,14.25,62.19,92.74,Medium
23235,STORAGE TIN VINTAGE LEAF,1.94,9.25,40.38,53.97,Medium
23236,DOILEY STORAGE TIN,6.53,20.25,88.41,134.13,Medium
23237,SET OF 4 KNICK KNACK TINS LEAVES ,2.79,8.46,36.91,56.43,Medium
23238,SET OF 4 KNICK KNACK TINS LONDON ,4.75,14.9,65.04,98.26,Medium
23239,SET OF 4 KNICK KNACK TINS POPPIES,2.17,6.87,30.0,45.19,Medium
23240,SET OF 4 KNICK KNACK TINS DOILEY ,10.95,26.33,114.93,191.55,Medium
23241,TREASURE TIN GYMKHANA DESIGN,5.36,15.98,69.76,107.28,Medium
23242,TREASURE TIN BUFFALO BILL ,3.82,13.91,60.71,87.47,Medium
23243,SET OF TEA COFFEE SUGAR TINS PANTRY,12.45,82.97,362.2,449.38,High
23244,ROUND STORAGE TIN VINTAGE LEAF,2.47,10.62,46.37,63.68,Medium
23245,SET OF 3 REGENCY CAKE TINS,15.63,44.3,193.38,302.76,High
23247,BISCUIT TIN 50'S CHRISTMAS,5.48,17.49,76.34,114.67,Medium
23249,VINTAGE RED ENAMEL TRIM PLATE,2.11,8.42,36.75,51.54,Medium
23250,VINTAGE RED TRIM ENAMEL BOWL ,2.95,8.82,38.52,59.16,Medium
23251,VINTAGE RED ENAMEL TRIM MUG ,4.4,15.16,66.2,96.99,Medium
23252,VINTAGE RED ENAMEL TRIM JUG ,1.57,5.19,22.66,33.63,Medium
23253,16 PIECE CUTLERY SET PANTRY DESIGN,0.57,2.74,11.97,15.98,Low
23254,CHILDRENS CUTLERY DOLLY GIRL ,4.43,13.45,58.71,89.72,Medium
23255,CHILDRENS CUTLERY CIRCUS PARADE,2.57,9.5,41.47,59.47,Medium
23256,CHILDRENS CUTLERY SPACEBOY ,5.39,12.55,54.81,92.54,Medium
23263,SET OF 3 WOODEN HEART DECORATIONS,9.94,20.44,89.24,158.81,Medium
23264,SET OF 3 WOODEN SLEIGH DECORATIONS,4.93,11.66,50.9,85.37,Medium
23265,SET OF 3 WOODEN TREE DECORATIONS,4.45,10.53,45.95,77.11,Medium
23266,SET OF 3 WOODEN STOCKING DECORATION,5.25,11.62,50.71,87.47,Medium
23267,SET OF 4 SANTA PLACE SETTINGS,3.1,9.54,41.63,63.31,Medium
23268,SET OF 2 CERAMIC CHRISTMAS REINDEER,3.83,23.64,103.2,130.04,Medium
23269,SET OF 2 CERAMIC CHRISTMAS TREES,2.0,8.82,38.51,52.51,Medium
23270,SET OF 2 CERAMIC PAINTED HEARTS ,3.09,12.77,55.75,77.41,Medium
23271,CHRISTMAS TABLE CANDLE SILVER SPIKE,4.33,15.07,65.79,96.09,Medium
23272,TREE T-LIGHT HOLDER WILLIE WINKIE,0.94,3.87,16.89,23.48,Low
23273,HEART T-LIGHT HOLDER WILLIE WINKIE,2.48,6.73,29.4,46.77,Medium
23274,STAR T-LIGHT HOLDER WILLIE WINKIE,3.05,11.41,49.8,71.12,Medium
23275,SET OF 3 HANGING OWLS OLLIE BEAK,9.66,29.66,129.47,197.09,Medium
23280,FOLDING BUTTERFLY MIRROR HOT PINK ,5.33,21.68,94.65,131.97,Medium
23281,FOLDING BUTTERFLY MIRROR RED  ,3.4,17.05,74.43,98.2,Medium
23282,FOLDING BUTTERFLY MIRROR IVORY ,2.01,7.08,30.92,45.01,Medium
23283,DOORMAT VINTAGE LEAVES DESIGN ,2.59,9.87,43.1,61.2,Medium
23284,DOORMAT KEEP CALM AND COME IN,14.27,47.01,205.24,305.15,High
23285,PINK VINTAGE SPOT BEAKER,12.51,109.48,477.95,565.53,High
23286,BLUE VINTAGE SPOT BEAKER,13.1,105.19,459.22,550.95,High
23287,RED VINTAGE SPOT BEAKER,4.74,16.1,70.28,103.49,Medium
23288,GREEN VINTAGE SPOT BEAKER,12.05,109.53,478.17,562.48,High
23289,DOLLY GIRL CHILDRENS BOWL,4.15,14.91,65.1,94.16,Medium
23290,SPACEBOY CHILDRENS BOWL,6.33,21.9,95.62,139.92,Medium
23291,DOLLY GIRL CHILDRENS CUP,4.14,15.04,65.65,94.62,Medium
23292,SPACE BOY CHILDRENS CUP,5.56,18.45,80.53,119.48,Medium
23293,SET OF 12 FAIRY CAKE BAKING CASES,22.0,56.14,245.07,399.07,High
23294,SET OF 6 SNACK LOAF BAKING CASES,11.4,36.37,158.76,238.56,High
23295,SET OF 12 MINI LOAF BAKING CASES,15.93,41.7,182.04,293.54,High
23296,SET OF 6 TEA TIME BAKING CASES,13.04,39.63,172.99,264.28,High
23297,SET 40 HEART SHAPE PETIT FOUR CASES,11.39,50.2,219.13,298.86,High
23298,SPOTTY BUNTING,20.8,41.01,179.05,324.64,High
23299,FOOD COVER WITH BEADS SET 2 ,2.62,10.98,47.94,66.28,Medium
23300,GARDENERS KNEELING PAD CUP OF TEA ,16.8,49.55,216.31,333.94,High
23301,GARDENERS KNEELING PAD KEEP CALM ,20.65,39.63,173.02,317.55,High
23302,KNEELING MAT HOUSEWORK  DESIGN,3.94,17.9,78.15,105.72,Medium
23303,SET 4 PICNIC CUTLERY FONDANT,0.17,1.62,7.08,8.3,Low
23304,SET 4 PICNIC CUTLERY CHERRY ,0.19,1.63,7.12,8.45,Low
23305,SET 4 PICNIC CUTLERY BLUEBERRY,0.22,1.81,7.88,9.42,Low
23306,SET OF 36 DOILIES PANTRY DESIGN,7.2,21.99,96.0,146.38,Medium
23307,SET OF 60 PANTRY DESIGN CAKE CASES ,31.18,74.87,326.85,545.1,High
23308,SET OF 60 VINTAGE LEAF CAKE CASES ,15.92,47.43,207.06,318.51,High
23309,SET OF 60 I LOVE LONDON CAKE CASES ,20.51,65.94,287.85,431.41,High
23310,BUBBLEGUM RING ASSORTED,31.79,78.79,343.94,566.5,High
23311,VINTAGE CHRISTMAS STOCKING ,5.88,13.08,57.08,98.24,Medium
23312,VINTAGE CHRISTMAS GIFT SACK,3.65,11.17,48.74,74.27,Medium
23313,VINTAGE CHRISTMAS BUNTING,7.35,19.2,83.84,135.27,Medium
23314,VINTAGE CHRISTMAS TABLECLOTH,1.05,5.56,24.29,31.61,Medium
23315,IVORY REFECTORY CLOCK,0.54,2.11,9.21,12.99,Low
23316,RED REFECTORY CLOCK ,0.63,1.94,8.48,12.88,Low
23317,BLUE REFECTORY CLOCK ,0.43,1.48,6.46,9.47,Low
23318,BOX OF 6 MINI VINTAGE CRACKERS,9.75,26.44,115.41,183.63,Medium
23319,BOX OF 6 MINI 50'S CRACKERS,9.41,26.55,115.92,181.8,Medium
23320,GIANT 50'S CHRISTMAS CRACKER,7.03,17.08,74.56,123.74,Medium
23321,SMALL WHITE HEART OF WICKER,11.4,20.25,88.41,168.18,Medium
23322,LARGE WHITE HEART OF WICKER,7.73,16.41,71.64,125.77,Medium
23323,WHITE WICKER STAR ,3.8,9.3,40.61,67.22,Medium
23324,RUSTIC STRAWBERRY JAMPOT LARGE ,1.02,4.87,21.25,28.38,Low
23325,RUSTIC STRAWBERRY JAMPOT SMALL,1.19,5.67,24.75,33.06,Medium
23326,HANGING MINI COLOURED BOTTLES,9.01,38.24,166.95,230.01,High
23327,HANGING CLEAR MINI BOTTLE,4.57,24.73,107.95,139.95,Medium
23328,SET 6 SCHOOL MILK BOTTLES IN CRATE,5.52,16.83,73.48,112.09,Medium
23329,DECORATIVE WICKER HEART LARGE,4.55,11.49,50.18,82.01,Medium
23330,DECORATIVE WICKER HEART MEDIUM,4.68,14.72,64.28,97.05,Medium
23331,DECORATIVE WICKER HEART SMALL,3.99,13.43,58.61,86.53,Medium
23332,IVORY WICKER HEART LARGE,5.29,13.22,57.69,94.73,Medium
23333,IVORY WICKER HEART MEDIUM,5.37,13.18,57.54,95.14,Medium
23334,IVORY WICKER HEART SMALL,5.76,17.59,76.78,117.1,Medium
23335,EGG FRYING PAN IVORY ,0.96,4.3,18.77,25.47,Low
23336,EGG FRYING PAN PINK ,0.53,2.04,8.89,12.62,Low
23337,EGG FRYING PAN MINT ,0.45,1.68,7.34,10.5,Low
23338,EGG FRYING PAN RED ,1.08,4.82,21.03,28.61,Low
23339,EGG FRYING PAN BLUE ,0.4,1.7,7.43,10.24,Low
23340,VINTAGE CHRISTMAS CAKE FRILL,6.56,33.12,144.59,190.51,Medium
23341,PINK DINER WALL CLOCK,0.75,2.85,12.43,17.68,Low
23342,MINT DINER WALL CLOCK,0.98,2.9,12.68,19.51,Low
23343,JUMBO BAG VINTAGE CHRISTMAS ,13.11,35.55,155.19,247.0,High
23344,JUMBO BAG 50'S CHRISTMAS ,23.89,55.63,242.87,410.07,High
23345, DOLLY GIRL BEAKER,6.4,35.53,155.11,199.91,High
23346,SPACEBOY BEAKER,6.86,36.54,159.53,207.58,High
23347,I LOVE LONDON BEAKER,2.21,13.02,56.84,72.32,Medium
23348,CHILDRENS TOY COOKING UTENSIL SET,1.81,6.13,26.75,39.41,Medium
23349,ROLL WRAP VINTAGE CHRISTMAS,7.61,22.6,98.64,151.93,Medium
23350,ROLL WRAP VINTAGE SPOT ,6.91,17.61,76.87,125.23,Medium
23351,ROLL WRAP 50'S CHRISTMAS,8.17,20.8,90.82,147.98,Medium
23352,ROLL WRAP 50'S RED CHRISTMAS ,4.26,11.64,50.81,80.63,Medium
23353,6 GIFT TAGS VINTAGE CHRISTMAS ,9.96,27.07,118.19,187.93,Medium
23354,6 GIFT TAGS 50'S CHRISTMAS ,8.94,24.43,106.65,169.22,Medium
23355,HOT WATER BOTTLE KEEP CALM,14.21,35.96,156.97,256.42,High
23356,LOVE HOT WATER BOTTLE,6.22,19.52,85.24,128.75,Medium
23357,HOT WATER BOTTLE SEX BOMB,1.16,4.44,19.4,27.49,Low
23358,HOT STUFF HOT WATER BOTTLE,1.41,5.26,22.97,32.83,Medium
23359,SET OF 12 T-LIGHTS VINTAGE DOILEY,2.61,8.28,36.15,54.42,Medium
23360,SET 8 CANDLES VINTAGE DOILEY,3.06,12.18,53.19,74.64,Medium
23365,SET 12 COLOUR PENCILS LOVE LONDON,4.09,17.13,74.77,103.39,Medium
23366,SET 12 COLOURING PENCILS DOILY,5.13,23.51,102.63,138.55,Medium
23367,SET 12 COLOUR PENCILS SPACEBOY ,7.43,27.35,119.41,171.41,Medium
23368,SET 12 COLOUR PENCILS DOLLY GIRL ,5.75,25.23,110.15,150.43,Medium
23369,SET 36 COLOUR PENCILS LOVE LONDON,2.41,13.83,60.35,77.22,Medium
23370,SET 36 COLOUR PENCILS DOILEY,3.62,14.98,65.39,90.73,Medium
23371,SET 36 COLOUR PENCILS SPACEBOY ,4.01,16.9,73.77,101.81,Medium
23372,SET 36 COLOUR PENCILS DOLLY GIRL,3.46,16.16,70.53,94.75,Medium
23373,VINTAGE CHRISTMAS PAPER GIFT BAG,4.18,19.63,85.71,114.97,Medium
23374,RED SPOT PAPER GIFT BAG,6.53,25.65,111.96,157.71,Medium
23375,50'S CHRISTMAS PAPER GIFT BAG,3.52,14.24,62.15,86.8,Medium
23376,PACK OF 12 VINTAGE CHRISTMAS TISSUE,7.03,28.08,122.6,171.82,Medium
23377,PACK OF 12 DOLLY GIRL TISSUES,3.21,11.27,49.18,71.64,Medium
23378,PACK OF 12 50'S CHRISTMAS TISSUES,9.13,36.72,160.32,224.2,High
23379,PACK OF 12 RED APPLE TISSUES,3.14,23.8,103.91,125.9,Medium
23380,PACK OF 12 VINTAGE DOILY TISSUES,5.77,29.31,127.97,168.38,Medium
23381,PACK OF 12 VINTAGE LEAF TISSUES ,3.94,25.35,110.68,138.27,Medium
23382,BOX OF 6 CHRISTMAS CAKE DECORATIONS,4.58,20.54,89.69,121.73,Medium
23388,WOODLAND MINI BACKPACK,2.11,9.76,42.59,57.36,Medium
23389,SPACEBOY MINI BACKPACK,2.79,11.47,50.08,69.6,Medium
23390,DOLLY GIRL MINI BACKPACK,1.93,9.39,40.98,54.47,Medium
23391, I LOVE LONDON MINI BACKPACK,0.96,4.84,21.13,27.87,Low
23392,SPACEBOY ROCKET LOLLY MAKERS,1.57,10.09,44.04,55.03,Medium
23393,HOME SWEET HOME CUSHION COVER ,2.04,5.58,24.34,38.62,Medium
23394,POSTE FRANCE CUSHION COVER,1.05,3.27,14.27,21.6,Low
23395,BELLE JARDINIERE CUSHION COVER,1.83,5.32,23.22,36.0,Medium
23396,BUTTERFLY CUSHION COVER,1.63,4.91,21.42,32.82,Medium
23397,FOOT STOOL HOME SWEET HOME ,1.16,3.8,16.58,24.71,Low
23398,HANGING HEART BONHEUR,1.57,5.86,25.56,36.55,Medium
23399,HOME SWEET HOME HANGING HEART,4.85,13.3,58.05,92.02,Medium
23400,SHELF WITH 4 HOOKS HOME SWEET HOME,1.2,9.5,41.49,49.88,Medium
23401,RUSTIC MIRROR WITH LACE HEART,1.18,10.41,45.44,53.73,Medium
23402,HOME SWEEET HOME 3 PEG HANGER ,0.75,3.45,15.08,20.32,Low
23403,LETTER HOLDER HOME SWEET HOME,1.59,9.83,42.92,54.05,Medium
23404,HOME SWEET HOME BLACKBOARD,2.59,11.89,51.92,70.06,Medium
23405,HOME SWEET HOME 2 DRAWER CABINET,0.63,2.57,11.2,15.6,Low
23406,HOME SWEET HOME KEY HOLDER,1.16,9.64,42.08,50.2,Medium
23407,SET OF 2 TRAYS HOME SWEET HOME,0.66,1.98,8.64,13.28,Low
23408,PHOTO FRAME LINEN AND LACE SMALL,0.83,2.87,12.52,18.32,Low
23409,PHOTO FRAME LINEN AND LACE LARGE,0.56,2.38,10.38,14.28,Low
23410,CURIO CABINET LINEN AND LACE ,0.1,0.52,2.29,2.96,Low
23411, TRELLIS COAT RACK,0.58,3.28,14.34,18.4,Low
23412,HEART MIRROR ANTIQUE WHITE,0.94,6.75,29.45,36.02,Medium
23413,VINTAGE COFFEE GRINDER BOX,0.42,1.95,8.51,11.43,Low
23414,ZINC BOX SIGN HOME,0.37,1.53,6.66,9.27,Low
23415,HOME SWEET HOME HOOK,0.87,4.27,18.65,24.75,Low
23416,CHAMBRE HOOK,0.33,2.31,10.09,12.39,Low
23417,BATHROOM HOOK,0.37,2.8,12.23,14.85,Low
23418,LAVENDER TOILETTE BOTTLE,1.43,6.56,28.63,38.6,Medium
23419,HOME SWEET HOME BOTTLE ,1.17,4.47,19.52,27.7,Low
23420,PANTRY HOOK TEA STRAINER ,0.43,2.58,11.26,14.23,Low
23421,PANTRY HOOK SPATULA,0.41,2.2,9.59,12.44,Low
23422,PANTRY HOOK BALLOON WHISK ,0.52,2.78,12.13,15.8,Low
23423,PANTRY 3 HOOK ROLLING PIN HANGER,0.54,2.1,9.16,12.94,Low
23424,GINGHAM RECIPE BOOK BOX,1.09,3.49,15.23,22.89,Low
23425,STORAGE TIN HOME SWEET HOME,0.63,3.05,13.32,17.76,Low
23426,METAL SIGN DROP YOUR PANTS,3.29,11.74,51.26,74.29,Medium
23427,STOOL HOME SWEET HOME ,0.61,3.43,14.97,19.22,Low
23428,IVORY RETRO KITCHEN WALL CLOCK,0.19,1.09,4.76,6.07,Low
23429,RED RETRO KITCHEN WALL CLOCK,0.12,0.76,3.3,4.12,Low
23430,BLUE RETRO KITCHEN WALL CLOCK,0.09,0.6,2.61,3.27,Low
23431,NATURAL HANGING QUILTED HEARTS ,3.82,31.11,135.79,162.5,Medium
23432,PRETTY HANGING QUILTED HEARTS,3.4,13.82,60.31,84.12,Medium
23433,HANGING QUILTED PATCHWORK APPLES,3.25,12.39,54.09,76.83,Medium
23434,3 RAFFIA RIBBONS 50'S CHRISTMAS ,4.76,17.03,74.33,107.68,Medium
23435,3 RAFFIA RIBBONS VINTAGE CHRISTMAS,1.81,11.69,51.02,63.67,Medium
23436,GIFT BAG LARGE VINTAGE CHRISTMAS,5.16,27.19,118.7,154.8,Medium
23437, 50'S CHRISTMAS GIFT BAG LARGE,5.1,25.0,109.14,144.87,Medium
23438, RED SPOT GIFT BAG LARGE,4.76,24.98,109.05,142.4,Medium
23439,HAND WARMER RED LOVE HEART,9.95,30.32,132.38,202.02,High
23440,PAINT YOUR OWN EGGS IN CRATE,0.44,7.48,32.64,35.71,Medium
23441,HAND PAINTED HANGING EASTER EGG,0.06,0.74,3.22,3.63,Low
23442,12 HANGING EGGS HAND PAINTED,0.11,0.94,4.1,4.85,Low
23444,Next Day Carriage,0.21,0.56,2.46,3.94,Low
23445,ICE CREAM BUBBLES,7.08,24.77,108.14,157.69,Medium
23446,BLUE BUNNY EASTER EGG BASKET,0.42,7.47,32.61,35.55,Medium
23447,PINK BUNNY EASTER EGG BASKET,0.42,7.47,32.61,35.57,Medium
23448,CREAM BUNNY EASTER EGG BASKET,0.07,0.88,3.83,4.3,Low
23449,SET OF 6 EASTER RAINBOW CHICKS,0.03,0.62,2.71,2.93,Low
23451,SQUARE MINI PORTRAIT FRAME,0.72,2.98,13.02,18.04,Low
23452,HEART MINI PORTRAIT FRAME,1.36,4.78,20.86,30.4,Medium
23453,OVAL  MINI PORTRAIT FRAME,0.84,3.49,15.25,21.15,Low
23454,SET OF 3 MINI HANGING PORTRAITS,0.43,1.92,8.37,11.38,Low
23455,SMALL PARLOUR PICTURE FRAME,0.55,3.43,14.96,18.82,Low
23456,MEDIUM PARLOUR PICTURE FRAME ,0.42,2.24,9.8,12.76,Low
23457,LARGE PARLOUR PICTURE FRAME,0.28,1.69,7.4,9.34,Low
23458,DOLLY CABINET 3 DRAWERS ,0.14,0.62,2.69,3.65,Low
23459,DOLLY CABINET 2 DRAWERS ,0.09,0.43,1.87,2.48,Low
23460,SWEETHEART WALL TIDY ,0.29,1.83,7.99,10.01,Low
23461,SWEETHEART BIRD HOUSE,2.22,32.5,141.87,157.39,Medium
23462,ROCOCO WALL MIRROR WHITE,0.21,1.05,4.57,6.01,Low
23463,VINTAGE ZINC WATERING CAN,0.03,0.24,1.05,1.28,Low
23464,VINTAGE ZINC WATERING CAN SMALL,0.04,0.38,1.65,1.95,Low
23465,TUSCAN VILLA FEEDING STATION,0.07,0.46,2.02,2.54,Low
23466,TUSCAN VILLA DOVECOTE,0.13,0.68,2.97,3.89,Low
23467,VINTAGE ZINC PLANTER  ,0.06,0.58,2.51,2.94,Low
23468,TUSCAN VILLA BIRD TABLE ,0.05,0.37,1.6,1.95,Low
23469,CARD HOLDER LOVE BIRD SMALL,0.86,4.92,21.47,27.46,Low
23470,CARD HOLDER LOVE BIRD LARGE ,0.59,2.68,11.71,15.83,Low
23471,SIX DRAWER OFFICE TIDY,0.17,0.89,3.88,5.08,Low
23472, NINE DRAWER OFFICE TIDY,0.14,0.68,2.98,3.99,Low
23473,WOODLAND SMALL RED FELT HEART,1.78,11.06,48.28,60.73,Medium
23474,WOODLAND SMALL BLUE FELT HEART,0.79,3.67,16.03,21.59,Low
23475,WOODLAND SMALL PINK FELT HEART,0.75,3.69,16.12,21.36,Low
23476,WOODLAND LARGE RED FELT HEART,0.53,3.02,13.18,16.89,Low
23477,WOODLAND LARGE BLUE FELT HEART,0.23,1.63,7.11,8.7,Low
23478,WOODLAND LARGE PINK FELT HEART,0.74,10.65,46.5,51.7,Medium
23479,WIRE EGG BASKET ,0.29,1.54,6.74,8.78,Low
23480,MINI LIGHTS WOODLAND MUSHROOMS,4.59,20.41,89.08,121.22,Medium
23481,PEARLISED IVORY HEART SMALL ,0.58,3.77,16.45,20.52,Low
23482,PEARLISED IVORY HEART LARGE ,1.11,10.02,43.75,51.51,Medium
23483,HANGING  BUTTERFLY T-LIGHT HOLDER,3.5,14.62,63.83,88.35,Medium
23484,HEART TRELLISTRIPLE T-LIGHT HOLDER,0.47,3.01,13.16,16.42,Low
23485,BOTANICAL GARDENS WALL CLOCK ,0.69,7.04,30.74,35.59,Medium
23486,ANTIQUE HEART SHELF UNIT,0.71,7.84,34.24,39.24,Medium
23487,SWEET HEART CAKE CARRIER,0.21,0.95,4.13,5.59,Low
23489,"GARLAND, VINTAGE BELLS",2.34,8.2,35.81,52.21,Medium
23490,T-LIGHT HOLDER HANGING LOVE BIRD,1.43,5.26,22.98,32.95,Medium
23491,VINTAGE JINGLE BELLS HEART,0.6,2.23,9.72,13.95,Low
23492,VINTAGE JINGLE BELLS WREATH,0.2,1.15,5.04,6.43,Low
23493,VINTAGE DOILY TRAVEL SEWING KIT,9.4,27.71,120.98,186.78,Medium
23494,VINTAGE DOILY DELUXE SEWING KIT ,1.93,6.81,29.72,43.24,Medium
23495,SET OF 3 PANTRY WOODEN SPOONS,0.51,2.8,12.2,15.8,Low
23496,PANTRY KITCHEN THERMOMETER ,0.24,1.43,6.25,7.9,Low
23497,CLASSIC CHROME BICYCLE BELL ,6.71,40.48,176.72,223.72,High
23498,CLASSIC BICYCLE CLIPS ,4.24,42.55,185.76,215.47,High
23499,SET 12 VINTAGE DOILY CHALK ,3.33,13.76,60.08,83.36,Medium
23500,KEY RING BASEBALL BOOT ASSORTED ,4.22,15.55,67.86,97.44,Medium
23501,KEY RING BASEBALL BOOT UNION JACK,4.73,19.84,86.62,119.75,Medium
23502,PLAYING CARDS VINTAGE DOILEY ,1.84,7.63,33.31,46.22,Medium
23503,PLAYING CARDS KEEP CALM & CARRY ON,9.18,25.15,109.81,174.04,Medium
23504,PLAYING CARDS JUBILEE UNION JACK,4.44,13.38,58.42,89.51,Medium
23505,PLAYING CARDS I LOVE LONDON ,2.83,14.63,63.87,83.67,Medium
23506,MINI PLAYING CARDS SPACEBOY ,7.2,39.63,173.0,223.42,High
23507,MINI PLAYING CARDS BUFFALO BILL ,7.59,53.78,234.76,287.89,High
23508,MINI PLAYING CARDS DOLLY GIRL ,6.61,38.04,166.06,212.33,High
23509,MINI PLAYING CARDS FUN FAIR ,2.78,27.43,119.72,139.19,Medium
23510,MINI PLAYING CARDS GYMKHANA,6.14,46.2,201.71,244.7,High
23511,EMBROIDERED RIBBON REEL EMILY ,1.4,8.07,35.24,45.04,Medium
23512,EMBROIDERED RIBBON REEL ROSIE,1.29,11.07,48.34,57.39,Medium
23513,EMBROIDERED RIBBON REEL SUSIE ,1.49,11.12,48.52,58.93,Medium
23514,EMBROIDERED RIBBON REEL SALLY ,1.22,7.99,34.86,43.43,Medium
23515,EMBROIDERED RIBBON REEL DAISY ,1.49,11.29,49.31,59.75,Medium
23516,EMBROIDERED RIBBON REEL SOPHIE  ,0.78,5.93,25.9,31.35,Medium
23517,EMBROIDERED RIBBON REEL REBECCA ,0.83,5.97,26.04,31.88,Medium
23518,EMBROIDERED RIBBON REEL RACHEL ,0.95,7.48,32.66,39.35,Medium
23519,EMBROIDERED RIBBON REEL CLAIRE,0.59,5.36,23.41,27.51,Low
23520,EMBROIDERED RIBBON REEL RUBY ,0.44,4.49,19.61,22.7,Low
23521,CAT AND BIRD WALL ART,1.04,13.49,58.88,66.15,Medium
23522,DOG AND BALL WALL ART,0.91,12.49,54.51,60.89,Medium
23523,TREASURE AHOY WALL ART,0.95,8.61,37.61,44.29,Medium
23524,HORSE & PONY WALL ART,1.24,10.07,43.95,52.65,Medium
23525,BUFFALO BILL WALL ART ,1.52,14.34,62.61,73.22,Medium
23526,DOG LICENCE WALL ART,2.36,15.25,66.59,83.1,Medium
23527,ANIMALS AND NATURE WALL ART,1.11,8.72,38.08,45.85,Medium
23528,SPACEBOY WALL ART,1.24,13.64,59.57,68.21,Medium
23529,DOLLY GIRL WALL ART,1.68,16.79,73.3,85.08,Medium
23530,WALL ART ONLY ONE PERSON ,2.77,14.85,64.81,84.22,Medium
23531,WALL ART BIG LOVE ,2.57,15.79,68.93,86.9,Medium
23532,WALL ART WORK REST AND PLAY  ,0.55,7.33,32.01,35.85,Medium
23533,WALL ART GARDEN HAVEN ,0.56,5.93,25.88,29.81,Medium
23534,STOP FOR TEA WALL ART,3.22,17.48,76.33,98.9,Medium
23535,BICYCLE SAFTEY WALL ART,3.0,15.08,65.85,86.87,Medium
23536,VILLAGE SHOW WALL ART,1.64,13.39,58.48,69.95,Medium
23537,I LOVE LONDON WALL ART,0.26,1.73,7.55,9.39,Low
23538,WALL ART VINTAGE HEART,0.87,12.47,54.45,60.55,Medium
23539,WALL ART LOVES' SECRET ,0.63,7.29,31.84,36.27,Medium
23540,WALL ART THE MAGIC FOREST ,0.39,6.83,29.82,32.55,Medium
23541,WALL ART CLASSIC PUDDINGS ,2.22,12.61,55.03,70.55,Medium
23542,70'S ALPHABET WALL ART,1.29,10.17,44.4,53.46,Medium
23543,KEEP CALM WALL ART ,3.28,38.1,166.31,189.27,Medium
23544,WALL ART MID CENTURY MODERN ,0.44,6.74,29.41,32.48,Medium
23545,WRAP RED DOILEY,6.62,19.58,85.48,131.8,Medium
23546,WRAP PAISLEY PARK ,8.69,20.17,88.06,148.88,Medium
23547,WRAP FLOWER SHOP  ,4.21,12.44,54.32,83.79,Medium
23548,WRAP MAGIC FOREST ,2.87,10.03,43.79,63.91,Medium
23549,WRAP BIRD GARDEN ,3.48,10.73,46.86,71.19,Medium
23550,WRAP ALPHABET POSTER  ,4.95,17.34,75.68,110.31,Medium
23551,PACK OF 12 PAISLEY PARK TISSUES ,4.32,14.41,62.91,93.12,Medium
23552,BICYCLE PUNCTURE REPAIR KIT ,4.63,43.83,191.35,223.73,High
23553,LANDMARK FRAME CAMDEN TOWN ,1.49,17.02,74.3,84.73,Medium
23554,LANDMARK FRAME OXFORD STREET,1.12,15.73,68.67,76.51,Medium
23555,LANDMARK FRAME NOTTING HILL ,1.12,15.91,69.45,77.29,Medium
23556,LANDMARK FRAME COVENT GARDEN ,1.16,15.77,68.85,76.99,Medium
23557,LANDMARK FRAME BAKER STREET ,0.93,15.67,68.42,74.92,Medium
23558,LANDMARK FRAME LONDON BRIDGE ,1.1,15.59,68.08,75.75,Medium
23559,WOODLAND BUNNIES LOLLY MAKERS,1.51,7.17,31.31,41.84,Medium
23560,SET OF 6 RIBBONS COUNTRY STYLE,0.44,3.78,16.51,19.56,Low
23561,SET OF 6 RIBBONS PARTY,0.45,4.43,19.33,22.46,Low
23562,SET OF 6 RIBBONS PERFECTLY PRETTY  ,0.65,4.88,21.3,25.85,Low
23564,EGG CUP MILKMAID INGRID,1.57,9.02,39.38,50.36,Medium
23565,EGG CUP MILKMAID HELGA ,0.93,5.16,22.52,29.03,Low
23566,EGG CUP MILKMAID HEIDI,2.1,12.3,53.71,68.38,Medium
23567,EGG CUP HENRIETTA HEN PINK,0.5,2.96,12.9,16.4,Low
23568,EGG CUP HENRIETTA HEN CREAM ,1.55,12.12,52.9,63.76,Medium
23569,TRADTIONAL ALPHABET STAMP SET,2.48,9.69,42.31,59.64,Medium
23570,TRADITIONAL PICK UP STICKS GAME ,4.91,15.91,69.47,103.84,Medium
23571,TRADITIONAL NAUGHTS & CROSSES,5.4,19.88,86.79,124.56,Medium
23574,PACKING CHARGE,0.04,0.22,0.94,1.21,Low
23575,SNACK TRAY PAISLEY PARK,0.44,3.48,15.18,18.25,Low
23576,SNACK TRAY RED VINTAGE DOILY,0.49,4.1,17.89,21.35,Low
23578,SNACK TRAY RED GINGHAM,0.15,1.27,5.55,6.6,Low
23579,SNACK TRAY I LOVE LONDON,0.4,3.57,15.59,18.38,Low
23580,SNACK TRAY HAPPY FOREST  ,0.29,2.21,9.64,11.7,Low
23581,JUMBO BAG PAISLEY PARK,11.65,45.11,196.95,278.52,High
23582,VINTAGE DOILY JUMBO BAG RED ,11.86,84.49,368.85,451.84,High
23583,LUNCH BAG PAISLEY PARK  ,8.84,34.7,151.48,213.33,High
23597,PAPER BUNTING PAISLEY PARK,0.66,5.42,23.64,28.24,Low
23598,PAPER BUNTING VINTAGE PARTY,1.12,7.24,31.61,39.47,Medium
23630,SET 10 CARDS HANGING BAUBLES 17080,0.0,0.05,0.23,0.24,Low
23660,HENRIETTA HEN MUG ,0.78,4.03,17.61,23.09,Low
23661,MILK MAIDS MUG ,0.55,3.07,13.41,17.23,Low
23664,FLOWER SHOP DESIGN MUG,0.0,0.05,0.23,0.24,Low
23681,LUNCH BAG RED VINTAGE DOILY,4.14,20.99,91.64,120.6,Medium
23691,KEEP CALM BIRTHDAY WRAP,3.14,20.02,87.38,109.37,Medium
23692,WRAP A PRETTY THANK YOU,0.13,1.83,7.97,8.91,Low
23694,PAISLEY PARK CARD,0.93,6.54,28.55,35.06,Medium
23695,DOILY THANK YOU CARD,1.88,9.52,41.54,54.7,Medium
23697,A PRETTY THANK YOU CARD,1.17,7.21,31.48,39.68,Medium
23702,High Resolution Image,0.01,0.13,0.55,0.63,Low
23843,"PAPER CRAFT , LITTLE BIRDIE",216.56,4188.15,18283.33,19799.28,High
35001G,HAND OPEN SHAPE GOLD,0.42,2.72,11.86,14.78,Low
35001W,HAND OPEN SHAPE DECO.WHITE,0.25,4.06,17.71,19.43,Low
35004B,SET OF 3 BLACK FLYING DUCKS,1.27,5.58,24.34,33.23,Medium
35004C,SET OF 3 COLOURED  FLYING DUCKS,1.05,9.74,42.5,49.86,Medium
35004G,SET OF 3 GOLD FLYING DUCKS,0.34,2.76,12.07,14.43,Low
35004P,SET OF 3 PINK FLYING DUCKS,0.0,0.05,0.23,0.24,Low
35095A,BLUE VICTORIAN FABRIC OVAL BOX,2.17,19.22,83.9,99.08,Medium
35095B,RED VICTORIAN FABRIC OVAL BOX,2.06,19.12,83.46,97.91,Medium
35241,ENAMEL BLUE RIM BISCUIT BIN,0.24,1.41,6.16,7.83,Low
35265,COLOURFUL FLOWER FRUIT BOWL,0.04,0.29,1.26,1.56,Low
35271S,GOLD PRINT PAPER BAG,0.05,0.77,3.35,3.71,Low
35400,WOODEN BOX ADVENT CALENDAR ,0.03,0.3,1.31,1.5,Low
35443,RASTA IN BATH W SPLIFF ASHTRAY,0.02,0.19,0.81,0.94,Low
35471D,SET OF 3 BIRD LIGHT PINK FEATHER ,4.42,12.33,53.82,84.78,Medium
35591T,TURQUOISE CHRISTMAS TREE ,0.01,0.14,0.6,0.69,Low
35597A,DUSTY PINK CHRISTMAS TREE 30CM,0.0,0.05,0.23,0.24,Low
35597B,BLACKCHRISTMAS TREE 30CM,0.0,0.05,0.23,0.24,Low
35597D,PINK/WHITE CHRISTMAS TREE 30CM,0.12,1.68,7.34,8.2,Low
35598A,DUSTY PINK CHRISTMAS TREE 60CM,0.02,0.35,1.51,1.68,Low
35598B,BLACK CHRISTMAS TREE 60CM,1.48,13.42,58.58,68.94,Medium
35598C,WHITE CHRISTMAS TREE 60CM,0.01,0.07,0.32,0.36,Low
35598D,PINK/WHITE CHRISTMAS TREE 60CM,1.76,13.44,58.69,71.04,Medium
35599B,BLACK CHRISTMAS TREE 120CM,0.56,4.14,18.06,21.97,Low
35599D,PINK AND WHITE CHRISTMAS TREE 120CM,0.5,3.29,14.34,17.83,Low
35607A,PINK FLUFFY CHRISTMAS DECORATION,0.06,1.24,5.42,5.87,Low
35607B,BLACK FEATHER CHRISTMAS DECORATION,0.26,2.26,9.89,11.68,Low
35610A,PINK CHRISTMAS FLOCK DROPLET ,0.02,0.41,1.81,1.96,Low
35610B,BLACK CHRISTMAS FLOCK DROPLET ,0.06,1.24,5.42,5.87,Low
35610C,WHITE CHRISTMAS FLOCK DROPLET ,0.06,1.24,5.42,5.87,Low
35637A,IVORY STRING CURTAIN WITH POLE ,0.44,3.93,17.17,20.28,Low
35637C,PINK STRING CURTAIN WITH POLE,0.07,0.66,2.89,3.42,Low
35638A,PINK AND BLACK STRING CURTAIN,0.1,1.71,7.47,8.18,Low
35638B,PINK/BLUE STRING CURTAIN ,0.15,2.5,10.92,11.97,Low
35645,VINTAGE BEAD PINK JEWEL BOX,0.01,0.13,0.55,0.63,Low
35646,VINTAGE BEAD PINK EVENING BAG,1.37,5.4,23.59,33.2,Medium
35647,VINTAGE BEAD PINK SHADE ,0.03,0.62,2.72,2.96,Low
35648,VINTAGE BEAD PINK PURSE ,2.17,7.31,31.92,47.11,Medium
35649,VINTAGE BEAD COSMETIC BAG ,0.04,0.41,1.8,2.1,Low
35650,VINTAGE BEAD PINK JEWEL STAND,0.0,0.05,0.23,0.24,Low
35651,VINTAGE BEAD PINK SCARF ,0.88,3.74,16.33,22.5,Low
35653,VINTAGE BEAD NOTEBOOK,0.13,0.71,3.09,3.97,Low
35809A,ENAMEL PINK TEA CONTAINER,1.04,4.6,20.07,27.33,Low
35809B,ENAMEL BLUE RIM TEA CONTAINER,0.02,0.32,1.39,1.54,Low
35810A,ENAMEL PINK COFFEE CONTAINER,1.61,5.48,23.93,35.2,Medium
35810B,ENAMEL BLUE RIM COFFEE CONTAINER,0.39,2.19,9.55,12.3,Low
35815P,"ACRYLIC JEWEL SNOWFLAKE, PINK",0.43,4.23,18.45,21.48,Low
35816P,"ACRYLIC JEWEL ANGEL,PINK",0.21,2.92,12.76,14.22,Low
35817P,"ACRYLIC JEWEL SNOWFLAKE,PINK",0.05,0.69,3.03,3.36,Low
35818B,"ACRYLIC JEWEL ICICLE, BLUE",0.08,1.28,5.58,6.16,Low
35818P,"ACRYLIC JEWEL ICICLE, PINK",0.7,4.45,19.43,24.31,Low
35819B,"ACRYLIC HANGING JEWEL,BLUE",0.71,3.78,16.48,21.46,Low
35819P,"ACRYLIC HANGING JEWEL,PINK",0.25,2.37,10.33,12.11,Low
35833P,4 PINK FLOCK CHRISTMAS BALLS,0.1,0.84,3.66,4.34,Low
35909A,RABBIT EASTER DECORATION,0.02,0.32,1.39,1.54,Low
35909B,PINK FLOWERS RABBIT EASTER,0.02,0.33,1.43,1.58,Low
35910A,MULTICOLOUR EASTER RABBIT ,0.05,0.55,2.38,2.76,Low
35910B,PINK FLOWERS RABBIT EASTER,0.03,0.44,1.93,2.17,Low
35911A,MULTICOLOUR RABBIT EGG WARMER,0.55,2.82,12.3,16.14,Low
35911B,PINK/FLOWER RABBIT EGG WARMER ,0.05,0.48,2.07,2.39,Low
35912B,WHITE/PINK CHICK DECORATION,0.67,5.57,24.31,28.97,Low
35913B,WHITE/PINK CHICK EASTER DECORATION,0.09,0.76,3.33,3.97,Low
35914,PINK CHICK EGG WARMER + EGG CUP,0.36,2.24,9.76,12.29,Low
35915B,BLUE KNITTED HEN ,0.24,1.56,6.82,8.53,Low
35915C,PEACH KNITTED HEN ,0.13,0.97,4.26,5.17,Low
35916A,YELLOW FELT HANGING HEART W FLOWER,0.05,0.7,3.06,3.43,Low
35916B,BLUE FELT HANGING HEART WITH FLOWER,0.02,0.31,1.35,1.47,Low
35916C,PINK FELT HANGING HEART W FLOWER,0.14,1.27,5.56,6.57,Low
35920,FOUR RABBIT EASTER DECORATIONS,0.18,1.17,5.09,6.34,Low
35921,EASTER BUNNY HANGING GARLAND,0.14,1.06,4.61,5.62,Low
35922,EASTER BUNNY WREATH,0.07,0.57,2.48,3.0,Low
35923,CANDY HEART HANGING DECORATION,3.38,22.44,97.95,121.62,Medium
35924,HANGING FAIRY CAKE DECORATION,1.94,15.96,69.68,83.23,Medium
35933,PINK STOCKING CHRISTMAS DECORATION,0.59,3.79,16.56,20.72,Low
35953,FOLKART STAR CHRISTMAS DECORATIONS,8.06,25.34,110.64,167.09,Medium
35954,SMALL FOLKART STAR CHRISTMAS DEC,2.88,14.81,64.66,84.8,Medium
35957,SMALLFOLKART BAUBLE CHRISTMAS DEC,1.49,12.92,56.41,66.85,Medium
35958,FOLKART ZINC STAR CHRISTMAS DEC,0.03,0.39,1.69,1.91,Low
35961,FOLKART ZINC HEART CHRISTMAS DEC,7.16,31.37,136.95,187.09,Medium
35964,FOLKART CLIP ON STARS,1.66,8.42,36.74,48.36,Medium
35965,FOLKART HEART NAPKIN RINGS,0.48,2.71,11.85,15.24,Low
35966,FOLKART CHRISTMAS TREE T-LIGHT HOLD,0.07,0.99,4.33,4.84,Low
35967,FOLK ART METAL STAR T-LIGHT HOLDER,1.02,4.42,19.29,26.42,Low
35968,FOLK ART METAL HEART T-LIGHT HOLDER,0.39,2.19,9.54,12.26,Low
35970,ZINC FOLKART SLEIGH BELLS,12.37,29.16,127.31,213.91,High
35971,ROSE FOLKART HEART DECORATIONS,1.13,4.71,20.55,28.47,Low
35972,DAISY FOLKART HEART DECORATION,0.26,1.87,8.18,9.98,Low
37327,ASSTD MULTICOLOUR CIRCLES MUG,3.67,13.58,59.3,85.01,Medium
37330,BIG POLKADOT MUG,0.02,0.31,1.35,1.47,Low
37333,"RETRO ""TEA FOR ONE"" ",0.04,0.27,1.18,1.45,Low
37340,MULTICOLOUR SPRING FLOWER MUG,5.46,17.47,76.28,114.5,Medium
37342,POLKADOT COFFEE CUP & SAUCER PINK,3.84,12.08,52.75,79.61,Medium
37343,POLKADOT MUG PINK ,0.17,1.47,6.43,7.59,Low
37351,ORANGE FLOWER MUG ,0.01,0.21,0.9,0.98,Low
37370,RETRO COFFEE MUGS ASSORTED,6.7,34.04,148.62,195.48,Medium
37379A,PINK CHERRY BLOSSOM CUP & SAUCER,0.02,0.31,1.35,1.47,Low
37413,ICON MUG REVOLUTIONARY,1.87,8.74,38.14,51.26,Medium
37423,WHITE WITH BLACK CATS PLATE,0.21,2.79,12.17,13.63,Low
37444A,YELLOW BREAKFAST CUP AND SAUCER,0.13,0.87,3.82,4.7,Low
37444B,BLUE BREAKFAST CUP AND SAUCER ,0.01,0.13,0.55,0.63,Low
37444C,PINK BREAKFAST CUP AND SAUCER ,0.05,0.45,1.94,2.3,Low
37446,MINI CAKE STAND WITH HANGING CAKES,3.45,8.64,37.73,61.88,Medium
37447,CERAMIC CAKE DESIGN SPOTTED PLATE,2.02,6.55,28.61,42.78,Medium
37448,CERAMIC CAKE DESIGN SPOTTED MUG,3.74,8.59,37.49,63.68,Medium
37449,CERAMIC CAKE STAND + HANGING CAKES,1.5,4.79,20.9,31.4,Medium
37450,CERAMIC CAKE BOWL + HANGING CAKES,1.78,5.44,23.74,36.18,Medium
37461,FUNKY MONKEY MUG,0.0,0.05,0.23,0.24,Low
37462E,"PET MUG, GOLDFISH",0.07,0.88,3.86,4.36,Low
37464,ROBOT MUG IN DISPLAY BOX,0.01,0.12,0.5,0.56,Low
37467,PIG MUG IN TWO COLOUR DESIGNS,0.34,2.4,10.5,12.89,Low
37468,HARDMAN MUG 3 ASSORTED,0.17,1.38,6.04,7.22,Low
37471,MULTICOLOUR POLKADOT PLATE,0.03,0.62,2.71,2.93,Low
37475,SET/4 COLOURFUL MIXING BOWLS,0.15,0.75,3.26,4.31,Low
37476,CONDIMENT TRAY 4 BOWLS AND 4 SPOONS,0.05,0.38,1.66,1.98,Low
37479B,CUBIC MUG FLOCK BLUE ON BROWN,0.34,3.29,14.38,16.75,Low
37479P,CUBIC MUG FLOCK PINK ON BROWN,0.32,1.72,7.5,9.71,Low
37482P,CUBIC MUG PINK POLKADOT,1.28,9.06,39.54,48.46,Medium
37487B,YELLOW/ORANGE FLOWER DESIGN PLATE,0.18,3.13,13.66,14.93,Low
37488A,YELLOW PINK FLOWER DESIGN BIG BOWL,0.07,1.16,5.06,5.59,Low
37489A,YELLOW/PINK FLOWER DESIGN BIG MUG,0.09,0.53,2.31,2.92,Low
37489B,BLUE/YELLOW FLOWER DESIGN BIG MUG,0.08,0.52,2.29,2.87,Low
37489C,GREEN/BLUE FLOWER DESIGN BIG MUG,0.06,0.47,2.07,2.5,Low
37489D,PINK/GREEN FLOWER DESIGN BIG MUG,0.11,0.58,2.53,3.28,Low
37491B,BLUE/YELLOW CERAMIC CANDLE HOLDER,0.01,0.21,0.9,0.98,Low
37491C,GREEN/BLUE CERAMIC CANDLE HOLDER,0.02,0.41,1.81,1.96,Low
37491D,PURPLE/BLUE CERAMIC CANDLE HOLDER,0.01,0.1,0.45,0.49,Low
37495,FAIRY CAKE BIRTHDAY CANDLE SET,1.14,3.58,15.63,23.64,Low
37500,TEA TIME TEAPOT IN GIFT BOX,0.9,2.79,12.17,18.5,Low
37501,TEA TIME TEA SET IN GIFT BOX,0.27,1.27,5.57,7.47,Low
37509,NEW ENGLAND MUG W GIFT BOX,0.01,0.07,0.32,0.36,Low
40001,WHITE BAMBOO RIBS LAMPSHADE,2.02,10.34,45.15,59.28,Medium
40003,WHITE BAMBOO RIBS LAMPSHADE,0.39,5.08,22.2,24.95,Low
40005B,BLUE ORGANDY ROUND LAMPSHADE W BEA,0.03,0.35,1.53,1.75,Low
40016,CHINESE DRAGON PAPER LANTERNS,14.77,73.99,322.99,426.38,High
40046A,RED DAISY PAPER LAMPSHADE,0.13,1.44,6.28,7.21,Low
44089A,PINK GAUZE BUTTERFLY LAMPSHADE,0.04,0.48,2.08,2.36,Low
44089C,LILAC GAUZE BUTTERFLY LAMPSHADE,0.06,0.7,3.04,3.49,Low
44091A,BLUE CRUSOE CHECK LAMPSHADE,0.02,0.33,1.44,1.61,Low
44092B,BLUE WHITE PLASTIC RINGS LAMPSHADE,0.04,0.39,1.68,1.95,Low
44092C,PURPLE/COPPER HANGING LAMPSHADE,0.05,0.44,1.91,2.24,Low
44228,CANNABIS LEAF BEAD CURTAIN,0.1,1.39,6.05,6.72,Low
44234,ASSORTED CIRCULAR MOBILE,1.71,22.67,98.99,110.97,Medium
44235,ASS COL CIRCLE MOBILE ,1.44,22.43,97.94,108.01,Medium
44236,PINK/PURPLE CIRCLE CURTAIN,0.14,1.4,6.13,7.1,Low
44242A,LILAC FEATHERS CURTAIN,0.03,0.62,2.71,2.93,Low
44242B,PINK FEATHERS CURTAIN,0.14,1.58,6.92,7.89,Low
44265,M/COLOUR POM-POM CURTAIN,0.01,0.1,0.45,0.49,Low
45013,FOLDING SHOE TIDY,0.01,0.12,0.5,0.56,Low
46000M,POLYESTER FILLER PAD 45x45cm,2.7,6.56,28.63,47.49,Medium
46000P,POLYESTER FILLER PAD 65CMx65CM,0.05,0.57,2.48,2.8,Low
46000R,POLYESTER FILLER PAD 45x30cm,0.27,1.06,4.63,6.52,Low
46000S,POLYESTER FILLER PAD 40x40cm,4.15,11.06,48.27,77.3,Medium
46000U,POLYESTER FILLER PAD 30CMx30CM,0.29,1.69,7.37,9.37,Low
46115B,GREEN POP ART MAO CUSHION COVER ,0.03,0.44,1.91,2.14,Low
46118,FUNKY MONKEY CUSHION COVER,0.52,3.15,13.76,17.37,Low
46126A,ELVIS WALLHANGING / CURTAIN,0.13,1.12,4.88,5.78,Low
46138B,BLUE CHENILLE SHAGGY CUSHION COVER ,0.11,0.87,3.78,4.59,Low
46775D,SUNSET COLOUR CHUNKY KNITTED THROW,0.06,0.42,1.84,2.29,Low
46776A,WOVEN BUBBLE GUM CUSHION COVER,0.04,0.36,1.59,1.85,Low
46776B,WOVEN BERRIES CUSHION COVER ,0.04,0.31,1.36,1.64,Low
46776C,WOVEN FROST CUSHION COVER,0.03,0.24,1.03,1.23,Low
46776D,WOVEN SUNSET CUSHION COVER ,0.03,0.39,1.69,1.91,Low
46776E,WOVEN CANDY CUSHION COVER ,0.04,0.37,1.62,1.88,Low
46776F,WOVEN ROSE GARDEN CUSHION COVER ,0.05,0.42,1.84,2.19,Low
47013A,WINE BOTTLE DRESSING LT.BLUE,0.04,0.42,1.83,2.09,Low
47013C,WINE BOTTLE DRESSING DARK BLUE,0.11,0.94,4.11,4.91,Low
47016,LIGHT DECORATION BATTERY OPERATED,0.01,0.1,0.45,0.49,Low
47021G,SET/6 BEAD COASTERS GAUZE BAG GOLD,1.39,11.58,50.57,60.27,Medium
47310M,"SMALL POP BOX,FUNKY MONKEY",0.71,3.54,15.46,20.42,Low
47341A,FUSCHIA TABLE RUN FLOWER ,0.07,0.82,3.58,4.09,Low
47341B,BLUE TABLE RUN FLOWER,0.12,0.97,4.25,5.09,Low
47343A,FUSCHIA FLOWER PURSE WITH BEADS,0.43,3.7,16.17,19.15,Low
47344B,BLUE FLOWER DES PURSE,0.12,1.11,4.83,5.65,Low
47348A,FUSCHIA VOILE POINTY SHOE DEC,0.26,1.77,7.73,9.55,Low
47351B,BLUE  VOILE LAMPSHADE,0.23,2.58,11.26,12.87,Low
47367B,PAIR PADDED HANGERS PINK CHECK,0.15,1.38,6.02,7.08,Low
47369A,PINK GREEN EMBROIDERY COSMETIC BAG,0.02,0.18,0.78,0.93,Low
47369B,BLUE GREEN EMBROIDERY COSMETIC BAG,0.01,0.09,0.39,0.45,Low
47420,ASSORTED COLOUR SUCTION CUP HOOK,0.52,4.18,18.25,21.91,Low
47421,ASSORTED COLOUR LIZARD SUCTION HOOK,2.59,12.27,53.59,71.74,Medium
47422,ASSORTED MONKEY SUCTION CUP HOOK,1.39,8.12,35.47,45.18,Medium
47469,ASSORTED SHAPES PHOTO CLIP SILVER ,0.95,14.94,65.23,71.88,Medium
47471,RAINBOW PEGS PHOTO CLIP STRING,0.7,7.14,31.15,36.05,Medium
47480,HANGING PHOTO CLIP ROPE LADDER,1.84,10.68,46.64,59.55,Medium
47481,50CM METAL STRING WITH  7 CLIPS,0.59,7.55,32.96,37.1,Medium
47503A,ASS FLORAL PRINT MULTI SCREWDRIVER,7.3,16.32,71.24,122.33,Medium
47503H,ASS FLORAL PRINT SPIRIT LEVEL ,0.25,1.54,6.71,8.49,Low
47503J,SET/3 FLORAL GARDEN TOOLS IN BAG,0.0,0.05,0.23,0.24,Low
47504H,ENGLISH ROSE SPIRIT LEVEL ,2.53,9.99,43.6,61.35,Medium
47504K,ENGLISH ROSE GARDEN SECATEURS,5.23,14.12,61.63,98.26,Medium
47518F,ICON PLACEMAT POP ART ELVIS,2.21,12.8,55.9,71.38,Medium
47556B,TEA TIME TEA TOWELS ,6.95,94.94,414.45,463.11,High
47559B,TEA TIME OVEN GLOVE,5.35,12.19,53.23,90.68,Medium
47563A,RETRO LONGBOARD IRONING BOARD COVER,0.53,2.69,11.73,15.44,Low
47566,PARTY BUNTING,40.85,58.21,254.11,540.08,High
47566B,TEA TIME PARTY BUNTING,6.12,13.54,59.1,101.92,Medium
47567B,TEA TIME KITCHEN APRON,1.56,5.48,23.91,34.86,Medium
47570B,TEA TIME TABLE CLOTH,0.48,4.22,18.42,21.79,Low
47574A,ENGLISH ROSE SCENTED HANGING FLOWER,1.13,10.59,46.22,54.12,Medium
47574B,ENGLISH ROSE SCENTED HANGING HEART,0.01,0.16,0.71,0.79,Low
47578A,ENGLISH ROSE SMALL SCENTED FLOWER,0.51,2.31,10.09,13.69,Low
47579,TEA TIME BREAKFAST BASKET,0.0,0.05,0.23,0.24,Low
47580,TEA TIME DES TEA COSY,0.88,3.24,14.13,20.27,Low
47585A,PINK FAIRY CAKE CUSHION COVER,0.27,1.13,4.94,6.85,Low
47586A,PINK FAIRY CAKE CUSHION COVER,0.06,0.44,1.94,2.34,Low
47589,CONGRATULATIONS BUNTING,0.03,0.49,2.15,2.39,Low
47590A,BLUE HAPPY BIRTHDAY BUNTING,5.21,12.25,53.47,89.92,Medium
47590B,PINK HAPPY BIRTHDAY BUNTING,6.1,14.9,65.05,107.78,Medium
47591B,SCOTTIES CHILDRENS APRON,0.1,0.76,3.32,4.03,Low
47591D,PINK FAIRY CAKE CHILDRENS APRON,8.4,17.41,76.0,134.77,Medium
47593A,CAROUSEL PONIES BABY BIB,0.09,0.63,2.73,3.35,Low
47593B,SCOTTIE DOGS BABY BIB,4.45,17.44,76.13,107.26,Medium
47594A,CAROUSEL DESIGN WASHBAG,0.14,0.68,2.97,3.94,Low
47594B,SCOTTIES DESIGN WASHBAG,0.24,1.58,6.88,8.58,Low
47599A,PINK PARTY BAGS,6.44,22.91,100.0,145.09,Medium
47599B,BLUE PARTY BAGS ,3.88,17.07,74.52,101.68,Medium
48111,DOORMAT 3 SMILEY CATS,2.95,27.02,117.94,138.61,Medium
48116,DOORMAT MULTICOLOUR STRIPE,3.79,27.77,121.22,147.76,Medium
48129,DOORMAT TOPIARY,2.35,16.83,73.47,89.94,Medium
48138,DOORMAT UNION FLAG,9.66,34.53,150.75,218.39,High
48173C,DOORMAT BLACK FLOCK ,4.77,32.99,144.03,177.42,Medium
48184,DOORMAT ENGLISH ROSE ,5.27,20.74,90.52,127.43,Medium
48185,DOORMAT FAIRY CAKE,9.16,59.35,259.11,323.25,High
48187,DOORMAT NEW ENGLAND,9.89,42.77,186.71,255.92,High
48188,DOORMAT WELCOME PUPPIES,5.42,33.79,147.5,185.44,Medium
48194,DOORMAT HEARTS,8.74,42.3,184.65,245.81,High
51008,AFGHAN SLIPPER SOCK PAIR,1.37,13.95,60.89,70.45,Medium
51014A,"FEATHER PEN,HOT PINK",9.55,24.43,106.63,173.5,Medium
51014C,"FEATHER PEN,COAL BLACK",6.52,20.78,90.71,136.34,Medium
51014L,"FEATHER PEN,LIGHT PINK",5.14,13.79,60.19,96.21,Medium
51020A,SUMMER FUN DESIGN SHOWER CAP,0.87,6.88,30.04,36.12,Medium
51020B,STRIPY DESIGN SHOWER CAP,0.53,4.68,20.43,24.11,Low
62018,SOMBRERO ,11.77,76.8,335.26,417.65,High
62043B,BLUE CHECK BAG W HANDLE 34X20CM,0.05,0.42,1.84,2.16,Low
62074B,ELEPHANT CLIP W SUCTION CUP,0.04,0.55,2.41,2.71,Low
62086A,PINK RETRO BIG FLOWER BAG,0.23,1.79,7.81,9.42,Low
62094B,TURQ ICE CREAM BUM BAG ,0.03,0.44,1.93,2.17,Low
62096A,PINK/YELLOW FLOWERS HANDBAG,0.28,2.81,12.28,14.26,Low
62096B,PURPLE/TURQ FLOWERS HANDBAG,0.01,0.1,0.45,0.49,Low
62097B,BLUE STRIPES SHOULDER BAG,0.02,0.3,1.29,1.46,Low
70006,LOVE HEART POCKET WARMER,7.0,51.62,225.34,274.36,High
70007,HI TEC ALPINE HAND WARMER,1.95,10.76,46.95,60.58,Medium
71038,WHITE HANGING BEADS CANDLE HOLDER,0.64,2.66,11.62,16.08,Low
71050,SMALL SINGLE FLAME CANDLE HOLDER,0.09,0.78,3.38,4.0,Low
71053,WHITE METAL LANTERN,4.37,11.64,50.81,81.38,Medium
71101E,STANDING FAIRY POLE SUPPORT ,0.93,4.73,20.65,27.13,Low
71143,SILVER BOOK MARK WITH BEADS,0.03,0.52,2.26,2.44,Low
71215,METAL BASE FOR CANDLES,0.03,0.52,2.27,2.47,Low
71270,PHOTO CLIP LINE,0.55,3.09,13.51,17.33,Low
71279,PINK GLASS CANDLEHOLDER,0.41,1.85,8.1,11.0,Low
71403,"PINK/WHITE ""KEEP CLEAN"" BULLET BIN",0.14,1.16,5.05,6.04,Low
71406C,BLACK ORANGE SQUEEZER,0.37,2.01,8.76,11.34,Low
71459,HANGING JAM JAR T-LIGHT HOLDER,34.6,59.7,260.64,502.85,High
71477,COLOUR GLASS. STAR T-LIGHT HOLDER,17.78,69.61,303.89,428.36,High
71495A,CD WALL TIDY BLUE OFFICE,0.26,3.51,15.3,17.1,Low
71495B,CD WALL TIDY RED FLOWERS,0.43,4.33,18.92,21.91,Low
71496A,A4 WALL TIDY BLUE OFFICE,0.3,3.57,15.57,17.7,Low
71496B,A4 WALL TIDY RED FLOWERS,0.03,0.39,1.7,1.94,Low
71510,SQUARE METAL CANDLEHOLDER BASE,0.14,1.44,6.29,7.26,Low
72024U,LILAC VOTIVE CANDLE,0.19,2.14,9.36,10.71,Low
72051S,BAG OF SILVER STONES,0.12,1.75,7.63,8.47,Low
72122,COFFEE SCENT PILLAR CANDLE,0.78,3.43,14.97,20.42,Low
72127,COLUMBIAN CANDLE ROUND ,0.45,2.85,12.42,15.57,Low
72128,COLUMBIAN CANDLE ROUND,0.51,3.02,13.18,16.72,Low
72130,COLUMBIAN CANDLE ROUND,0.57,3.68,16.06,20.09,Low
72131,COLUMBIAN CANDLE RECTANGLE,0.36,3.99,17.43,19.98,Low
72132,COLUMBIAN CUBE CANDLE,0.07,0.68,2.96,3.49,Low
72133,COLUMBIAN CANDLE RECTANGLE,0.1,0.64,2.8,3.53,Low
72134,COLUMBIAN  CUBE CANDLE ,0.26,3.11,13.58,15.42,Low
72140E,BEST DAD CANDLE LETTERS,0.08,0.65,2.83,3.41,Low
72225C,LAVENDER SCENT CAKE CANDLE,1.6,9.24,40.35,51.58,Medium
72232,FENG SHUI PILLAR CANDLE,8.87,66.82,291.68,353.77,High
72349B,SET/6 PURPLE BUTTERFLY T-LIGHTS,1.84,9.88,43.14,56.0,Medium
72351A,SET/6 TURQUOISE BUTTERFLY T-LIGHTS,3.3,12.7,55.44,78.53,Medium
72351B,SET/6 PINK  BUTTERFLY T-LIGHTS,5.5,19.67,85.87,124.39,Medium
72369A,PINK CLEAR GLASS CANDLE PLATE,0.07,1.0,4.37,4.89,Low
72586,SET OF 6 HALLOWEEN GHOST T-LIGHTS,1.67,9.91,43.28,54.96,Medium
72598,SET/12 TAPER CANDLES,1.23,6.54,28.54,37.13,Medium
72709,IVORY SCULPTED RND CANDLE ,0.12,1.17,5.09,5.91,Low
72741,GRAND CHOCOLATECANDLE,15.46,48.54,211.9,320.14,High
72760B,VINTAGE CREAM 3 BASKET CAKE STAND,1.03,2.89,12.6,19.8,Low
72780,BLACK SILOUETTE CANDLE PLATE,0.37,2.19,9.58,12.14,Low
72783,BLACK SIL'T SQU CANDLE PLATE ,0.04,0.65,2.85,3.15,Low
72798C,SET/4 GARDEN ROSE DINNER CANDLE,0.02,0.24,1.03,1.16,Low
72799C,PINK PILLAR CANDLE SILVER FLOCK,0.21,1.78,7.75,9.25,Low
72799E,IVORY PILLAR CANDLE SILVER FLOCK,1.05,8.43,36.82,44.17,Medium
72799F,IVORY PILLAR CANDLE GOLD FLOCK,0.34,2.05,8.97,11.34,Low
72800B, 4 PURPLE FLOCK DINNER CANDLES,0.37,1.94,8.48,11.06,Low
72800C,4 PINK DINNER CANDLE SILVER FLOCK,0.33,1.87,8.18,10.5,Low
72800D,4 BLUE DINNER CANDLES SILVER FLOCK,0.23,1.11,4.86,6.45,Low
72800E,4 IVORY DINNER CANDLES SILVER FLOCK,1.2,3.87,16.91,25.33,Low
72801C,4 ROSE PINK DINNER CANDLES,0.37,2.91,12.72,15.3,Low
72801D,4 SKY BLUE DINNER CANDLES,0.16,1.09,4.75,5.83,Low
72801G,4 BURGUNDY WINE DINNER CANDLES,0.11,0.97,4.22,5.02,Low
72802A,ROSE SCENT CANDLE IN JEWELLED BOX,0.84,3.64,15.88,21.77,Low
72802B,OCEAN SCENT CANDLE IN JEWELLED BOX,2.59,18.15,79.21,97.33,Medium
72802C,VANILLA SCENT CANDLE JEWELLED BOX,3.67,26.69,116.52,142.24,Medium
72803A,ROSE SCENT CANDLE JEWELLED DRAWER,1.41,21.12,92.22,102.1,Medium
72807A,SET/3 ROSE CANDLE IN JEWELLED BOX,0.91,3.87,16.9,23.24,Low
72807B,SET/3 OCEAN SCENT CANDLE JEWEL BOX,0.93,3.94,17.22,23.73,Low
72807C,SET/3 VANILLA SCENTED CANDLE IN BOX,1.79,9.9,43.23,55.75,Medium
72811,SMALL ZINC/GLASS CANDLEHOLDER,0.13,1.43,6.26,7.18,Low
72812,LARGE ZINC GLASS CANDLEHOLDER,0.05,0.51,2.23,2.56,Low
72815,3 WICK CHRISTMAS BRIAR CANDLE ,0.01,0.1,0.45,0.49,Low
72816,SET/3 CHRISTMAS DECOUPAGE CANDLES,2.21,20.81,90.85,106.31,Medium
72817,SET OF 2 CHRISTMAS DECOUPAGE CANDLE,2.8,9.32,40.68,60.29,Medium
72818,CHRISTMAS DECOUPAGE CANDLE,4.87,31.81,138.88,172.96,Medium
72819,CUPID DESIGN SCENTED CANDLES,0.56,2.76,12.05,15.94,Low
72821,CUPID SCENTED CANDLE IN GLASS,0.03,0.3,1.29,1.5,Low
75011,BLUE DAISY MOBILE,0.46,4.25,18.54,21.76,Low
75013B,"STRING OF 8 BUTTERFLIES,PINK",0.07,0.62,2.72,3.19,Low
75049L,LARGE CIRCULAR MIRROR MOBILE,18.21,57.55,251.23,378.67,High
75131,METAL TUBE CHIME ON BAMBOO,1.3,20.51,89.52,98.66,Medium
75172,PAINTED SEA SHELL METAL WINDCHIME,0.25,2.41,10.53,12.27,Low
75178,ASSTD COL BUTTERFLY/CRYSTAL W/CHIME,1.22,12.87,56.19,64.71,Medium
77079,DOLPHIN WINDMILL,0.0,0.05,0.23,0.24,Low
77101A,UNION FLAG WINDSOCK,1.03,14.99,65.44,72.64,Medium
78033,FLAG OF ST GEORGE CHAIR,0.1,0.95,4.13,4.82,Low
78034B,BLUE NETTING STORAGE HANGER,0.02,0.19,0.84,0.99,Low
78124,MAGAZINE RACK GEBRA ASSORTED ,0.51,3.61,15.75,19.31,Low
79000,MOROCCAN TEA GLASS,10.12,44.22,193.05,263.87,High
79026B,"S/4 ICON COASTER,ELVIS LIVES",0.07,0.68,2.96,3.43,Low
79030D,"TUMBLER, BAROQUE",1.22,5.35,23.36,31.89,Medium
79030G,"TUMBLER, NEW ENGLAND",3.63,17.87,78.01,103.43,Medium
79051A,SMOKEY GREY COLOUR D.O.F. GLASS,2.09,9.03,39.44,54.09,Medium
79062D,"RETRO TIN ASHTRAY,REVOLUTIONARY",0.14,1.53,6.68,7.65,Low
79063C,"RETRO PILL BOX KEY CHAIN,THE KING",0.63,5.88,25.68,30.08,Medium
79063D,"RETRO PILL BOX , REVOLUTIONARY",0.5,5.7,24.89,28.41,Low
79066K,RETRO MOD TRAY,1.98,6.45,28.16,41.99,Medium
79067,CORONA MEXICAN TRAY,0.38,3.06,13.34,16.02,Low
79071B,ENGLISH ROSE METAL WASTE BIN,0.05,0.36,1.58,1.96,Low
79144B,PAINTED LIGHTBULB STAR+ MOON,0.29,2.05,8.93,10.93,Low
79144C,PAINTED LIGHTBULB RAINBOW DESIGN,0.17,1.81,7.89,9.07,Low
79149B,SILICON STAR BULB  BLUE,0.05,0.54,2.36,2.7,Low
79151B,"SILICON CUBE 25W, BLUE",0.03,0.52,2.27,2.47,Low
79157B,UBO-LIGHT TRIOBASE BLUE,0.01,0.16,0.71,0.79,Low
79157V,UBO-LIGHT TRIOBASE PURPLE,0.01,0.15,0.68,0.77,Low
79160,HEART SHAPE WIRELESS DOORBELL,1.18,8.98,39.19,47.48,Medium
79161A,ST GEORGE SET OF 10 PARTY LIGHTS,0.01,0.07,0.32,0.36,Low
79163,BLACK CHAMPAGNE GLASS,4.06,19.77,86.29,114.69,Medium
79164,BLACK WINE GLASS,4.45,50.55,220.66,251.84,High
79190A,RETRO PLASTIC 70'S TRAY,0.91,4.32,18.85,25.21,Low
79190B,RETRO PLASTIC POLKA TRAY,1.75,15.88,69.34,81.6,Medium
79190D,RETRO PLASTIC DAISY TRAY,0.61,2.67,11.66,15.91,Low
79191B,RETRO PLASTIC POLKA TRAY,0.41,1.99,8.69,11.57,Low
79191C,RETRO PLASTIC ELEPHANT TRAY,2.95,15.58,68.03,88.71,Medium
79191D,RETRO PLASTIC DAISY TRAY,0.07,0.72,3.13,3.59,Low
79192A,RETRO PLASTIC 70'S TRAY,0.01,0.12,0.5,0.56,Low
79302M,"ART LIGHTS,FUNK MONKEY",0.95,4.02,17.57,24.21,Low
79321,CHILLI LIGHTS,25.79,64.82,282.99,463.53,High
79323B,BLACK CHERRY LIGHTS,0.02,0.41,1.81,1.96,Low
79323P,PINK CHERRY LIGHTS,0.01,0.21,0.9,0.98,Low
79329,PINK FLOCK GLASS CANDLEHOLDER,0.03,0.44,1.91,2.14,Low
79331,PINK FLOCK GLASS CANDLEHOLDER,0.07,0.81,3.52,4.0,Low
79336,LIGHT PINK FLOCK GLASS CANDLEHOLDER,0.1,1.31,5.74,6.41,Low
79337,BLUE FLOCK GLASS CANDLEHOLDER,1.72,18.21,79.5,91.55,Medium
79403,FROSTED WHITE BASE ,0.24,1.6,7.0,8.66,Low
79406,FROSTED WHITE BASE ,0.37,4.15,18.12,20.74,Low
81950B,FLOWER BLUE CLOCK WITH SUCKER,0.31,3.05,13.33,15.5,Low
81950V,FLOWER PURPLE CLOCK W/SUCKER,0.05,0.66,2.89,3.26,Low
81952B,ROUND BLUE CLOCK WITH SUCKER,0.53,5.57,24.32,28.07,Low
81952V,ROUND PURPLE CLOCK WITH SUCKER,0.98,6.38,27.84,34.67,Medium
81953B,ROUND BLUE CLOCK WITH SUCKER,0.03,0.38,1.64,1.85,Low
81953P,ROUND ARTICULATED PINK CLOCK W/SUCK,0.07,1.07,4.69,5.21,Low
82001S,VINYL RECORD FRAME SILVER,4.03,13.72,59.88,88.1,Medium
82011A,"BATHROOM SCALES, TROPICAL BEACH",0.04,0.28,1.22,1.52,Low
82011B,BATHROOM SCALES RUBBER DUCKS,0.11,0.72,3.15,3.92,Low
82011C,BATHROOM SCALES FOOTPRINTS IN SAND,0.14,0.95,4.13,5.09,Low
82095,HEART BUTTONS JEWELLERY BOX,0.02,0.19,0.81,0.94,Low
82482,WOODEN PICTURE FRAME WHITE FINISH,22.07,34.7,151.49,306.02,High
82483,WOOD 2 DRAWER CABINET WHITE FINISH,6.21,11.72,51.15,94.65,Medium
82484,WOOD BLACK BOARD ANT WHITE FINISH,15.81,66.85,291.84,402.51,High
82486,WOOD S/3 CABINET ANT WHITE FINISH,5.54,7.55,32.98,71.74,Medium
82494L,WOODEN FRAME ANTIQUE WHITE ,16.76,22.8,99.52,216.83,High
82551,LAUNDRY 15C METAL SIGN,7.46,26.97,117.73,169.96,Medium
82552,WASHROOM METAL SIGN,7.8,24.88,108.62,163.23,Medium
82567,"AIRLINE LOUNGE,METAL SIGN",1.32,2.83,12.36,21.62,Low
82578,KITCHEN METAL SIGN,5.22,17.69,77.24,113.81,Medium
82580,BATHROOM METAL SIGN,14.71,37.95,165.68,268.68,High
82581,TOILET METAL SIGN,10.02,29.57,129.07,199.24,Medium
82582,AREA PATROLLED METAL SIGN,11.47,25.8,112.62,192.88,Medium
82583,HOT BATHS METAL SIGN,17.02,48.84,213.2,332.37,High
82599,FANNY'S REST STOPMETAL SIGN,1.13,3.74,16.31,24.19,Low
82600,NO SINGING METAL SIGN,15.59,49.91,217.87,327.03,High
82605,OLD DOC RUSSEL METAL SIGN,0.04,0.51,2.23,2.49,Low
82613A,"METAL SIGN,CUPCAKE SINGLE HOOK",0.18,1.69,7.37,8.6,Low
82613B,"METAL SIGN,CUPCAKE SINGLE HOOK",1.07,4.73,20.63,28.11,Low
82613C,"METAL SIGN,CUPCAKE SINGLE HOOK",0.96,4.79,20.92,27.66,Low
82613D,METAL SIGN CUPCAKE SINGLE HOOK,1.25,6.1,26.64,35.42,Medium
82615,PINK MARSHMALLOW SCARF KNITTING KIT,0.1,1.86,8.13,8.8,Low
82616B,FRAPPUCINO SCARF KNITTING KIT,0.82,3.94,17.22,22.96,Low
82616C,MIDNIGHT GLAMOUR SCARF KNITTING KIT,0.74,2.9,12.65,17.83,Low
84006,MAGIC TREE -PAPER FLOWERS,2.22,7.29,31.84,47.4,Medium
84012,MAGIC SHEEP WOOL GROWING FROM PAPER,3.24,11.51,50.25,72.93,Medium
84016,FLAG OF ST GEORGE CAR FLAG,0.07,1.29,5.64,6.11,Low
84029E,RED WOOLLY HOTTIE WHITE HEART.,9.83,42.06,183.63,252.43,High
84029G,KNITTED UNION FLAG HOT WATER BOTTLE,6.59,16.55,72.26,118.4,Medium
84030E,ENGLISH ROSE HOT WATER BOTTLE,3.78,8.97,39.15,65.61,Medium
84031A,CHARLIE+LOLA RED HOT WATER BOTTLE ,0.46,2.4,10.47,13.71,Low
84031B,CHARLIE LOLA BLUE HOT WATER BOTTLE ,0.25,1.12,4.91,6.65,Low
84032A,CHARLIE+LOLA PINK HOT WATER BOTTLE,1.2,4.12,17.99,26.36,Low
84032B,CHARLIE + LOLA RED HOT WATER BOTTLE,1.74,10.88,47.48,59.67,Medium
84033,FLAG OF ST GEORGE ,0.06,0.6,2.61,3.04,Low
84050,PINK HEART SHAPE EGG FRYING PAN,8.38,25.36,110.71,169.36,Medium
84051,ASS COLOUR GLOWING TIARAS,0.75,6.51,28.41,33.63,Medium
84077,WORLD WAR 2 GLIDERS ASSTD DESIGNS,145.24,395.76,1727.7,2744.36,High
84078A,SET/4 WHITE RETRO STORAGE CUBES ,0.95,3.43,14.98,21.66,Low
84086B,YELLOW/BLUE RETRO RADIO,0.04,0.35,1.52,1.82,Low
84086C,PINK/PURPLE RETRO RADIO,0.36,2.37,10.34,12.89,Low
84192,ASSORTED COLOUR METAL CAT ,0.3,1.43,6.25,8.33,Low
84199,GLOW IN DARK DOLPHINS,0.34,1.79,7.82,10.21,Low
84201B,HAPPY BIRTHDAY CARD STRIPEY TEDDY,0.03,0.62,2.72,2.96,Low
84201C,HAPPY BIRTHDAY CARD TEDDY/CAKE,0.01,0.26,1.13,1.22,Low
84206A,3 BLACK CATS W HEARTS BLANK CARD,0.06,0.76,3.31,3.76,Low
84206B,CAT WITH SUNGLASSES BLANK CARD,0.01,0.26,1.13,1.22,Low
84206C,CHAMPAGNE TRAY BLANK CARD,0.02,0.3,1.31,1.46,Low
84212,"ASSORTED FLOWER COLOUR ""LEIS""",27.53,120.08,524.19,716.91,High
84218,BOX/12 CHICK & EGG IN BASKET,0.33,3.19,13.93,16.21,Low
84226,HEN HOUSE W FAMILY IN BARN & NEST,0.13,1.79,7.79,8.71,Low
84227,HEN HOUSE W CHICK IN NEST,0.0,0.05,0.23,0.24,Low
84228,HEN HOUSE W CHICK STANDING,0.76,6.94,30.3,35.62,Medium
84231,EASTER BUNNY WITH BASKET ON BACK,0.28,1.57,6.85,8.82,Low
84247E,PACK/12 XMAS FUN CARD,0.21,1.45,6.31,7.81,Low
84247G,"DECOUPAGE,GREETING CARD,",0.9,4.02,17.56,23.85,Low
84247K,"FOLK ART GREETING CARD,pack/12",0.06,0.65,2.85,3.26,Low
84247L,FAWN AND MUSHROOM GREETING CARD,0.29,2.04,8.91,10.93,Low
84247N,PACK/12 BLUE FOLKART CARDS,0.06,0.29,1.25,1.66,Low
84249A,"GREETING CARD,SQUARE, DOUGHNUTS",0.43,2.68,11.7,14.69,Low
84251B,"GREETING CARD, STICKY GORDON",0.42,2.53,11.03,13.97,Low
84251C,"GREETING CARD, TWO SISTERS.",0.06,0.88,3.83,4.27,Low
84251G,"GREETING CARD, OVERCROWDED POOL.",0.48,2.36,10.29,13.66,Low
84279B,CHERRY BLOSSOM DECORATIVE FLASK,0.48,1.61,7.02,10.37,Low
84279P,CHERRY BLOSSOM  DECORATIVE FLASK,0.9,2.35,10.26,16.55,Low
84306,S/3 PINK SQUARE PLANTERS ROSES,0.01,0.07,0.32,0.36,Low
84313B,BLUE TV TRAY TABLE ,0.2,1.9,8.29,9.72,Low
84313C,ORANGE TV TRAY TABLE ,1.23,11.17,48.76,57.38,Medium
84341B,SMALL PINK MAGIC CHRISTMAS TREE,1.65,8.0,34.93,46.5,Medium
84347,ROTATING SILVER ANGELS T-LIGHT HLDR,21.1,69.89,305.11,452.82,High
84352,SILVER CHRISTMAS TREE BAUBLE STAND ,0.09,0.42,1.84,2.46,Low
84356,POMPOM CURTAIN,0.9,4.36,19.03,25.33,Low
84358,FLOOR LAMP SHADE WOOD BASE,0.09,0.53,2.32,2.92,Low
84360,TABLE LAMP WHITE SHADE WOOD BASE,0.2,1.93,8.43,9.81,Low
84375,SET OF 20 KIDS COOKIE CUTTERS,11.07,19.49,85.08,162.55,Medium
84378,SET OF 3 HEART COOKIE CUTTERS,16.05,47.54,207.54,319.86,High
84380,SET OF 3 BUTTERFLY COOKIE CUTTERS,14.14,25.5,111.32,210.27,High
84387A,BIRD ON BRANCH CANVAS SCREEN,0.03,0.57,2.48,2.69,Low
84388,WISE MAN STAR SHAPE EGG PAN,0.06,0.66,2.88,3.33,Low
84402B,PURPLE DRESS JEWELLERY STAND,0.16,2.61,11.38,12.52,Low
84406B,CREAM CUPID HEARTS COAT HANGER,5.13,14.98,65.41,101.29,Medium
84415A,PINK FLOCK SUEDE CUSHION COVER ,0.03,0.44,1.91,2.14,Low
84415B,BLUE FLOCK CUSHION COVER ,0.02,0.23,1.01,1.12,Low
84422,PINK/BLUE DISC/MIRROR STRING,1.47,24.88,108.62,118.93,Medium
84429A,MEDIUM PINK BUDDHA HEAD ,0.12,0.87,3.81,4.67,Low
84452,METAL RABBIT LADDER EASTER ,0.2,1.25,5.44,6.83,Low
84457,SET/3 RABBITS FLOWER SKIPPPING ROPE,0.32,1.86,8.13,10.36,Low
84459A,PINK METAL CHICKEN HEART ,1.79,12.52,54.67,67.21,Medium
84459B,YELLOW METAL CHICKEN HEART ,1.81,11.94,52.14,64.79,Medium
84461,12 PINK HEN+CHICKS IN BASKET,0.11,0.84,3.65,4.42,Low
84462,3 PINK HEN+CHICKS IN BASKET,0.03,0.27,1.19,1.41,Low
84465,15 PINK FLUFFY CHICKS IN BOX,0.03,0.21,0.9,1.08,Low
84466,TOP SECRET PEN SET,0.12,1.03,4.49,5.35,Low
84497,BUTTONS AND STRIPES NOTEBOOK ,0.03,0.35,1.51,1.75,Low
84499,BLACK FLOWER CANDLE PLATE,0.02,0.31,1.37,1.5,Low
84507B,STRIPES DESIGN MONKEY DOLL,0.08,0.53,2.31,2.89,Low
84507C,BLUE CIRCLES DESIGN MONKEY DOLL,0.17,0.78,3.4,4.58,Low
84508A,CAMOUFLAGE DESIGN TEDDY,4.36,26.75,116.77,147.28,Medium
84508B,STRIPES DESIGN TEDDY,0.15,0.65,2.86,3.9,Low
84508C,BLUE CIRCLES DESIGN TEDDY,0.14,0.72,3.15,4.1,Low
84509A,SET OF 4 ENGLISH ROSE PLACEMATS,1.64,5.0,21.83,33.28,Medium
84509B,SET OF 4 FAIRY CAKE PLACEMATS,0.42,1.39,6.08,9.0,Low
84509C,SET OF 4 POLKADOT PLACEMATS ,0.21,1.39,6.06,7.5,Low
84509E,SET OF 4 CAROUSEL PLACEMATS ,0.19,1.87,8.18,9.49,Low
84509G,SET OF 4 FAIRY CAKE PLACEMATS ,1.31,7.88,34.41,43.6,Medium
84510A,SET OF 4 ENGLISH ROSE COASTERS,2.83,8.49,37.06,56.86,Medium
84510C,SET OF 4 POLKADOT COASTERS,0.26,1.25,5.47,7.27,Low
84510E,SET OF 4 GREEN CAROUSEL COASTERS,0.07,0.59,2.59,3.06,Low
84519A,TOMATO CHARLIE+LOLA COASTER SET,1.28,5.97,26.08,35.01,Medium
84519B,CARROT CHARLIE+LOLA COASTER SET,1.14,4.23,18.45,26.41,Low
84520B,PACK 20 ENGLISH ROSE PAPER NAPKINS,1.29,7.12,31.08,40.09,Medium
84522,PINK PARTY SUNGLASSES,0.03,0.34,1.49,1.72,Low
84527,FLAMES SUNGLASSES PINK LENSES,0.13,1.45,6.32,7.2,Low
84531A,PINK KNITTED EGG COSY,0.37,2.22,9.68,12.3,Low
84531B,BLUE KNITTED EGG COSY,0.4,2.23,9.73,12.52,Low
84534B,FAIRY CAKE NOTEBOOK A5 SIZE,0.12,1.51,6.6,7.46,Low
84535A,ENGLISH ROSE NOTEBOOK A6 SIZE,1.06,16.6,72.45,79.9,Medium
84535B,FAIRY CAKES NOTEBOOK A6 SIZE,3.4,12.67,55.31,79.11,Medium
84536A,ENGLISH ROSE NOTEBOOK A7 SIZE,7.3,14.57,63.62,114.7,Medium
84536B,FAIRY CAKES NOTEBOOK A7 SIZE,4.5,21.8,95.15,126.67,Medium
84539,KNITTED RABBIT DOLL ,0.04,0.83,3.61,3.91,Low
84548,CROCHET BEAR RED/BLUE  KEYRING,0.04,0.56,2.44,2.72,Low
84549,CROCHET WHITE RABBIT KEYRING ,0.08,1.28,5.58,6.16,Low
84550,CROCHET LILAC/RED BEAR KEYRING,0.0,0.05,0.23,0.24,Low
84551,CROCHET DOG KEYRING,0.0,0.05,0.23,0.24,Low
84558A,3D DOG PICTURE PLAYING CARDS,0.78,3.53,15.4,20.83,Low
84559A,3D SHEET OF DOG STICKERS,0.73,3.36,14.67,19.76,Low
84559B,3D SHEET OF CAT STICKERS,0.58,2.59,11.29,15.33,Low
84562A,PINK/WHITE RIBBED MELAMINE JUG,0.01,0.07,0.32,0.36,Low
84563A,PINK & WHITE BREAKFAST TRAY,0.16,1.04,4.53,5.63,Low
84563B,BLUE & WHITE BREAKFAST TRAY,0.18,1.06,4.61,5.9,Low
84568,GIRLS ALPHABET IRON ON PATCHES ,29.52,166.18,725.44,932.07,High
84569A,PACK 3 IRON ON DOG PATCHES,0.51,2.29,10.01,13.58,Low
84569B,PACK 3 FIRE ENGINE/CAR PATCHES,0.2,1.42,6.21,7.62,Low
84569C,PACK 4 FLOWER/BUTTERFLY PATCHES,0.0,0.05,0.23,0.24,Low
84569D,PACK 6 HEART/ICE-CREAM PATCHES,0.72,3.21,14.03,19.04,Low
84575A,PINK DOG CANNISTER,0.04,0.53,2.32,2.58,Low
84576,BLUE CAT BISCUIT BARREL PINK HEART,0.15,1.34,5.85,6.92,Low
84580,MOUSE TOY WITH PINK T-SHIRT,0.89,2.18,9.51,15.77,Low
84581,DOG TOY WITH PINK CROCHET SKIRT,0.44,1.25,5.47,8.54,Low
84584,PINK GINGHAM CAT WITH SCARF,0.22,1.24,5.43,6.98,Low
84592,CROCHET ROSE PURSE WITH SUEDE BACK,0.19,0.97,4.22,5.53,Low
84593,CROCHET ROSE DES CLOTHES HANGER,0.01,0.26,1.13,1.22,Low
84595E,LARGE TORTILLA DESIGN RED BOWL,0.17,1.38,6.04,7.23,Low
84596B,SMALL DOLLY MIX DESIGN ORANGE BOWL,11.86,23.47,102.45,185.48,Medium
84596E,SMALL LICORICE DES PINK BOWL,1.05,7.23,31.55,38.87,Medium
84596F,SMALL MARSHMALLOWS PINK BOWL,8.78,17.49,76.34,137.82,Medium
84596G,SMALL CHOCOLATES PINK BOWL,4.44,11.57,50.52,81.59,Medium
84596J,MIXED NUTS LIGHT GREEN BOWL,1.25,7.98,34.82,43.6,Medium
84596L,BISCUITS SMALL BOWL LIGHT BLUE,2.78,10.09,44.06,63.48,Medium
84597B,RETRO BROWN BALL ASHTRAY ,0.11,1.09,4.74,5.51,Low
84597C,RETRO PINK BALL ASHTRAY ,0.12,0.95,4.15,5.01,Low
84598,BOYS ALPHABET IRON ON PATCHES,3.34,30.05,131.18,154.54,Medium
84600,NEW BAROQUE JEWELLERY BOX ,0.13,0.73,3.2,4.09,Low
84609,TALL ROCOCO CANDLE HOLDER,0.24,1.5,6.54,8.23,Low
84613A,PINK NEW BAROQUE FLOCK CANDLESTICK,0.02,0.19,0.84,0.96,Low
84613C,BLUE NEW BAROQUE FLOCK CANDLESTICK,0.0,0.05,0.23,0.24,Low
84614A,PINK BAROQUE FLOCK CANDLE HOLDER,0.01,0.1,0.45,0.49,Low
84616,SILVER ROCCOCO CHANDELIER,0.03,0.25,1.08,1.28,Low
84617,NEW BAROQUE BLACK BOXES,0.01,0.09,0.39,0.45,Low
84620,BLUE GINGHAM ROSE CUSHION COVER,0.01,0.1,0.45,0.49,Low
84625A,PINK NEW BAROQUECANDLESTICK CANDLE,1.22,5.37,23.44,31.96,Medium
84625C,BLUE NEW BAROQUE CANDLESTICK CANDLE,1.17,5.57,24.32,32.54,Medium
84629,WHITE 3 FRAME BIRDS AND TREE ,0.05,0.41,1.79,2.17,Low
84631,FRUIT TREE AND BIRDS WALL PLAQUE,0.04,0.32,1.38,1.68,Low
84632,DECORATIVE HANGING SHELVING UNIT,0.02,0.15,0.64,0.75,Low
84637,KITCHEN FLOWER POTS WALL PLAQUE,0.08,0.45,1.95,2.5,Low
84638,SMALL KITCHEN FLOWER POTS PLAQUE,0.05,0.29,1.28,1.63,Low
84658,WHITE STITCHED CUSHION COVER,0.12,0.64,2.81,3.64,Low
84659A,WHITE TRAVEL ALARM CLOCK,0.36,3.1,13.55,16.06,Low
84660A,WHITE STITCHED WALL CLOCK,2.24,13.34,58.22,73.89,Medium
84660B,BLACK STITCHED WALL CLOCK,1.86,11.01,48.07,61.08,Medium
84660C,PINK STITCHED WALL CLOCK,1.71,10.24,44.71,56.67,Medium
84661A,WHITE SQUARE TABLE CLOCK,0.25,2.69,11.76,13.52,Low
84661B,BLACK SQUARE TABLE CLOCK,0.25,2.49,10.87,12.64,Low
84661C,PINK SQUARE TABLE CLOCK,0.17,2.57,11.22,12.38,Low
84663A,GRASS HOPPER WOODEN WALL CLOCK ,0.7,6.11,26.68,31.55,Medium
84665,SQUARE CHERRY BLOSSOM CABINET,0.28,1.66,7.25,9.21,Low
84666,SQUARE CHERRY BLOSSOM CABINET,0.06,0.62,2.7,3.15,Low
84673A,PINK FLY SWAT,0.17,0.88,3.84,5.02,Low
84673B,BLUE FLY SWAT,0.36,1.99,8.68,11.21,Low
84674,FLYING PIG WATERING CAN,0.5,2.41,10.53,14.01,Low
84675,FROG KING WATERING CAN,0.02,0.33,1.44,1.61,Low
84678,CLASSICAL ROSE SMALL VASE,0.37,3.13,13.67,16.25,Low
84679,CLASSICAL ROSE TABLE LAMP,0.02,0.23,1.01,1.12,Low
84683,CLASSICAL ROSE CANDLESTAND,0.5,4.54,19.82,23.32,Low
84685,BEACH HUT KEY CABINET,0.06,0.41,1.81,2.2,Low
84686,BEACH HUT MIRROR,0.13,1.43,6.26,7.18,Low
84687,BEACH HUT SHELF W 3 DRAWERS,0.19,1.21,5.3,6.61,Low
84688,BEACH HUT DESIGN BLACKBOARD,0.09,0.71,3.09,3.73,Low
84689,S/2 BEACH HUT TREASURE CHESTS,0.01,0.12,0.5,0.56,Low
84691,PACK 20 DOLLY PEGS,0.65,7.15,31.2,35.73,Medium
84692,BOX OF 24 COCKTAIL PARASOLS,18.19,34.14,149.05,276.38,High
84705C,PINK FLOCK PHOTO FRAME ,0.03,0.62,2.71,2.93,Low
84706D,CHERRY BLOSSOM TABLE CLOCK ,0.02,0.18,0.78,0.89,Low
84706F,RED PEONY TABLE CLOCK,0.04,0.28,1.22,1.52,Low
84707A,SILVER JEWELLED MIRROR TRINKET TRAY,0.18,1.12,4.87,6.11,Low
84707B,PINK JEWELLED MIRROR TRINKET TRAY,0.08,0.76,3.33,3.87,Low
84708B,PINK JEWELLED PHOTO FRAME ,0.14,0.88,3.83,4.82,Low
84709B,PINK OVAL JEWELLED MIRROR,0.05,0.34,1.48,1.86,Low
84711A,SILVER OVAL SHAPE TRINKET BOX,0.04,0.28,1.23,1.49,Low
84711B,PINK OVAL SHAPE TRINKET BOX,0.04,0.29,1.29,1.57,Low
84712B,PINK JEWELLED PHOTO FRAME,0.05,0.3,1.32,1.67,Low
84715,SET OF 6 ICE CREAM SKITTLES,0.04,0.51,2.21,2.51,Low
84723,CHERRY BLOSSOM CANVAS ART PICTURE,0.11,1.33,5.82,6.59,Low
84725,FREESTYLE CANVAS ART PICTURE,0.11,0.94,4.08,4.85,Low
84731,3 BIRDS CANVAS SCREEN,0.01,0.07,0.32,0.36,Low
84732B,CUTE BIRD CEATURE SCREEN,0.06,1.04,4.54,4.95,Low
84732D,CUTE RABBIT CEATURE SCREEN ,0.03,0.48,2.08,2.29,Low
84741C,CITRUS GARLAND FELT FLOWERS ,0.16,0.94,4.12,5.24,Low
84743C,ORANGE FELT VASE + FLOWERS,0.0,0.05,0.23,0.24,Low
84744,S/6 SEW ON CROCHET FLOWERS,0.29,1.94,8.49,10.51,Low
84745A,PINK HANGING GINGHAM EASTER HEN,0.09,0.77,3.36,3.96,Low
84745B,BLUE HANGING GINGHAM EASTER HEN,0.09,0.77,3.36,3.96,Low
84746,PINK EASTER HENS+FLOWER,0.01,0.16,0.68,0.73,Low
84748,FOLK FELT HANGING MULTICOL GARLAND,0.06,0.49,2.15,2.6,Low
84750A,PINK SMALL GLASS CAKE STAND,0.06,1.24,5.42,5.87,Low
84750B,BLACK SMALL GLASS CAKE STAND,0.16,1.16,5.05,6.19,Low
84751B,BLACK MEDIUM GLASS CAKE STAND,0.05,0.34,1.5,1.82,Low
84754,S/15 SILVER GLASS BAUBLES IN BAG,1.34,9.1,39.74,49.14,Medium
84755,COLOUR GLASS T-LIGHT HOLDER HANGING,41.61,65.46,285.77,577.05,High
84760S,SMALL HANGING GLASS+ZINC LANTERN,0.11,0.89,3.89,4.69,Low
84763,ZINC FINISH 15CM PLANTER POTS,1.53,8.22,35.88,46.6,Medium
84766,SILVER ROCOCO CANDLE STICK,0.39,2.84,12.42,15.15,Low
84773,RED ROSE AND LACE C/COVER,0.01,0.16,0.68,0.73,Low
84789,ENCHANTED BIRD PLANT CAGE,0.48,2.57,11.23,14.6,Low
84792,ENCHANTED BIRD COATHANGER 5 HOOK,2.07,4.5,19.66,34.15,Medium
84795B,SUNSET CHECK HAMMOCK,0.45,1.97,8.6,11.73,Low
84795C,OCEAN STRIPE HAMMOCK ,0.01,0.1,0.45,0.49,Low
84796A,PINK HAWAIIAN PICNIC HAMPER FOR 2,0.04,0.24,1.05,1.31,Low
84796B,BLUE SAVANNAH PICNIC HAMPER FOR 2,0.18,1.54,6.74,8.03,Low
84798A,PINK FOXGLOVE ARTIIFCIAL FLOWER,0.04,0.44,1.94,2.2,Low
84798B,PURPLE FOXGLOVE ARTIIFCIAL FLOWER,0.02,0.31,1.37,1.5,Low
84799,SPRIG LAVENDER ARTIFICIAL FLOWER,0.59,4.6,20.06,24.18,Low
84800L,LARGE WHITE/PINK ROSE ART FLOWER,0.96,5.06,22.1,28.84,Low
84800M,MEDIUM WHITE/PINK ROSE ART FLOWER,0.34,2.58,11.28,13.66,Low
84800S,SMALL WHITE/PINK ROSE ART FLOWER,0.29,2.72,11.86,13.87,Low
84801A,PINK HYDRANGEA ART FLOWER,0.12,1.1,4.82,5.68,Low
84801B,WHITE HYDRANGEA ART FLOWER,0.06,0.72,3.15,3.57,Low
84802A,WHITE ANEMONE ARTIFICIAL FLOWER,0.01,0.1,0.45,0.49,Low
84802B,PURPLE ANEMONE ARTIFICIAL FLOWER,0.01,0.21,0.9,0.98,Low
84803B,WHITE ALLIUM  ARTIFICIAL FLOWER,0.04,0.58,2.52,2.8,Low
84804A,CREAM DELPHINIUM ARTIFICIAL FLOWER,0.19,1.62,7.06,8.38,Low
84804B,BLUE DELPHINIUM ARTIFICIAL FLOWER,0.26,2.48,10.81,12.66,Low
84805A,CREAM CLIMBING HYDRANGA ART FLOWER,0.08,0.93,4.05,4.62,Low
84805B,BLUE CLIMBING HYDRANGA ART FLOWER,0.1,1.39,6.07,6.78,Low
84806A,PINK CANDYSTUFT ARTIFICIAL FLOWER,0.37,3.63,15.87,18.43,Low
84806B,WHITE CANDYSTUFT ARTIFICIAL FLOWER,0.79,4.36,19.02,24.56,Low
84809A,WHITE CHRYSANTHEMUMS ART FLOWER,0.1,1.11,4.83,5.54,Low
84809B,PINK CHRYSANTHEMUMS ART FLOWER,0.05,0.93,4.06,4.4,Low
84813,SET OF 4 DIAMOND NAPKIN RINGS,0.39,2.66,11.62,14.33,Low
84816,DANISH ROSE BEDSIDE CABINET,0.03,0.22,0.97,1.22,Low
84817,DANISH ROSE DECORATIVE PLATE,2.54,14.22,62.06,79.85,Medium
84818,DANISH ROSE PHOTO FRAME,3.8,12.42,54.23,80.86,Medium
84819,DANISH ROSE ROUND SEWING BOX,2.17,13.22,57.73,72.91,Medium
84820,DANISH ROSE TRINKET TRAYS,0.69,5.34,23.32,28.17,Low
84821,DANISH ROSE DELUXE COASTER,2.5,12.62,55.09,72.59,Medium
84823,DANISH ROSE FOLDING CHAIR,0.3,2.18,9.54,11.63,Low
84824,DANISH ROSE UMBRELLA STAND,0.01,0.07,0.32,0.36,Low
84826,ASSTD DESIGN 3D PAPER STICKERS,3.1,18.27,79.76,101.45,Medium
84827,ASS DES PHONE SPONGE CRAFT STICKER,1.36,9.98,43.58,53.1,Medium
84828,JUNGLE POPSICLES ICE LOLLY HOLDERS,2.54,8.2,35.78,53.56,Medium
84832,ZINC WILLIE WINKIE  CANDLE STICK,6.97,17.12,74.74,123.52,Medium
84836,ZINC METAL HEART DECORATION,15.37,26.64,116.3,223.92,High
84840,SWEETHEART CARRY-ALL BASKET,0.01,0.09,0.39,0.45,Low
84842,HELLO SAILOR BATHROOM SET,0.04,0.26,1.14,1.4,Low
84843,WHITE SOAP RACK WITH 2 BOTTLES,0.43,2.56,11.18,14.19,Low
84846A,SCENTED CANDLE IN DIGITALIS TIN,0.14,1.37,5.98,6.96,Low
84847,FLORAL BATHROOM SET,0.05,0.38,1.68,2.05,Low
84849A,HELLO SAILOR BLUE SOAP HOLDER,0.41,1.91,8.36,11.26,Low
84849B,FAIRY SOAP SOAP HOLDER,0.62,2.57,11.23,15.57,Low
84849D,HOT BATHS SOAP HOLDER,1.28,5.82,25.4,34.36,Medium
84854,GIRLY PINK TOOL SET,0.01,0.26,1.13,1.22,Low
84857B,BLUE MONTE CARLO HANDBAG,0.06,1.24,5.42,5.87,Low
84857C,PINK MONTE CARLO HANDBAG,0.25,1.91,8.33,10.1,Low
84858C,PINK RIVIERA HANDBAG,0.49,7.96,34.74,38.2,Medium
84859A,SILVER DISCO HANDBAG,0.33,1.61,7.05,9.35,Low
84859B,BLUE DISCO HANDBAG,0.08,0.72,3.13,3.69,Low
84859C,PINK DISCO HANDBAG,0.22,1.45,6.32,7.87,Low
84865,NEW BAROQUE BLACK PHOTO ALBUM,0.06,0.57,2.48,2.93,Low
84870B,BLUE GEISHA GIRL ,0.05,0.39,1.71,2.08,Low
84870C,GREEN GEISHA GIRL ,0.05,0.39,1.71,2.08,Low
84872A,TEATIME FUNKY FLOWER BACKPACK FOR 2,0.01,0.09,0.39,0.45,Low
84873A,FUNKY FLOWER PICNIC BAG FOR 4,0.01,0.07,0.32,0.36,Low
84874B,BLUE TRAVEL FIRST AID KIT,0.09,0.9,3.92,4.56,Low
84875B,GREEN SQUARE COMPACT MIRROR,0.33,2.55,11.13,13.47,Low
84875D,BLUE SQUARE COMPACT MIRROR,0.14,1.15,5.01,5.97,Low
84876B,GREEN HEART COMPACT MIRROR,0.54,3.73,16.27,20.04,Low
84876D,BLUE HEART COMPACT MIRROR,0.33,2.57,11.2,13.52,Low
84877A,PINK ROUND COMPACT MIRROR,0.03,0.62,2.71,2.93,Low
84877B,GREEN ROUND COMPACT MIRROR,0.34,2.76,12.07,14.43,Low
84877D,BLUE ROUND COMPACT MIRROR,0.23,2.17,9.45,11.08,Low
84879,ASSORTED COLOUR BIRD ORNAMENT,94.29,208.11,908.5,1568.5,High
84880,WHITE WIRE EGG HOLDER,0.8,2.96,12.92,18.56,Low
84881,BLUE WIRE SPIRAL CANDLE HOLDER,0.03,0.28,1.21,1.42,Low
84882,GREEN WIRE STANDING CANDLE HOLDER,0.09,0.51,2.25,2.88,Low
84884A,ANT WHITE WIRE HEART SPIRAL,0.76,3.12,13.63,18.99,Low
84898F,YELLOW FLOWERS FELT HANDBAG KIT,0.12,0.84,3.68,4.53,Low
84905,PINK BUTTERFLY CUSHION COVER ,0.03,0.46,2.02,2.24,Low
84906,PINK B'FLY C/COVER W BOBBLES,0.07,0.53,2.3,2.83,Low
84907,PINK YELLOW PATCH CUSHION COVER,0.01,0.15,0.68,0.77,Low
84910A,PINK PAISLEY CUSHION COVER ,0.03,0.22,0.95,1.14,Low
84912A,PINK ROSE WASHBAG,0.28,1.06,4.65,6.57,Low
84912B,GREEN ROSE WASHBAG,0.4,1.3,5.66,8.43,Low
84913A,SOFT PINK ROSE TOWEL ,0.1,0.67,2.92,3.62,Low
84913B,MINT GREEN ROSE TOWEL,0.19,0.87,3.82,5.13,Low
84915,HAND TOWEL PINK FLOWER AND DAISY,0.53,5.82,25.39,29.11,Medium
84916,HAND TOWEL PALE BLUE W FLOWERS,0.57,5.55,24.21,28.18,Low
84917,WHITE HAND TOWEL WITH BUTTERFLY,0.45,3.29,14.38,17.56,Low
84919,BLUE CUSHION COVER WITH FLOWER,0.08,0.67,2.92,3.46,Low
84920,PINK FLOWER FABRIC PONY,0.19,0.84,3.68,5.01,Low
84921,CREAM AND PINK FLOWERS PONY ,0.03,0.34,1.48,1.68,Low
84922,PINK BUTTERFLY WASHBAG,0.02,0.21,0.9,1.05,Low
84924A,WAKE UP COCKEREL CALENDAR SIGN ,0.19,0.95,4.16,5.5,Low
84924F,PSYCHEDELIC METAL SIGN CALENDAR,0.03,0.32,1.39,1.58,Low
84925D,LA PALMIERA WALL THERMOMETER,0.04,0.27,1.16,1.44,Low
84925F,PSYCHEDELIC WALL THERMOMETER,0.21,1.57,6.87,8.35,Low
84926A,WAKE UP COCKEREL TILE COASTER,1.6,6.89,30.08,41.25,Medium
84926D,LA PALMIERA TILE COASTER,1.89,9.25,40.4,53.59,Medium
84926E,FLOWERS TILE COASTER,2.58,12.45,54.37,72.45,Medium
84926F,PSYCHEDELIC TILE COASTER,1.13,6.8,29.67,37.58,Medium
84927A,WAKE UP COCKEREL TILE HOOK,0.12,0.78,3.39,4.25,Low
84927D,LA PALMIERA TILE HOOK,0.12,0.77,3.34,4.17,Low
84927E,FLOWERS TILE HOOK,0.15,1.09,4.74,5.81,Low
84927F,PSYCHEDELIC TILE HOOK,0.79,3.56,15.55,21.07,Low
84929,ASSTD FRUIT+FLOWERS FRIDGE MAGNETS,6.0,26.82,117.07,159.07,Medium
84931A,PINK SCOTTIE DOG W FLOWER PATTERN,0.22,1.02,4.46,6.0,Low
84931B,BLUE SCOTTIE DOG W FLOWER PATTERN,0.35,2.06,9.01,11.46,Low
84944,SET OF 6 KASHMIR FOLKART BAUBLES,1.51,7.12,31.08,41.62,Medium
84945,MULTI COLOUR SILVER T-LIGHT HOLDER,27.45,62.63,273.43,465.59,High
84946,ANTIQUE SILVER TEA GLASS ETCHED,43.95,61.84,269.94,577.57,High
84947,ANTIQUE SILVER TEA GLASS ENGRAVED,21.98,53.03,231.51,385.34,High
84949,SILVER HANGING T-LIGHT HOLDER,12.44,35.03,152.93,240.02,High
84950,ASSORTED COLOUR T-LIGHT HOLDER,8.95,94.75,413.64,476.32,High
84951A,SET OF 4 PISTACHIO LOVEBIRD COASTER,0.97,4.3,18.79,25.57,Low
84951B,SET OF 4 BLACK LOVEBIRD COASTERS,0.89,4.8,20.95,27.2,Low
84952A,CLEAR LOVE BIRD T-LIGHT HOLDER,0.1,1.07,4.69,5.4,Low
84952B,BLACK LOVE BIRD T-LIGHT HOLDER,0.39,4.08,17.82,20.53,Low
84952C,MIRROR LOVE BIRD T-LIGHT HOLDER,0.37,4.25,18.57,21.19,Low
84963A,PINK PAINTED KASHMIRI CHAIR,0.01,0.21,0.9,0.98,Low
84963B,BLUE PAINTED KASHMIRI CHAIR,0.01,0.16,0.68,0.73,Low
84968A,SET OF 16 VINTAGE ROSE CUTLERY,0.39,2.12,9.23,11.99,Low
84968B,SET OF 16 VINTAGE IVORY CUTLERY,0.01,0.07,0.32,0.36,Low
84968C,SET OF 16 VINTAGE PISTACHIO CUTLERY,0.25,0.97,4.24,6.0,Low
84968D,SET OF 16 VINTAGE RED CUTLERY,0.17,0.87,3.81,4.97,Low
84968E,SET OF 16 VINTAGE BLACK CUTLERY,0.23,1.85,8.09,9.72,Low
84968F,SET OF 16 VINTAGE SKY BLUE CUTLERY,0.21,1.46,6.37,7.83,Low
84969,BOX OF 6 ASSORTED COLOUR TEASPOONS,0.79,2.51,10.94,16.46,Low
84970L,SINGLE HEART ZINC T-LIGHT HOLDER,15.24,26.61,116.18,222.84,High
84970S,HANGING HEART ZINC T-LIGHT HOLDER,22.58,40.27,175.81,333.85,High
84971S,SMALL HEART FLOWERS HOOK ,4.42,11.29,49.28,80.24,Medium
84974,S/2 ZINC HEART DESIGN PLANTERS,0.1,0.49,2.13,2.86,Low
84975,HEART SHAPED MIRROR,0.01,0.19,0.81,0.91,Low
84976,RECTANGULAR SHAPED MIRROR,1.34,9.57,41.77,51.17,Medium
84978,HANGING HEART JAR T-LIGHT HOLDER,29.31,42.44,185.26,390.41,High
84984A,GREEN PEONY CUSHION COVER,0.05,0.44,1.92,2.27,Low
84984B,RED PEONY CUSHION COVER ,0.05,0.43,1.87,2.19,Low
84984D,ORIENTAL RED CUSHION COVER ,0.03,0.38,1.64,1.88,Low
84985A,SET OF 72 GREEN PAPER DOILIES,0.11,0.62,2.72,3.48,Low
84987,SET OF 36 TEATIME PAPER DOILIES,7.82,22.83,99.68,154.44,Medium
84988,SET OF 72 PINK HEART PAPER DOILIES,10.57,25.72,112.27,186.25,Medium
84989A,75 GREEN FAIRY CAKE CASES,0.07,0.38,1.65,2.15,Low
84990,60 GOLD AND SILVER FAIRY CAKE CASES,0.01,0.07,0.32,0.36,Low
84991,60 TEATIME FAIRY CAKE CASES,47.23,98.58,430.35,760.96,High
84992,72 SWEETHEART FAIRY CAKE CASES,34.84,103.53,451.98,695.83,High
84993A,75 GREEN PETIT FOUR CASES,0.82,4.07,17.79,23.5,Low
84993B,75 BLACK PETIT FOUR CASES,0.15,1.06,4.61,5.68,Low
84997A,GREEN 3 PIECE POLKADOT CUTLERY SET,6.75,20.96,91.52,138.77,Medium
84997B,RED 3 PIECE RETROSPOT CUTLERY SET,10.79,30.13,131.54,207.06,High
84997C,BLUE 3 PIECE POLKADOT CUTLERY SET,9.87,34.54,150.79,219.91,High
84997D,PINK 3 PIECE POLKADOT CUTLERY SET,13.16,39.56,172.72,264.81,High
85006,SET 4 NURSERY DES ROUND BOXES,0.15,1.21,5.27,6.3,Low
85008,SET OF 3 CONEY ISLAND OVAL BOXES,0.03,0.26,1.14,1.37,Low
85014A,BLACK/BLUE POLKADOT UMBRELLA,3.03,8.71,38.02,59.2,Medium
85014B,RED RETROSPOT UMBRELLA,4.92,14.94,65.2,99.66,Medium
85015,SET OF 12  VINTAGE POSTCARD SET,5.69,15.47,67.53,107.36,Medium
85016,SET OF 6 VINTAGE NOTELETS KIT,1.4,11.15,48.69,58.46,Medium
85017A,ENVELOPE 50 ROMANTIC IMAGES,0.02,0.22,0.96,1.07,Low
85017B,ENVELOPE 50 BLOSSOM IMAGES,2.53,8.9,38.87,56.59,Medium
85017C,ENVELOPE 50 CURIOUS IMAGES,0.13,0.94,4.11,5.03,Low
85018D,YULETIDE IMAGES S/6 PAPER BOXES,0.03,0.43,1.86,2.08,Low
85019A,ROMANTIC IMAGES NOTEBOOK SET,1.09,5.17,22.59,30.24,Medium
85019B,BLOSSOM  IMAGES NOTEBOOK SET,1.33,5.95,26.0,35.32,Medium
85019C,CURIOUS  IMAGES NOTEBOOK SET,0.48,4.11,17.94,21.33,Low
85020,ROUND PINK HEART MIRROR,0.21,1.22,5.31,6.77,Low
85023B,EAU DE NILE JEWELLED PHOTOFRAME,0.28,3.77,16.47,18.42,Low
85024B,EAU DE NILE JEWELLED PHOTOFRAME,0.52,7.52,32.83,36.44,Medium
85024C,PINK SMALL JEWELLED PHOTOFRAME,0.03,0.22,0.95,1.17,Low
85025B,EAU DE NILE HEART SHAPE PHOTO FRAME,0.81,7.86,34.3,39.97,Medium
85025C,PINK HEART SHAPE PHOTO FRAME,0.82,8.08,35.28,41.03,Medium
85026B,EAU DE NILE JEWELLED T-LIGHT HOLDER,0.2,1.51,6.59,7.99,Low
85027L,FRENCH CHATEAU LARGE PLATTER ,0.19,1.13,4.94,6.25,Low
85028L,FRENCH CHATEAU LARGE FRUIT BOWL ,0.03,0.3,1.31,1.5,Low
85028S,FRENCH CHATEAU SMALL FRUITBOWL,0.06,0.65,2.83,3.28,Low
85030,FRENCH CHATEAU OVAL PLATTER,0.04,0.37,1.64,1.92,Low
85031A,ROMANTIC IMAGES SCRAP BOOK SET,0.04,0.39,1.68,1.98,Low
85031B,BLOSSOM IMAGES SCRAP BOOK SET,0.0,0.05,0.23,0.24,Low
85031C,CURIOUS IMAGES SCRAP BOOK SET,0.01,0.16,0.68,0.73,Low
85032A,ROMANTIC IMAGES GIFT WRAP SET,1.97,6.87,29.99,43.78,Medium
85032B,BLOSSOM IMAGES GIFT WRAP SET,1.98,6.36,27.78,41.61,Medium
85032C,CURIOUS IMAGES GIFT WRAP SET,1.59,5.93,25.9,37.03,Medium
85032D,YULETIDE IMAGES GIFT WRAP SET,1.68,6.4,27.94,39.73,Medium
85034A,3 GARDENIA MORRIS BOXED CANDLES,1.31,6.43,28.06,37.21,Medium
85034B,3 WHITE CHOC MORRIS BOXED CANDLES,2.35,8.31,36.28,52.75,Medium
85034C,3 ROSE MORRIS BOXED CANDLES,2.86,10.28,44.86,64.85,Medium
85035A,GARDENIA 3 WICK MORRIS BOXED CANDLE,0.7,2.97,12.98,17.85,Low
85035B,CHOCOLATE 3 WICK MORRIS BOX CANDLE,1.49,16.66,72.73,83.15,Medium
85035C,ROSE 3 WICK MORRIS BOX CANDLE,2.91,19.29,84.2,104.6,Medium
85036A,GARDENIA 1 WICK MORRIS BOXED CANDLE,0.53,2.78,12.12,15.84,Low
85036B,CHOCOLATE 1 WICK MORRIS BOX CANDLE,0.94,6.21,27.09,33.68,Medium
85036C,ROSE 1 WICK MORRIS BOXED CANDLE,1.94,12.67,55.32,68.91,Medium
85038,6 CHOCOLATE LOVE HEART T-LIGHTS,2.71,13.22,57.7,76.67,Medium
85039A,SET/4 RED MINI ROSE CANDLE IN BOWL,1.18,6.92,30.19,38.48,Medium
85039B,S/4 IVORY MINI ROSE CANDLE IN BOWL,1.31,8.54,37.28,46.47,Medium
85039C,S/4 BLACK MINI ROSE CANDLE IN BOWL,0.59,6.1,26.65,30.8,Medium
85040A,S/4 PINK FLOWER CANDLES IN BOWL,2.15,6.0,26.19,41.25,Medium
85040B,SET/4 BLUE FLOWER CANDLES IN BOWL,0.36,1.52,6.64,9.16,Low
85045,GREEN CHRISTMAS TREE STRING 20LIGHT,0.11,1.29,5.65,6.42,Low
85047,WHITE BEADED GARLAND STRING 20LIGHT,0.01,0.12,0.5,0.56,Low
85048,15CM CHRISTMAS GLASS BALL 20 LIGHTS,3.39,9.22,40.26,63.95,Medium
85049A,TRADITIONAL CHRISTMAS RIBBONS,7.76,23.19,101.25,155.58,Medium
85049B,LUSH GREENS RIBBONS,0.14,1.34,5.86,6.87,Low
85049C,ROMANTIC PINKS RIBBONS ,3.2,9.37,40.92,63.3,Medium
85049D,BRIGHT BLUES RIBBONS ,1.44,4.47,19.52,29.57,Medium
85049E,SCANDINAVIAN REDS RIBBONS,7.33,15.07,65.81,117.11,Medium
85049F,BABY BOOM RIBBONS ,1.0,2.98,13.02,20.02,Low
85049G,CHOCOLATE BOX RIBBONS ,4.21,12.99,56.72,86.16,Medium
85049H,URBAN BLACK RIBBONS ,1.2,3.72,16.24,24.61,Low
85053,FRENCH ENAMEL CANDLEHOLDER,4.12,9.43,41.18,70.02,Medium
85054,FRENCH ENAMEL POT W LID,1.47,4.71,20.57,30.84,Medium
85055,FRENCH ENAMEL UTENSIL HOLDER,0.1,1.12,4.9,5.59,Low
85059,FRENCH ENAMEL WATER BASIN,0.78,2.31,10.08,15.5,Low
85061W,WHITE JEWELLED HEART DECORATION,5.26,18.15,79.23,116.06,Medium
85062,PEARL CRYSTAL PUMPKIN T-LIGHT HLDR,3.66,8.36,36.48,62.08,Medium
85064,CREAM SWEETHEART LETTER RACK,0.55,8.61,37.58,41.42,Medium
85066,CREAM SWEETHEART MINI CHEST,4.53,12.36,53.94,85.68,Medium
85067,CREAM SWEETHEART WALL CABINET,0.02,0.27,1.17,1.3,Low
85071A,BLUE CHARLIE+LOLA PERSONAL DOORSIGN,2.61,8.91,38.91,57.18,Medium
85071B,RED CHARLIE+LOLA PERSONAL DOORSIGN,3.33,12.48,54.47,77.77,Medium
85071C,"CHARLIE+LOLA""EXTREMELY BUSY"" SIGN",1.62,7.04,30.73,42.09,Medium
85071D,CHARLIE+LOLA MY ROOM DOOR SIGN,0.97,3.91,17.06,23.84,Low
85078,SCANDINAVIAN 3 HEARTS NAPKIN RING,4.67,19.34,84.44,117.12,Medium
85084,HOLLY TOP CHRISTMAS STOCKING,0.05,0.73,3.2,3.52,Low
85086A,CANDY SPOT HEART DECORATION,0.12,0.92,4.03,4.87,Low
85087,CANDY SPOT CUSHION COVER,0.11,0.87,3.81,4.56,Low
85088,CANDY SPOT HAND BAG,0.5,3.58,15.62,19.14,Low
85089,CANDY SPOT BUNNY,0.03,0.32,1.4,1.65,Low
85092,CANDY SPOT TEA COSY,0.07,1.25,5.46,5.96,Low
85093,CANDY SPOT EGG WARMER HARE,1.21,11.15,48.68,57.13,Medium
85094,CANDY SPOT EGG WARMER RABBIT,1.34,7.7,33.6,42.98,Medium
85095,THREE CANVAS LUGGAGE TAGS,0.18,1.37,5.98,7.22,Low
85096,HILDA CANDY SPOT RABBIT,0.05,0.33,1.45,1.82,Low
85099B,JUMBO BAG RED RETROSPOT,123.2,177.82,776.28,1638.71,High
85099C,JUMBO  BAG BAROQUE BLACK WHITE,34.15,60.25,263.03,502.06,High
85099F,JUMBO BAG STRAWBERRY,44.84,97.47,425.48,739.38,High
85103,SILVER T-LIGHT SETTING,0.24,3.88,16.93,18.63,Low
85104,SILVER GLASS T-LIGHT SET,0.52,7.51,32.78,36.44,Medium
85106,CUT GLASS HEXAGON T-LIGHT HOLDER,1.41,26.06,113.77,123.66,Medium
85107,CUT GLASS T-LIGHT HOLDER OCTAGON,0.64,3.85,16.81,21.32,Low
85109,PINK BOUDOIR T-LIGHT HOLDER,0.03,0.62,2.71,2.93,Low
85111,SILVER GLITTER FLOWER VOTIVE HOLDER,3.73,25.91,113.12,139.23,Medium
85114A,BLACK ENCHANTED FOREST PLACEMAT,1.56,10.06,43.91,54.86,Medium
85114B,IVORY ENCHANTED FOREST PLACEMAT,1.05,4.96,21.65,29.0,Low
85114C,RED ENCHANTED FOREST PLACEMAT,1.22,5.48,23.92,32.48,Medium
85116,BLACK CANDELABRA T-LIGHT HOLDER,1.86,11.21,48.93,61.92,Medium
85118,HEART T-LIGHT HOLDER,0.38,4.29,18.72,21.38,Low
85123A,WHITE HANGING HEART T-LIGHT HOLDER,98.3,222.77,972.51,1660.58,High
85124B,BLUE JUICY FRUIT PHOTO FRAME,0.22,1.07,4.67,6.2,Low
85124C,GREEN JUICY FRUIT PHOTO FRAME,0.22,1.34,5.84,7.41,Low
85125,SMALL ROUND CUT GLASS CANDLESTICK,0.34,2.52,11.02,13.39,Low
85127,SMALL SQUARE CUT GLASS CANDLESTICK,0.21,1.34,5.84,7.33,Low
85129B,BEADED CRYSTAL HEART GREEN SMALL,0.27,1.83,8.0,9.89,Low
85129C,BEADED CRYSTAL HEART BLUE SMALL,0.21,1.88,8.23,9.67,Low
85129D,BEADED CRYSTAL HEART PINK SMALL,0.44,2.28,9.95,13.04,Low
85130A,BEADED PEARL HEART WHITE LARGE,0.21,1.91,8.32,9.76,Low
85130B,BEADED CRYSTAL HEART GREEN LARGE,2.18,9.53,41.62,56.89,Medium
85130C,BEADED CRYSTAL HEART BLUE  LARGE,1.28,5.89,25.7,34.64,Medium
85130D,BEADED CRYSTAL HEART PINK LARGE,1.48,9.55,41.68,52.02,Medium
85131A,BEADED PEARL HEART WHITE ON STICK,1.25,8.59,37.49,46.27,Medium
85131B,BEADED CRYSTAL HEART GREEN ON STICK,0.38,2.98,13.02,15.68,Low
85131C,BEADED CRYSTAL HEART BLUE ON STICK,0.2,1.6,6.98,8.35,Low
85131D,BEADED CRYSTAL HEART PINK ON STICK,0.31,1.97,8.62,10.77,Low
85132A,CHARLIE + LOLA BISCUITS TINS,1.21,5.86,25.59,34.07,Medium
85132B,CHARLIE AND LOLA TABLE TINS,1.37,7.12,31.08,40.68,Medium
85132C,CHARLIE AND LOLA FIGURES TINS,3.75,11.71,51.13,77.41,Medium
85135A,YELLOW DRAGONFLY HELICOPTER,0.04,0.58,2.52,2.8,Low
85135B,BLUE DRAGONFLY HELICOPTER,0.13,0.55,2.38,3.26,Low
85135C,RED DRAGONFLY HELICOPTER,0.21,0.73,3.18,4.64,Low
85136A,YELLOW SHARK HELICOPTER,0.13,0.51,2.23,3.17,Low
85136B,BLUE SHARK HELICOPTER,0.01,0.07,0.32,0.36,Low
85136C,RED SHARK HELICOPTER,0.09,0.44,1.94,2.6,Low
85141,JARDIN ETCHED GLASS FRUITBOWL,0.32,1.9,8.3,10.52,Low
85144,JARDIN ETCHED GLASS BUTTER DISH,0.59,3.95,17.24,21.36,Low
85145,JARDIN ETCHED GLASS LARGE BELL JAR,0.1,0.77,3.36,4.06,Low
85146,JARDIN ETCHED GLASS SMALL BELL JAR,0.11,1.0,4.35,5.15,Low
85150,LADIES & GENTLEMEN METAL SIGN,10.42,28.88,126.05,199.01,Medium
85152,HAND OVER THE CHOCOLATE   SIGN ,21.76,52.87,230.82,383.14,High
85159A,"BLACK TEA,COFFEE,SUGAR JARS",1.21,4.4,19.22,27.67,Low
85159B,"WHITE TEA,COFFEE,SUGAR JARS",1.66,5.42,23.68,35.32,Medium
85160B,BLACK BIRD GARDEN DESIGN MUG,0.28,1.58,6.91,8.88,Low
85161,ACRYLIC GEOMETRIC LAMP,0.03,0.23,1.0,1.23,Low
85163A,WHITE BAROQUE WALL CLOCK ,0.12,0.93,4.08,4.92,Low
85163B,BLACK BAROQUE WALL CLOCK ,0.12,0.96,4.19,5.01,Low
85167B,BLACK GRAND BAROQUE PHOTO FRAME,0.13,1.61,7.05,7.94,Low
85168B,BLACK BAROQUE CARRIAGE CLOCK,0.05,0.46,2.0,2.32,Low
85169A,IVORY LOVE BIRD CANDLE,1.34,5.78,25.22,34.62,Medium
85169B,BLACK LOVE BIRD CANDLE,0.54,3.17,13.82,17.58,Low
85169C,EAU DE NIL LOVE BIRD CANDLE,0.9,7.55,32.95,39.24,Medium
85169D,PINK LOVE BIRD CANDLE,0.62,4.42,19.32,23.66,Low
85170A,SET/6 IVORY BIRD T-LIGHT CANDLES,0.0,0.05,0.23,0.24,Low
85170B,SET/6 BLACK BIRD T-LIGHT CANDLES,0.48,4.23,18.49,21.84,Low
85170C,SET/6 EAU DE NIL BIRD T-LIGHTS,0.67,4.31,18.83,23.54,Low
85170D,SET/6 PINK BIRD T-LIGHT CANDLES,0.95,4.83,21.07,27.72,Low
85172,HYACINTH BULB T-LIGHT CANDLES,3.47,16.52,72.1,96.36,Medium
85173,SET/6 FROG PRINCE T-LIGHT CANDLES,1.16,5.69,24.85,32.98,Medium
85174,S/4 CACTI CANDLES,1.32,4.71,20.55,29.77,Medium
85175,CACTI T-LIGHT CANDLES,13.86,44.63,194.85,291.9,High
85176,SEWING SUSAN 21 NEEDLE SET,1.67,5.13,22.4,34.12,Medium
85177,BASKET OF FLOWERS SEWING KIT,2.07,16.09,70.24,84.72,Medium
85178,VICTORIAN SEWING KIT,6.34,28.24,123.28,167.64,Medium
85179A,GREEN BITTY LIGHT CHAIN,0.32,2.18,9.51,11.73,Low
85179C,PINK BITTY LIGHT CHAIN,0.18,1.76,7.67,8.96,Low
85180A,RED HEARTS LIGHT CHAIN ,1.16,6.58,28.73,36.86,Medium
85180B,PINK HEARTS LIGHT CHAIN ,0.52,4.3,18.78,22.45,Low
85183A,CHARLIE & LOLA WASTEPAPER BIN BLUE,1.76,6.02,26.27,38.56,Medium
85183B,CHARLIE & LOLA WASTEPAPER BIN FLORA,2.61,7.64,33.34,51.62,Medium
85184C,S/4 VALENTINE DECOUPAGE HEART BOX,4.06,17.88,78.07,106.5,Medium
85185B,PINK HORSE SOCK PUPPET,0.75,2.63,11.49,16.77,Low
85185D,FROG SOCK PUPPET,0.04,0.37,1.6,1.89,Low
85186A,EASTER BUNNY GARLAND OF FLOWERS,1.28,6.7,29.27,38.19,Medium
85186C,BUNNY EGG GARLAND,1.1,5.62,24.52,32.25,Medium
85187,S/12 MINI RABBIT EASTER,0.87,4.32,18.87,24.93,Low
85188A,GREEN METAL SWINGING BUNNY,0.81,3.84,16.78,22.43,Low
85188B,PINK METAL SWINGING BUNNY,0.2,1.76,7.69,9.09,Low
85189,HANGING BUTTERFLY  EGG,0.02,0.27,1.17,1.34,Low
85194L,HANGING SPRING FLOWER EGG LARGE,2.41,10.51,45.89,62.73,Medium
85194S,HANGING SPRING FLOWER EGG SMALL,3.11,11.09,48.39,70.16,Medium
85195,HANGING HEART BASKET,0.03,0.43,1.87,2.08,Low
85197,SET OF 12 MINI BUNNIES IN A BUCKET,0.09,0.46,2.01,2.61,Low
85198,ASSORTED FARMYARD ANIMALS IN BUCKET,0.23,1.89,8.24,9.85,Low
85199L,LARGE HANGING IVORY & RED WOOD BIRD,2.47,8.38,36.56,53.88,Medium
85199S,SMALL HANGING IVORY/RED WOOD BIRD,5.95,17.85,77.91,119.59,Medium
85200,BUNNY EGG BOX,0.49,2.5,10.9,14.33,Low
85202,HANGING WOOD AND FELT HEART,0.79,3.34,14.57,20.11,Low
85203,HANGING WOOD AND FELT BUTTERFLY ,1.52,6.94,30.28,40.93,Medium
85204,HANGING WOOD AND FELT FLOWER,5.0,31.56,137.77,172.79,Medium
85205B,PINK FELT EASTER RABBIT GARLAND,0.31,1.69,7.37,9.54,Low
85206A,CREAM FELT EASTER EGG BASKET,2.44,11.25,49.09,66.2,Medium
85206B,PINK FELT EASTER EGG BASKET,0.04,0.46,1.99,2.25,Low
85208,SET/12 FUNKY FELT FLOWER PEG IN BAG,0.43,5.08,22.18,25.18,Low
85211,S/4 GROOVY CAT MAGNETS,0.38,2.58,11.25,13.91,Low
85212,MINI PAINTED GARDEN DECORATION ,6.49,31.15,135.96,181.39,Medium
85213,MINI  ZINC GARDEN DECORATIONS ,2.16,25.18,109.94,125.09,Medium
85214,TUB 24 PINK FLOWER PEGS,0.28,1.26,5.52,7.45,Low
85215,ASSORTED CHEESE FRIDGE MAGNETS,0.44,4.32,18.84,21.89,Low
85216,ASSORTED CAKES FRIDGE MAGNETS,0.15,1.11,4.85,5.88,Low
85224,ASSORTED COLOUR SILK GLASSES CASE,0.01,0.16,0.68,0.73,Low
85225,BLING KEY RING STAND,0.02,0.22,0.96,1.07,Low
85227,SET OF 6 3D KIT CARDS FOR KIDS,3.51,11.51,50.26,74.8,Medium
85230A,OPIUM SCENTED VOTIVE CANDLE,2.25,13.02,56.83,72.55,Medium
85230B,CINNAMON SCENTED VOTIVE CANDLE,3.38,14.11,61.58,85.24,Medium
85230E,STRAWBRY SCENTED VOTIVE CANDLE,2.94,15.02,65.58,86.19,Medium
85230F,JASMINE VOTIVE CANDLE,0.9,5.48,23.94,30.27,Medium
85230G,ORANGE VOTIVE CANDLE,2.76,14.6,63.74,83.06,Medium
85231B,CINAMMON SET OF 9 T-LIGHTS,2.13,6.89,30.06,45.0,Medium
85231G,ORANGE SCENTED SET/9 T-LIGHTS,1.53,6.4,27.93,38.65,Medium
85232A,SET/3 POLKADOT STACKING TINS,0.2,1.38,6.01,7.4,Low
85232B,SET OF 3 BABUSHKA STACKING TINS,0.71,12.42,54.22,59.22,Medium
85232D,SET/3 DECOUPAGE STACKING TINS,0.47,2.03,8.86,12.12,Low
90000A,RASPBERRY ANT COPPER FLOWER NECKLAC,0.03,0.25,1.08,1.28,Low
90000B,MIDNIGHT BLUE COPPER FLOWER NECKLAC,0.01,0.12,0.5,0.56,Low
90000D,COPPER/OLIVE GREEN FLOWER NECKLACE,0.02,0.16,0.71,0.82,Low
90001A,ANTIQUE RASPBERRY FLOWER EARRINGS,0.01,0.1,0.45,0.49,Low
90001B,ANTIQUE MID BLUE FLOWER EARRINGS,0.01,0.15,0.64,0.71,Low
90001C,ANTIQUE OPAL WHITE FLOWER EARRINGS,0.01,0.07,0.32,0.36,Low
90001D,ANTIQUE OLIVE GREEN FLOWER EARRINGS,0.01,0.15,0.68,0.77,Low
90002D,FLOWER BURST SILVER RING CRYSTAL,0.03,0.25,1.1,1.29,Low
90003B,ROSE COLOUR PAIR HEART HAIR SLIDES,0.02,0.22,0.96,1.07,Low
90003C,MIDNIGHT BLUE PAIR HEART HAIR SLIDE,0.03,0.32,1.39,1.61,Low
90003D,CRYSTAL PAIR HEART HAIR SLIDES,0.05,0.39,1.71,2.05,Low
90003E,GREEN PAIR HEART HAIR SLIDES,0.02,0.29,1.28,1.42,Low
90010A,MIDNIGHT BLUE GLASS/SILVER BRACELET,0.02,0.17,0.75,0.88,Low
90010B,BLACK/WHITE GLASS/SILVER BRACELET,0.02,0.24,1.03,1.16,Low
90010E,AMBER GLASS/SILVER BRACELET,0.03,0.21,0.9,1.08,Low
90011A,MIDNIGHT BLUE CRYSTAL DROP EARRINGS,0.0,0.05,0.23,0.24,Low
90011B,BLACK CRYSTAL DROP EARRINGS,0.02,0.31,1.37,1.5,Low
90012A,MIDNIGHT BLUE DROP CRYSTAL NECKLACE,0.02,0.33,1.43,1.58,Low
90012B,BLACK DROP CRYSTAL NECKLACE,0.03,0.44,1.91,2.14,Low
90013A,MIDNIGHT BLUE VINTAGE EARRINGS,0.04,0.51,2.21,2.51,Low
90013C,GREEN VINTAGE EARRINGS ,0.03,0.31,1.37,1.57,Low
90014A,SILVER/MOP ORBIT NECKLACE,0.04,0.36,1.55,1.85,Low
90014B,GOLD M PEARL  ORBIT NECKLACE,0.03,0.19,0.84,1.02,Low
90014C,SILVER/BLACK ORBIT NECKLACE,0.01,0.13,0.55,0.63,Low
90016A,SILVER/M.O.P PENDANT ORBIT NECKLACE,0.04,0.5,2.16,2.42,Low
90016B,GOLD/M.O.P PENDANT ORBIT NECKLACE,0.02,0.17,0.74,0.91,Low
90018A,SILVER M.O.P ORBIT DROP EARRINGS,0.05,0.35,1.54,1.86,Low
90018B,GOLD M.O.P ORBIT DROP EARRINGS,0.02,0.19,0.84,0.99,Low
90018C,SILVER BLACK ORBIT DROP EARRINGS,0.02,0.18,0.78,0.89,Low
90019A,SILVER M.O.P ORBIT BRACELET,0.05,0.33,1.45,1.79,Low
90019B,GOLD M.O.P ORBIT BRACELET,0.01,0.07,0.32,0.36,Low
90019C,SILVER BLACK ORBIT BRACELET,0.01,0.13,0.55,0.63,Low
90021,LASER CUT MULTI STRAND NECKLACE,0.0,0.05,0.23,0.24,Low
90022,EDWARDIAN DROP EARRINGS JET BLACK,0.02,0.24,1.06,1.21,Low
90023,FILIGREE DIAMANTE EARRINGS,0.02,0.22,0.95,1.1,Low
90024B,NEW BAROQUE B'FLY NECKLACE RED,0.01,0.15,0.64,0.71,Low
90024C,NEW BAROQUE B'FLY NECKLACE GREEN,0.01,0.1,0.45,0.49,Low
90024D,NEW BAROQUE B'FLY NECKLACE PINK,0.0,0.05,0.23,0.24,Low
90024F,NEW BAROQUE B'FLY NECKLACE CRYSTAL,0.01,0.1,0.45,0.49,Low
90025A,BAROQUE BUTTERFLY EARRINGS BLACK,0.01,0.07,0.32,0.36,Low
90025F,BAROQUE BUTTERFLY EARRINGS CRYSTAL,0.0,0.05,0.23,0.24,Low
90026A,GLASS BEAD HOOP NECKLACE BLACK,0.01,0.1,0.45,0.49,Low
90026B,GLASS BEAD HOOP NECKLACE MONTANA,0.01,0.07,0.32,0.36,Low
90026C,GLASS BEAD HOOP NECKLACE GREEN,0.01,0.12,0.5,0.56,Low
90026D,GLASS BEAD HOOP NECKLACE AMETHYST,0.01,0.09,0.39,0.45,Low
90027A,GLASS BEAD HOOP EARRINGS BLACK,0.01,0.21,0.9,0.98,Low
90027D,GLASS BEAD HOOP EARRINGS AMETHYST,0.01,0.21,0.9,0.98,Low
90028,NEW BAROQUE LARGE NECKLACE BLK/WHIT,0.01,0.1,0.45,0.49,Low
90029,NEW BAROQUE SMALL NECKLACE BLACK,0.01,0.12,0.5,0.56,Low
90030A,SPOTTED WHITE NATURAL SEED NECKLACE,0.19,1.75,7.63,8.97,Low
90030B,RED KUKUI COCONUT SEED NECKLACE,0.3,1.85,8.08,10.18,Low
90030C,BROWN KUKUI COCONUT SEED NECKLACE,0.2,1.74,7.58,8.96,Low
90031,BILI NUT AND WOOD NECKLACE,0.13,1.38,6.04,6.94,Low
90032,IVORY SHELL HEART NECKLACE,0.05,0.53,2.33,2.68,Low
90033,IVORY SHELL HEART EARRINGS,0.01,0.1,0.45,0.49,Low
90035A,"PEARL & SHELL 42""NECKL. GREEN",0.01,0.16,0.71,0.79,Low
90035C,"PEARL & SHELL 42""NECKL. IVORY",0.01,0.1,0.45,0.49,Low
90036A,FLOWER GARLAND NECKLACE RED,0.02,0.18,0.78,0.89,Low
90036B,"FLOWER GLASS GARLAND NECKL.36""GREEN",0.01,0.16,0.71,0.79,Low
90036C,"FLOWER GLASS GARLAND NECKL.36""BLUE",0.02,0.22,0.96,1.07,Low
90036D,"FLOWER GLASS GARLAND NECKL.36""BLACK",0.03,0.3,1.33,1.54,Low
90036E,"FLOWER GLASS GARLD NECKL36""AMETHYST",0.02,0.19,0.81,0.94,Low
90036F,"FLOWER GLASS GARLD NECKL36""TURQUOIS",0.01,0.21,0.9,0.98,Low
90037B,TINY CRYSTAL BRACELET GREEN,0.02,0.31,1.35,1.47,Low
90038A,GLASS AND PAINTED BEADS BRACELET TO,0.02,0.31,1.35,1.47,Low
90038B,GLASS AND PAINTED BEADS BRACELET OL,0.02,0.31,1.35,1.47,Low
90038C,GLASS AND BEADS BRACELET IVORY,0.02,0.31,1.35,1.47,Low
90039A,FIRE POLISHED GLASS BRACELET RED,0.02,0.31,1.35,1.47,Low
90039B,FIRE POLISHED GLASS BRACELET MONTAN,0.02,0.31,1.35,1.47,Low
90039C,FIRE POLISHED GLASS BRACELET BLACK,0.0,0.05,0.23,0.24,Low
90039D,FIRE POLISHED GLASS BRACELET GREEN,0.04,0.63,2.74,3.01,Low
90040A,MURANO STYLE GLASS BRACELET RED,0.02,0.22,0.96,1.07,Low
90040B,MURANO STYLE GLASS BRACELET BLACK,0.01,0.16,0.71,0.79,Low
90040C,MURANO STYLE GLASS BRACELET GOLD,0.02,0.22,0.98,1.11,Low
90041,PEARL AND CHERRY QUARTZ BRACLET,0.01,0.1,0.45,0.49,Low
90042A,FRESHWATER PEARL BRACELET GOLD,0.01,0.12,0.5,0.56,Low
90043,COPPER AND BRASS BAG CHARM,0.01,0.16,0.71,0.79,Low
90046,WHITE WITH METAL BAG CHARM,0.01,0.16,0.68,0.73,Low
90048,GREEN WITH METAL BAG CHARM,0.01,0.16,0.68,0.73,Low
90049,IVORY GOLD METAL BAG CHARM,0.01,0.17,0.75,0.84,Low
90050,CRACKED GLAZE NECKLACE IVORY,0.02,0.22,0.96,1.07,Low
90051,CRACKED GLAZE NECKLACE RED,0.02,0.19,0.84,0.96,Low
90054,CRACKED GLAZE EARRINGS RED,0.0,0.05,0.23,0.24,Low
90055,CRACKED GLAZE EARRINGS BROWN,0.0,0.05,0.23,0.24,Low
90057,DIAMANTE RING ASSORTED IN BOX.,2.7,19.62,85.65,104.52,Medium
90058A,CRYSTAL STUD EARRINGS CLEAR DISPLAY,0.87,6.66,29.09,35.16,Medium
90058B,CRYSTAL STUD EARRINGS ASSORTED COL ,1.64,8.38,36.6,48.05,Medium
90059A,DIAMANTE HAIR GRIP PACK/2 CRYSTAL,0.02,0.31,1.35,1.47,Low
90059B,DIAMANTE HAIR GRIP PACK/2 BLACK DIA,0.02,0.33,1.44,1.61,Low
90059C,DIAMANTE HAIR GRIP PACK/2 MONTANA,0.02,0.32,1.39,1.54,Low
90059D,DIAMANTE HAIR GRIP PACK/2 PERIDOT,0.02,0.31,1.35,1.47,Low
90059E,DIAMANTE HAIR GRIP PACK/2 RUBY,0.03,0.35,1.53,1.72,Low
90059F,DIAMANTE HAIR GRIP PACK/2 LT ROSE,0.02,0.33,1.44,1.61,Low
90060B,FIRE POLISHED GLASS NECKL GOLD,0.0,0.05,0.23,0.24,Low
90060D,FIRE POLISHED GLASS NECKL BRONZE,0.01,0.09,0.39,0.45,Low
90062,CARNIVAL BRACELET,0.05,0.55,2.38,2.76,Low
90063A,WHITE VINT ART DECO CRYSTAL NECKLAC,0.03,0.22,0.98,1.18,Low
90063B,BLACK VINT ART DEC CRYSTAL NECKLACE,0.02,0.19,0.84,0.99,Low
90064A,WHITE VINTAGE CRYSTAL EARRINGS,0.02,0.24,1.03,1.16,Low
90064B,BLACK VINTAGE  CRYSTAL EARRINGS,0.03,0.27,1.17,1.37,Low
90065A,WHITE VINTAGE CRYSTAL BRACELET,0.02,0.19,0.84,0.96,Low
90065B,BLACK VINT ART DEC CRYSTAL BRACELET,0.0,0.05,0.23,0.24,Low
90067A,PINK VINTAGE VICTORIAN EARRINGS,0.03,0.35,1.53,1.72,Low
90069,RUBY GLASS CLUSTER NECKLACE,0.01,0.1,0.45,0.49,Low
90070,RUBY GLASS CLUSTER BRACELET,0.02,0.24,1.06,1.21,Low
90071,RUBY GLASS CLUSTER EARRINGS,0.0,0.05,0.23,0.24,Low
90072,RUBY DROP CHANDELIER EARRINGS,0.03,0.34,1.49,1.68,Low
90073,VINTAGE ENAMEL & CRYSTAL EARRINGS,0.03,0.38,1.64,1.88,Low
90074,BLACK DIAMOND CLUSTER NECKLACE,0.01,0.1,0.45,0.49,Low
90076,MONTANA DIAMOND CLUSTER EARRINGS,0.02,0.31,1.35,1.47,Low
90078,PINK/WHITE GLASS DEMI CHOKER,0.01,0.1,0.45,0.49,Low
90079,VINTAGE ENAMEL & CRYSTAL NECKLACE,0.01,0.21,0.93,1.02,Low
90081A,LILY BROOCH AMETHYST COLOUR,0.04,0.29,1.29,1.57,Low
90081C,LILY BROOCH OLIVE COLOUR,0.03,0.26,1.12,1.33,Low
90082A,DIAMANTE BOW BROOCH GREEN COLOUR,0.06,0.41,1.81,2.2,Low
90082B,DIAMANTE BOW BROOCH RED COLOUR,0.07,0.54,2.36,2.83,Low
90082D,DIAMANTE BOW BROOCH BLACK COLOUR,0.02,0.22,0.98,1.11,Low
90083,CRYSTAL CZECH CROSS PHONE CHARM,0.05,0.66,2.89,3.25,Low
90084,PINK CRYSTAL GUITAR PHONE CHARM,0.0,0.05,0.23,0.24,Low
90085,CRYSTAL STILETTO PHONE CHARM,0.06,0.88,3.83,4.27,Low
90086,CRYSTAL FROG PHONE CHARM,0.23,2.64,11.52,13.11,Low
90087,CRYSTAL SEA HORSE PHONE CHARM,0.24,2.84,12.4,14.09,Low
90089,PINK CRYSTAL SKULL PHONE CHARM,0.03,0.62,2.72,2.96,Low
90093,CLEAR CRYSTAL STAR PHONE CHARM,0.13,1.77,7.72,8.6,Low
90094,NECKLACE+BRACELET SET FRUIT SALAD ,0.03,0.2,0.86,1.11,Low
90096,NECKLACE+BRACELET SET BLUE BLOSSOM,0.02,0.28,1.23,1.38,Low
90098,NECKLACE+BRACELET PINK BUTTERFLY,0.07,0.76,3.34,3.86,Low
90099,NECKLACE+BRACELET SET BLUE HIBISCUS,0.05,0.35,1.55,1.92,Low
90100,NECKLACE+BRACELET SET PINK DAISY,0.0,0.05,0.23,0.24,Low
90101,WHITE FRANGIPANI NECKLACE,0.04,0.45,1.98,2.26,Low
90102,WHITE FRANGIPANI HAIR CLIP,0.03,0.52,2.26,2.44,Low
90103,PURPLE FRANGIPANI NECKLACE,0.02,0.33,1.43,1.58,Low
90104,PURPLE FRANGIPANI HAIRCLIP,0.0,0.05,0.23,0.24,Low
90108,BLUE BLOSSOM HAIR CLIP,0.17,1.64,7.17,8.37,Low
90114,SUMMER DAISIES BAG CHARM,0.18,2.32,10.14,11.38,Low
90116,FRUIT SALAD BAG CHARM,0.04,0.64,2.78,3.08,Low
90118,PINK DAISY BAG CHARM,0.02,0.31,1.35,1.47,Low
90119,METALIC LEAVES BAG CHARMS,0.16,0.96,4.19,5.29,Low
90120B,BLUE MURANO TWIST BRACELET,0.05,0.6,2.61,2.98,Low
90120C,GREEN MURANO TWIST BRACELET,0.08,0.69,3.02,3.6,Low
90120D,WHITE MURANO TWIST BRACELET,0.01,0.07,0.32,0.36,Low
90122A,PINK CRYSTAL+GLASS BRACELET,0.02,0.32,1.39,1.54,Low
90122B,JADE CRYSTAL+GLASS BRACELET,0.0,0.05,0.23,0.24,Low
90122C,TURQUOISE CRYSTAL+GLASS BRACELET,0.05,0.46,2.0,2.32,Low
90123A,PINK HEART OF GLASS BRACELET,0.04,0.3,1.31,1.57,Low
90123B,TURQUOISE HEART OF GLASS BRACELET,0.02,0.22,0.95,1.1,Low
90123C,GREEN HEART OF GLASS BRACELET,0.03,0.32,1.4,1.65,Low
90123D,WHITE HEART OF GLASS BRACELET,0.01,0.12,0.5,0.56,Low
90124A,PINK MURANO TWIST NECKLACE,0.02,0.16,0.71,0.82,Low
90124B,BLUE MURANO TWIST NECKLACE,0.01,0.13,0.55,0.63,Low
90124C,GREEN MURANO TWIST NECKLACE,0.02,0.2,0.87,1.0,Low
90125A,PINK BERTIE GLASS BEAD BAG CHARM,0.29,2.97,12.95,14.99,Low
90125B,AQUA BERTIE GLASS BEAD BAG CHARM,0.05,0.69,3.03,3.39,Low
90125C,TURQUOISE BERTIE GLASS BEAD CHARM,0.2,2.77,12.1,13.47,Low
90125D,PURPLE BERTIE GLASS BEAD BAG CHARM,0.2,2.63,11.48,12.86,Low
90125E,AMBER BERTIE GLASS BEAD BAG CHARM,0.0,0.05,0.23,0.24,Low
90128B,BLUE LEAVES AND BEADS PHONE CHARM,0.0,0.05,0.23,0.24,Low
90129A,PINK GLASS TASSLE BAG CHARM ,0.02,0.22,0.98,1.11,Low
90129B,TURQUOISE GLASS TASSLE BAG CHARM ,0.06,0.56,2.45,2.85,Low
90129C,GREEN GLASS TASSLE BAG CHARM,0.05,0.41,1.78,2.1,Low
90129D,AMBER GLASS TASSLE BAG CHARM,0.02,0.33,1.43,1.58,Low
90129E,PURPLE GLASS TASSLE BAG CHARM,0.02,0.31,1.35,1.47,Low
90129F,RED GLASS TASSLE BAG CHARM,0.04,0.51,2.21,2.51,Low
90130A,WHITE STONE/CRYSTAL EARRINGS,0.0,0.05,0.23,0.24,Low
90130B,TURQ STONE/CRYSTAL EARRINGS,0.02,0.33,1.44,1.61,Low
90131,PINK/AMETHYST/GOLD NECKLACE,0.01,0.21,0.9,0.98,Low
90133,TEAL/FUSCHIA COL BEAD NECKLACE,0.02,0.31,1.33,1.5,Low
90135,ORANGE/WHT/FUSCHIA STONES NECKLACE,0.02,0.31,1.35,1.47,Low
90136,PALE PINK/AMETHYST STONE NECKLACE,0.01,0.12,0.5,0.56,Low
90138,WHITE/PINK MINI CRYSTALS NECKLACE,0.01,0.21,0.9,0.98,Low
90141A,GREEN PENDANT TRIPLE SHELL NECKLACE,0.01,0.16,0.71,0.79,Low
90141B,IVORY PENDANT TRIPLE SHELL NECKLACE,0.02,0.22,0.96,1.07,Low
90141C,TURQ PENDANT TRIPLE SHELL NECKLACE,0.01,0.16,0.71,0.79,Low
90141D,ROSE PENDANT TRIPLE SHELL NECKLACE,0.01,0.16,0.68,0.73,Low
90141E,ORANGE PENDANT TRIPLE SHELL NECKLAC,0.01,0.16,0.68,0.73,Low
90142D,MOP PENDANT SHELL NECKLACE,0.02,0.28,1.21,1.38,Low
90143,SILVER BRACELET W PASTEL FLOWER,0.05,0.39,1.71,2.05,Low
90144,SILVER DROP EARRINGS WITH FLOWER,0.02,0.24,1.03,1.16,Low
90145,SILVER HOOP EARRINGS WITH FLOWER,0.06,0.35,1.53,1.92,Low
90146,FINE SILVER NECKLACE W PASTEL FLOWE,0.03,0.49,2.13,2.37,Low
90147,CHUNKY SILVER NECKLACE PASTEL FLOWE,0.06,0.33,1.46,1.85,Low
90148,LONG SILVER NECKLACE PASTEL FLOWER,0.02,0.17,0.75,0.88,Low
90149,SILVER FLOWR PINK SHELL NECKLACE,0.14,2.64,11.51,12.49,Low
90151,SILVER/NATURAL SHELL NECKLACE,0.02,0.24,1.06,1.21,Low
90152A,SILVER/NAT SHELL NECKLACE W PENDANT,0.01,0.09,0.39,0.45,Low
90152B,BLUE/GREEN SHELL NECKLACE W PENDANT,0.0,0.05,0.23,0.24,Low
90152C,BLUE/NAT SHELL NECKLACE W PENDANT,0.0,0.05,0.23,0.24,Low
90154,LAZER CUT NECKLACE W PASTEL BEADS,0.15,2.69,11.75,12.82,Low
90155,RESIN NECKLACE W PASTEL BEADS,0.02,0.16,0.71,0.82,Low
90156,RESIN BRACELET W PASTEL BEADS,0.01,0.12,0.5,0.56,Low
90157,RIVIERA NECKLACE,0.02,0.28,1.21,1.35,Low
90158,ST TROPEZ NECKLACE,0.04,0.34,1.49,1.75,Low
90159,COTE D'AZURE NECKLACE,0.01,0.12,0.5,0.56,Low
90160A,PURPLE BOUDICCA LARGE BRACELET,0.08,0.61,2.68,3.26,Low
90160B,RED BOUDICCA LARGE BRACELET,0.06,0.52,2.28,2.67,Low
90160C,TURQ+RED BOUDICCA LARGE BRACELET,0.11,0.72,3.15,3.92,Low
90160D,PINK BOUDICCA LARGE BRACELET,0.09,0.75,3.25,3.85,Low
90161A,ANT COPPER RED BOUDICCA BRACELET,0.02,0.21,0.93,1.09,Low
90161B,ANT COPPER TURQ BOUDICCA BRACELET,0.12,0.8,3.51,4.36,Low
90161C,ANT COPPER LIME BOUDICCA BRACELET,0.12,0.78,3.41,4.25,Low
90161D,ANT COPPER PINK BOUDICCA BRACELET,0.08,0.62,2.7,3.28,Low
90162A,ANT SILVER TURQUOISE BOUDICCA RING,0.02,0.31,1.35,1.47,Low
90162B,ANT SILVER LIME GREEN BOUDICCA RING,0.07,0.54,2.34,2.84,Low
90162C,ANT SILVER FUSCHIA BOUDICCA RING,0.04,0.29,1.27,1.53,Low
90162D,ANT SILVER PURPLE BOUDICCA RING,0.03,0.25,1.1,1.29,Low
90163A,PINK ROSEBUD & PEARL NECKLACE,0.01,0.15,0.64,0.71,Low
90163B,WHITE ROSEBUD & PEARL NECKLACE,0.01,0.1,0.45,0.49,Low
90164A,PINK ROSEBUD PEARL BRACELET,0.05,0.47,2.07,2.43,Low
90164B,WHITE  ROSEBUD PEARL BRACELET,0.07,0.63,2.75,3.27,Low
90165B,WHITE ROSEBUD  PEARL EARRINGS,0.0,0.05,0.23,0.24,Low
90166,PINK & WHITE ROSEBUD RING,0.04,0.28,1.23,1.49,Low
90167,BEADED LOVE HEART JEWELLERY SET,0.03,0.52,2.26,2.44,Low
90168,2 DAISIES HAIR COMB,0.02,0.31,1.35,1.47,Low
90169,DAISY HAIR COMB,0.02,0.31,1.35,1.47,Low
90170,DAISY HAIR BAND,0.12,1.13,4.91,5.77,Low
90173,PAIR BUTTERFLY HAIR CLIPS,0.04,0.51,2.21,2.51,Low
90174,BUTTERFLY HAIR BAND,0.04,0.47,2.04,2.34,Low
90175A,WHITE GLASS CHUNKY CHARM BRACELET,0.02,0.21,0.93,1.09,Low
90175C,BLUE GLASS CHUNKY CHARM BRACELET,0.02,0.2,0.87,1.04,Low
90175D,TIGRIS EYE CHUNKY CHARM BRACELET,0.01,0.12,0.5,0.56,Low
90176A,CLASSIC DIAMANTE NECKLACE JET,0.01,0.1,0.45,0.49,Low
90176B,DIAMANTE NECKLACE BLACK ,0.01,0.1,0.45,0.49,Low
90176C,DIAMANTE NECKLACE,0.01,0.1,0.45,0.49,Low
90176D,DIAMANTE NECKLACE PURPLE,0.02,0.19,0.81,0.94,Low
90176E,DIAMANTE NECKLACE GREEN,0.01,0.12,0.5,0.56,Low
90177A,CLASSIC DIAMANTE EARRINGS JET,0.02,0.31,1.35,1.47,Low
90177B,DROP DIAMANTE EARRINGS BLACK DIAMON,0.02,0.31,1.37,1.5,Low
90177C,DROP DIAMANTE EARRINGS CRYSTAL,0.03,0.44,1.93,2.17,Low
90177D,DROP DIAMANTE EARRINGS PURPLE,0.05,0.49,2.15,2.47,Low
90177E,DROP DIAMANTE EARRINGS GREEN,0.02,0.31,1.35,1.47,Low
90178A,AMBER CHUNKY GLASS+BEAD NECKLACE,0.02,0.13,0.55,0.66,Low
90178B,PURPLE CHUNKY GLASS+BEAD NECKLACE,0.0,0.05,0.23,0.24,Low
90179A,AMBER FINE BEAD NECKLACE W TASSEL,0.01,0.12,0.5,0.56,Low
90179C,BLACK FINE BEAD NECKLACE W TASSEL,0.0,0.05,0.23,0.24,Low
90180A,BLACK+WHITE NECKLACE W TASSEL,0.03,0.38,1.67,1.91,Low
90180B,PURPLE AMETHYST NECKLACE W TASSEL,0.01,0.09,0.39,0.45,Low
90181A,AMBER GLASS/SHELL/PEARL NECKLACE,0.0,0.05,0.23,0.24,Low
90182C,BLACK 3 BEAD DROP EARRINGS,0.02,0.31,1.35,1.47,Low
90183A,AMBER DROP EARRINGS W LONG BEADS,0.05,0.54,2.36,2.73,Low
90183C,BLACK DROP EARRINGS W LONG BEADS,0.0,0.05,0.23,0.24,Low
90184A,AMBER CHUNKY BEAD BRACELET W STRAP,0.02,0.28,1.23,1.38,Low
90184B,AMETHYST CHUNKY BEAD BRACELET W STR,0.06,0.39,1.72,2.11,Low
90184C,BLACK CHUNKY BEAD BRACELET W STRAP,0.03,0.26,1.12,1.33,Low
90185A,AMBER DIAMANTE EXPANDABLE RING,0.06,0.56,2.44,2.85,Low
90185B,AMETHYST DIAMANTE EXPANDABLE RING,0.03,0.44,1.93,2.17,Low
90185C,BLACK DIAMANTE EXPANDABLE RING,0.06,0.55,2.39,2.78,Low
90185D,CRYSTAL DIAMANTE EXPANDABLE RING,0.09,0.66,2.89,3.49,Low
90186A,AMETHYST HOOP EARRING FLORAL LEAF,0.01,0.13,0.55,0.63,Low
90186B,CRYSTAL HOOP EARRING FLORAL LEAF,0.03,0.34,1.49,1.72,Low
90187B,GREEN DROP EARRINGS W BEAD CLUSTER,0.01,0.21,0.9,0.98,Low
90188,DROP EARRINGS W FLOWER & LEAF,0.01,0.07,0.32,0.36,Low
90189A,SILVER 2 STRAND NECKLACE-LEAF CHARM,0.01,0.07,0.32,0.36,Low
90190A,SILVER/CRYSTAL DROP EARRINGS W LEAF,0.02,0.31,1.35,1.47,Low
90190B,GOLD/AMBER DROP EARRINGS W LEAF,0.02,0.31,1.35,1.47,Low
90190C,SILVER/AMETHYST DROP EARRINGS LEAF,0.01,0.14,0.6,0.69,Low
90191,SILVER LARIAT 40CM,0.06,0.52,2.29,2.7,Low
90192,JADE DROP EARRINGS W FILIGREE,0.06,0.45,1.97,2.4,Low
90194,SILVER LARIAT BLACK STONE EARRINGS,0.03,0.27,1.19,1.41,Low
90195A,PURPLE GEMSTONE BRACELET,0.04,0.4,1.74,2.04,Low
90195B,BLACK GEMSTONE BRACELET,0.01,0.09,0.39,0.45,Low
90196A,PURPLE GEMSTONE NECKLACE 45CM,0.02,0.23,1.01,1.16,Low
90196B,BLACK GEMSTONE NECKLACE 45CM,0.01,0.1,0.45,0.52,Low
90197B,BLACK GLASS BRACELET W HEART CHARMS,0.01,0.16,0.68,0.73,Low
90198A,VINTAGE ROSE BEAD BRACELET RASPBERR,0.09,0.7,3.04,3.68,Low
90198B,VINTAGE ROSE BEAD BRACELET BLACK,0.08,0.63,2.76,3.33,Low
90199A,5 STRAND GLASS NECKLACE BLACK,0.02,0.25,1.1,1.25,Low
90199B,5 STRAND GLASS NECKLACE AMETHYST,0.01,0.1,0.45,0.49,Low
90199C,5 STRAND GLASS NECKLACE CRYSTAL,0.04,0.38,1.65,1.95,Low
90199D,5 STRAND GLASS NECKLACE AMBER,0.01,0.07,0.32,0.36,Low
90200A,PURPLE SWEETHEART BRACELET,0.11,0.75,3.28,4.05,Low
90200B,BLACK SWEETHEART BRACELET,0.18,0.83,3.61,4.86,Low
90200C,BLUE SWEETHEART BRACELET,0.05,0.52,2.25,2.62,Low
90200D,PINK SWEETHEART BRACELET,0.26,1.6,6.99,8.82,Low
90200E,GREEN SWEETHEART BRACELET,0.2,1.44,6.29,7.71,Low
90201A,PURPLE ENAMEL FLOWER RING,0.13,1.1,4.79,5.67,Low
90201B,BLACK ENAMEL FLOWER RING,0.17,1.24,5.42,6.62,Low
90201C,RED ENAMEL FLOWER RING,0.14,0.99,4.31,5.28,Low
90201D,GREEN ENAMEL FLOWER RING,0.12,1.1,4.8,5.66,Low
90202A,PURPLE ENAMEL FLOWER HAIR TIE,0.02,0.31,1.35,1.47,Low
90202B,WHITE ENAMEL FLOWER HAIR TIE,0.02,0.31,1.37,1.5,Low
90202C,GREEN ENAMEL FLOWER HAIR TIE,0.02,0.31,1.37,1.5,Low
90202D,PINK ENAMEL FLOWER HAIR TIE,0.03,0.44,1.91,2.14,Low
90204,PAIR OF ENAMEL BUTTERFLY HAIRCLIP,0.05,0.37,1.63,1.95,Low
90205A,LARGE MINT DIAMANTE HAIRSLIDE,0.04,0.38,1.65,1.95,Low
90205C,LARGE CRYSTAL DIAMANTE HAIRSLIDE,0.02,0.22,0.96,1.07,Low
90206A,GOLD DIAMANTE STAR BROOCH,0.02,0.19,0.84,0.96,Low
90206C,CRYSTAL DIAMANTE STAR BROOCH,0.03,0.26,1.14,1.37,Low
90208,PAIR OF PINK FLOWER CLUSTER SLIDE,0.03,0.33,1.46,1.65,Low
90209A,PURPLE ENAMEL+GLASS HAIR COMB,0.22,2.8,12.21,13.78,Low
90209B,GREEN ENAMEL+GLASS HAIR COMB,0.28,3.12,13.63,15.57,Low
90209C,PINK ENAMEL+GLASS HAIR COMB,0.62,7.33,32.01,36.34,Medium
90210A,GREY ACRYLIC FACETED BANGLE,0.07,1.25,5.44,5.92,Low
90210B,CLEAR ACRYLIC FACETED BANGLE,0.11,1.01,4.39,5.14,Low
90210C,RED   ACRYLIC FACETED BANGLE,0.25,3.24,14.16,15.92,Low
90210D,PURPLE ACRYLIC FACETED BANGLE,0.28,3.3,14.4,16.35,Low
90211A,DIAMOND LAS VEGAS NECKLACE 45CM,0.01,0.15,0.68,0.77,Low
90211B,JET BLACK LAS VEGAS NECKLACE 45CM,0.01,0.15,0.64,0.71,Low
90212B,JET BLACK LAS VEGAS BRACELET ROUND,0.01,0.16,0.68,0.73,Low
90212C,PURPLE LAS VEGAS BRACELET ROUND,0.02,0.22,0.96,1.07,Low
90214A,"LETTER ""A"" BLING KEY RING",0.17,1.24,5.43,6.61,Low
90214B,"LETTER ""B"" BLING KEY RING",0.03,0.62,2.72,2.96,Low
90214C,"LETTER ""C"" BLING KEY RING",0.14,1.19,5.18,6.15,Low
90214D,"LETTER ""D"" BLING KEY RING",0.1,0.98,4.28,5.01,Low
90214E,"LETTER ""E"" BLING KEY RING",0.11,1.02,4.44,5.21,Low
90214F,"LETTER ""F"" BLING KEY RING",0.03,0.62,2.72,2.96,Low
90214G,"LETTER ""G"" BLING KEY RING",0.09,1.28,5.6,6.23,Low
90214H,"LETTER ""H"" BLING KEY RING",0.06,0.7,3.06,3.47,Low
90214I,"LETTER ""I"" BLING KEY RING",0.07,0.88,3.83,4.3,Low
90214J,"LETTER ""J"" BLING KEY RING",0.06,0.71,3.1,3.53,Low
90214K,"LETTER ""K"" BLING KEY RING",0.13,1.03,4.5,5.38,Low
90214L,"LETTER ""L"" BLING KEY RING",0.14,1.52,6.64,7.59,Low
90214M,"LETTER ""M"" BLING KEY RING",0.07,0.78,3.42,3.93,Low
90214N,"LETTER ""N"" BLING KEY RING",0.05,0.64,2.8,3.13,Low
90214O,"LETTER ""O"" BLING KEY RING",0.03,0.62,2.71,2.93,Low
90214P,"LETTER ""P"" BLING KEY RING",0.07,0.92,4.0,4.53,Low
90214R,"LETTER ""R"" BLING KEY RING",0.04,0.63,2.73,3.02,Low
90214S,"LETTER ""S"" BLING KEY RING",0.11,1.11,4.84,5.58,Low
90214T,"LETTER ""T"" BLING KEY RING",0.03,0.62,2.71,2.93,Low
90214U,"LETTER ""U"" BLING KEY RING",0.03,0.62,2.71,2.93,Low
90214V,"LETTER ""V"" BLING KEY RING",0.04,0.62,2.73,2.99,Low
90214W,"LETTER ""W"" BLING KEY RING",0.03,0.62,2.71,2.93,Low
90214Y,"LETTER ""Y"" BLING KEY RING",0.16,2.56,11.16,12.3,Low
90214Z,"LETTER ""Z"" BLING KEY RING",0.03,0.62,2.71,2.93,Low
BANK CHARGES,Bank Charges,0.03,0.19,0.83,1.06,Low
C2,CARRIAGE,0.36,0.66,2.89,5.4,Low
DOT,DOTCOM POSTAGE,0.04,0.2,0.88,1.18,Low
M,Manual,18.54,126.66,552.94,682.7,High
PADS,PADS TO MATCH ALL CUSHIONS,0.01,0.09,0.39,0.45,Low
POST,POSTAGE,8.34,8.6,37.52,95.92,Medium
